[2026-06-07 16:33:32] Playback/Inference finished
[2026-06-07 16:33:32] [LiveCC] [00:02.67-00:04.00] The player 3D model is not ...
[2026-06-07 16:33:32] Playback/Inference finished
[2026-06-07 16:33:33] Starting inference (Style: 標準播報型, TTS: gemini)
[2026-06-07 16:33:33] 開始推論 (Style: 標準播報型, TTS: gemini)
[2026-06-07 16:33:37] [LiveCC] [00:02.67-00:04.00] The player 3D model is ...
[2026-06-07 16:33:39] [LiveCC] [00:04.00-00:05.33] The player 1, ...
[2026-06-07 16:33:41] [LiveCC] [00:06.67-00:08.00] The player 4 ...
[2026-06-07 16:33:44] [LiveCC] [00:09.33-00:10.67] The player 3 ...
[2026-06-07 16:33:46] [LiveCC] [00:10.67-00:12.00] The player 5 ...
[2026-06-07 16:33:47] [LiveCC] [00:12.00-00:13.33] The player 6 ...
[2026-06-07 16:33:48] [LiveCC] [00:13.33-00:14.67] The player 8 ...
[2026-06-07 16:33:49] [LiveCC] [00:14.67-00:16.00] The player 9 ...
[2026-06-07 16:33:51] [LiveCC] [00:16.00-00:17.33] The player 10 ...
[2026-06-07 16:33:52] [LiveCC] [00:17.33-00:18.67] The player 2 ...
[2026-06-07 16:33:53] [LiveCC] [00:18.67-00:20.00] The player 3 ...
[2026-06-07 16:33:55] [LiveCC] [00:20.00-00:21.33] The player 4 ...
[2026-06-07 16:33:56] [LiveCC] [00:21.33-00:22.67] The player 5 ...
[2026-06-07 16:33:57] [LiveCC] [00:22.67-00:24.00] The player 6 ...
[2026-06-07 16:33:59] [LiveCC] [00:24.00-00:25.50] The player 7 ...
[2026-06-07 16:34:00] [LiveCC] [00:25.50-00:26.83] The player 10 ...
[2026-06-07 16:34:02] [LiveCC] [00:26.83-00:28.17] The player 9 ...
[2026-06-07 16:34:03] [LiveCC] [00:28.17-00:29.50] The player 8 ...
[2026-06-07 16:34:04] [LiveCC] [00:29.50-00:30.83] The player 7 ...
[2026-06-07 16:34:06] [LiveCC] [00:30.83-00:32.17] The player 6 ...
[2026-06-07 16:34:07] [LiveCC] [00:32.17-00:33.50] The player 5 ...
[2026-06-07 16:34:08] [LiveCC] [00:33.50-00:34.83] The player 4 ...
[2026-06-07 16:34:09] [LiveCC] [00:34.83-00:36.17] The player 1 ...
[2026-06-07 16:34:11] [LiveCC] [00:36.17-00:37.50] The player 2 ...
[2026-06-07 16:34:12] [LiveCC] [00:37.50-00:38.83] The player 3 ...
[2026-06-07 16:34:13] [LiveCC] [00:38.83-00:40.17] The player 6 ...
[2026-06-07 16:34:15] [LiveCC] [00:40.17-00:41.50] The player 7 ...
[2026-06-07 16:34:16] [LiveCC] [00:41.50-00:42.83] The player 9 ...
[2026-06-07 16:34:18] [LiveCC] [00:42.83-00:44.17] The player 10 ...
[2026-06-07 16:34:19] [LiveCC] [00:44.17-00:45.50] The player 8 ...
[2026-06-07 16:34:20] [LiveCC] [00:45.50-00:46.83] The player 9 ...
[2026-06-07 16:34:22] [LiveCC] [00:46.83-00:48.17] The player 7 ...
[2026-06-07 16:34:23] [LiveCC] [00:48.17-00:49.50] The player 6 ...
[2026-06-07 16:34:24] [LiveCC] [00:49.50-00:50.83] The player 5 ...
[2026-06-07 16:34:26] [LiveCC] [00:50.83-00:52.17] The player 4 ...
[2026-06-07 16:34:27] [LiveCC] [00:52.17-00:53.67] The player 3 ...
[2026-06-07 16:34:28] 停止推論
[2026-06-07 16:34:28] 錄音已儲存: logs/recordings/file_20260607_163333.wav
[2026-06-07 16:34:28] Playback/Inference finished
[2026-06-07 16:34:28] Playback/Inference finished
[2026-06-07 16:34:29] Starting inference (Style: 標準播報型, TTS: gemini)
[2026-06-07 16:34:29] 開始推論 (Style: 標準播報型, TTS: gemini)
[2026-06-07 16:34:32] [LiveCC] [00:01.33-00:02.67] The player  takes another ...
[2026-06-07 16:34:36] [LiveCC] [00:05.33-00:06.67] The player 1 is shooting the basketball into ...
[2026-06-07 16:34:37] [LiveCC] [00:06.67-00:08.00] The player 2's hoop, which ...
[2026-06-07 16:34:38] [LiveCC] [00:08.00-00:09.33] The player 3 ...
[2026-06-07 16:34:40] [LiveCC] [00:09.33-00:10.67] The player 4 is trying to ...
[2026-06-07 16:34:41] [LiveCC] [00:10.67-00:12.00] The player 5 ...
[2026-06-07 16:34:42] [LiveCC] [00:12.00-00:13.33] The player 6 ...
[2026-06-07 16:34:44] [LiveCC] [00:13.33-00:14.67] The player 7 ...
[2026-06-07 16:34:45] [LiveCC] [00:14.67-00:16.00] The player 8 ...
[2026-06-07 16:34:46] [LiveCC] [00:16.00-00:17.33] The player 9 ...
[2026-06-07 16:34:48] [LiveCC] [00:17.33-00:18.67] The player 10 ...
[2026-06-07 16:34:49] [LiveCC] [00:18.67-00:20.00] The player 5 ...
[2026-06-07 16:34:50] [LiveCC] [00:20.00-00:21.33] The player 4 ...
[2026-06-07 16:34:52] [LiveCC] [00:21.33-00:22.67] The player 3 ...
[2026-06-07 16:34:53] [LiveCC] [00:22.67-00:24.00] The player 2 ...
[2026-06-07 16:34:54] [LiveCC] [00:24.00-00:25.33] The player 1 ...
[2026-06-07 16:34:55] 停止推論
[2026-06-07 16:34:55] 錄音已儲存: logs/recordings/file_20260607_163429.wav
[2026-06-07 16:34:55] Playback/Inference finished
[2026-06-07 16:34:55] Playback/Inference finished
[2026-06-07 16:34:56] Starting inference (Style: 標準播報型, TTS: gemini)
[2026-06-07 16:34:56] 開始推論 (Style: 標準播報型, TTS: gemini)
[2026-06-07 16:34:57] [LiveCC] [00:00.00-00:01.33] The player  takes a shot, the ball goes up, ...
[2026-06-07 16:35:01] [LiveCC] [00:02.67-00:04.00] The player  bounces it on the ...eward ...
[2026-06-07 16:35:02] [LiveCC] [00:04.00-00:05.33] The player  shoots again, ...and ...
[2026-06-07 16:35:03] [LiveCC] [00:05.33-00:06.67] The player  makes another shot.
[2026-06-07 16:35:05] [LiveCC] [00:06.67-00:08.00] The player  continues to shoot until they have made enough shots to move up to the next level of difficulty.
[2026-06-07 16:35:06] [LiveCC] [00:08.00-00:09.33] The player  moves up to ...
[2026-06-07 16:35:09] [LiveCC] [00:10.67-00:12.00] The player  continues to shoot, and if they make more than one shot, they will be able to move on to the ...
[2026-06-07 16:35:12] [LiveCC] [00:14.67-00:16.00] The player 3D model is ...
[2026-06-07 16:35:14] [LiveCC] [00:16.00-00:17.33] The player 2D ...
[2026-06-07 16:35:15] [LiveCC] [00:17.33-00:18.67] The player 1D ... or ...
[2026-06-07 16:35:17] [LiveCC] [00:18.67-00:20.00] The player 0D ... ...
[2026-06-07 16:35:18] [LiveCC] [00:20.00-00:21.33] The player 2D ...
[2026-06-07 16:35:20] [LiveCC] [00:22.67-00:24.17] The player 4D ... is ...
[2026-06-07 16:35:22] [LiveCC] [00:24.17-00:25.67] The player 5D ... The ...
[2026-06-07 16:35:24] [LiveCC] [00:25.67-00:27.00] The player 6D ...
[2026-06-07 16:35:25] [LiveCC] [00:27.00-00:28.33] The player 7D ... ...
[2026-06-07 16:35:26] [LiveCC] [00:28.33-00:29.83] The player 8D ... the ...
[2026-06-07 16:35:28] [LiveCC] [00:29.83-00:31.33] The player 9D ... and ...
[2026-06-07 16:35:28] 停止推論
[2026-06-07 16:35:28] Playback/Inference finished
[2026-06-07 16:35:28] Playback/Inference finished
[2026-06-07 17:05:20] 已載入影片：VR_Frank_basketball.mp4
[2026-06-07 17:05:22] Starting inference (Style: 標準播報型, TTS: gemini)
[2026-06-07 17:05:22] 開始推論 (Style: 標準播報型, TTS: gemini)
[2026-06-07 17:05:28] [LiveCC] [00:00.00-00:01.33] The player  shoots the ball into the basket. ...
[2026-06-07 17:05:30] [LiveCC] [00:01.33-00:02.67] The player  retrieves it from ...
[2026-06-07 17:05:31] [LiveCC] [00:02.67-00:04.00] The player  passes to himself. ... ...
[2026-06-07 17:05:37] [LiveCC] [00:09.33-00:10.67] The player 2k has ...
[2026-06-07 17:05:50] [LiveCC] [00:21.50-00:22.83] The player 90 -60 is ...
[2026-06-07 17:05:54] [LiveCC] [00:25.50-00:26.83] The player 30 -point ...
[2026-06-07 17:06:07] 停止推論
[2026-06-07 17:06:07] Playback/Inference finished
[2026-06-07 17:06:07] Playback/Inference finished
[2026-06-07 17:06:08] Starting inference (Style: 標準播報型, TTS: gemini)
[2026-06-07 17:06:08] 開始推論 (Style: 標準播報型, TTS: gemini)
[2026-06-07 17:06:17] [LiveCC] [00:06.67-00:08.00] The player 9, ... or ...
[2026-06-07 17:06:19] [LiveCC] [00:09.33-00:10.67] The player 7, ... the ...
[2026-06-07 17:06:22] [LiveCC] [00:12.00-00:13.33] The player 6, ... and ...
[2026-06-07 17:06:24] [LiveCC] [00:14.67-00:16.00] The player 4, ... are all ...
[2026-06-07 17:06:32] [LiveCC] [00:22.67-00:24.00] The player 8 and below, ...
[2026-06-07 17:06:34] [LiveCC] [00:24.00-00:25.33] The player 6 to ...
[2026-06-07 17:06:35] [LiveCC] [00:25.33-00:26.67] The player 4, ... The ...
[2026-06-07 17:06:52] 停止推論
[2026-06-07 17:06:52] Playback/Inference finished
[2026-06-07 17:06:52] Playback/Inference finished
[2026-06-07 17:06:54] Starting inference (Style: 標準播報型, TTS: gemini)
[2026-06-07 17:06:54] 開始推論 (Style: 標準播報型, TTS: gemini)
[2026-06-07 17:06:54] [LiveCC] [00:00.00-00:01.33] The player  shoots the ball. ...
[2026-06-07 17:06:56] [LiveCC] [00:01.33-00:02.67] The player  watches as ...
[2026-06-07 17:07:06] [LiveCC] [00:10.67-00:12.00] The player 5, practice ...
[2026-06-07 17:07:10] [LiveCC] [00:14.67-00:16.17] The player 80 overall, ...
[2026-06-07 17:07:14] [LiveCC] [00:18.83-00:20.17] The player 360 dunk ...
[2026-06-07 17:07:18] [LiveCC] [00:22.83-00:24.17] The player 10, practice ...
[2026-06-07 17:07:20] [LiveCC] [00:25.50-00:26.83] The player 8, ...the ...
[2026-06-07 17:07:27] [LiveCC] [00:32.17-00:33.50] The player 13 practice ...
[2026-06-07 17:07:31] [LiveCC] [00:36.33-00:37.83] The player 14 practice ...
[2026-06-07 17:07:31] 停止推論
[2026-06-07 17:07:31] Playback/Inference finished
[2026-06-07 17:07:31] Playback/Inference finished
[2026-06-07 17:08:04] 已載入影片：VR_Frank_basketball.mp4
[2026-06-07 17:08:06] Starting inference (Style: 標準播報型, TTS: gemini)
[2026-06-07 17:08:06] 開始推論 (Style: 標準播報型, TTS: gemini)
[2026-06-07 17:08:07] [LiveCC] [00:00.00-00:01.33] The player shoots the ball into the basket. The ball goes ...
[2026-06-07 17:08:08] [LiveCC] [00:01.33-00:02.67] up, then down through the ...
[2026-06-07 17:08:10] [LiveCC] [00:02.67-00:04.00] net. It bounces off ...
[2026-06-07 17:08:11] [LiveCC] [00:04.00-00:05.33] the backboard once before ...
[2026-06-07 17:08:14] [LiveCC] [00:06.67-00:08.00] falling through the hoop. ...
[2026-06-07 17:08:17] [LiveCC] [00:09.33-00:10.67] hoop without hitting anything. ...4 ...
[2026-06-07 17:08:19] [LiveCC] [00:12.00-00:13.33] There you go. Look at that. ... ...
[2026-06-07 17:08:22] [LiveCC] [00:14.67-00:16.00] That's pretty cool. ... Oh, look at that! That was nice. ... So there you have ...
[2026-06-07 17:08:33] [LiveCC] [00:25.50-00:26.83] Let's go back to the beginning and see if we can get this one again. ...
[2026-06-07 17:08:35] [LiveCC] [00:28.17-00:29.50] That was so close! ... ...
[2026-06-07 17:08:38] [LiveCC] [00:30.83-00:32.17] That felt really good. It feels like... ...
[2026-06-07 17:08:41] [LiveCC] [00:33.50-00:34.83] It's just me. ... ...
[2026-06-07 17:08:55] 停止推論
[2026-06-07 17:08:55] Playback/Inference finished
[2026-06-07 17:08:55] Playback/Inference finished
[2026-06-07 17:08:56] Starting inference (Style: 標準播報型, TTS: gemini)
[2026-06-07 17:08:56] 開始推論 (Style: 標準播報型, TTS: gemini)
[2026-06-07 17:08:59] [LiveCC] [00:01.33-00:02.67] player watches as the ball goes ...
[2026-06-07 17:09:01] [LiveCC] [00:04.00-00:05.33] bounces back from the ...
[2026-06-07 17:09:04] [LiveCC] [00:06.67-00:08.00] player then attempts another shot, ...
[2026-06-07 17:09:05] [LiveCC] [00:08.00-00:09.50] and this time it successfully ...
[2026-06-07 17:09:07] [LiveCC] [00:09.50-00:10.83] goes through the hoop without hitting ...
[2026-06-07 17:09:10] [LiveCC] [00:12.17-00:13.50] rim on that one. And then ...
[2026-06-07 17:09:23] [LiveCC] [00:25.50-00:26.83] a little bit of practice. ...
[2026-06-07 17:09:25] 停止推論
[2026-06-07 17:09:25] Playback/Inference finished
[2026-06-07 17:09:26] Playback/Inference finished
[2026-06-07 17:20:39] 已載入影片：VR_Frank_basketball.mp4
[2026-06-07 17:20:41] Starting inference (Style: 標準播報型, TTS: gemini)
[2026-06-07 17:20:41] 開始推論 (Style: 標準播報型, TTS: gemini)
[2026-06-07 17:20:42] [LiveCC] [00:00.00-00:01.33] The ball goes up to the basket. The ...
[2026-06-07 17:20:43] [LiveCC] [00:01.33-00:02.67] player catches it again. ...
[2026-06-07 17:20:45] [LiveCC] [00:02.67-00:04.00] He shoots it again, but this time ...
[2026-06-07 17:20:46] [LiveCC] [00:04.00-00:05.33] it hits the backboard and ...
[2026-06-07 17:20:47] [LiveCC] [00:05.33-00:06.67] goes in.
[2026-06-07 17:20:49] [LiveCC] [00:06.67-00:08.17] hits the rim and goes in. He ...
[2026-06-07 17:20:50] [LiveCC] [00:08.17-00:09.50] shoots another one that's off ...
[2026-06-07 17:20:52] [LiveCC] [00:09.50-00:10.83] the backboard as well. ...
[2026-06-07 17:20:53] [LiveCC] [00:10.83-00:12.17] I think I'm going to have to take it out of here and try this again because... ...
[2026-06-07 17:20:54] [LiveCC] [00:12.17-00:13.50] ...
[2026-06-07 17:20:56] [LiveCC] [00:13.50-00:14.83] Okay, let me see if I can get ...
[2026-06-07 17:20:57] [LiveCC] [00:14.83-00:16.17] I think I can make it with one hand ...
[2026-06-07 17:20:58] [LiveCC] [00:16.17-00:17.50] too, but we'll see about that in just ...
[2026-06-07 17:20:59] [LiveCC] [00:17.50-00:18.83] a second here. ...
[2026-06-07 17:21:01] [LiveCC] [00:18.83-00:20.17] So let's go to number eight and ...
[2026-06-07 17:21:02] [LiveCC] [00:20.17-00:21.50] number nine, practice. ...
[2026-06-07 17:21:04] [LiveCC] [00:21.50-00:22.83] And then we're gonna do the last one ...
[2026-06-07 17:21:05] [LiveCC] [00:22.83-00:24.17] right after this is over. ... ...
[2026-06-07 17:21:07] [LiveCC] [00:24.17-00:25.50] So yeah guys, thank you for watching. Make sure you like comment share subscribe ...
[2026-06-07 17:21:08] [LiveCC] [00:25.50-00:26.83] Practice. Okay, I'm going to do that. So we're going to go ahead and select that. ...
[2026-06-07 17:21:09] [LiveCC] [00:26.83-00:28.17] ...
[2026-06-07 17:21:10] [LiveCC] [00:28.17-00:29.50] I missed it, but that's okay because ...
[2026-06-07 17:21:12] [LiveCC] [00:29.50-00:30.83] it is practice mode. ...
[2026-06-07 17:21:13] [LiveCC] [00:30.83-00:32.17] So you get to keep on shooting ...
[2026-06-07 17:21:14] [LiveCC] [00:32.17-00:33.50] until you get the perfect ...
[2026-06-07 17:21:16] [LiveCC] [00:33.50-00:34.83] shot, which is 100%. And then when you do that, you can move around and shoot from anywhere in the
[2026-06-07 17:21:16] 停止推論
[2026-06-07 17:21:16] Playback/Inference finished
[2026-06-07 17:21:16] Playback/Inference finished
[2026-06-07 17:21:18] Starting inference (Style: 標準播報型, TTS: gemini)
[2026-06-07 17:21:18] 開始推論 (Style: 標準播報型, TTS: gemini)
[2026-06-07 17:21:19] [LiveCC] [00:00.00-00:01.33] The player shoots the ball towards the basket. The ball goes up and drops ...
[2026-06-07 17:21:21] [LiveCC] [00:01.33-00:02.67] through the net. ...
[2026-06-07 17:21:22] [LiveCC] [00:02.67-00:04.00] Then it bounces off the ...
[2026-06-07 17:21:23] [LiveCC] [00:04.00-00:05.33] rim and comes back down to ...
[2026-06-07 17:21:25] [LiveCC] [00:05.33-00:06.67] the floor. And then it goes in. So that's how you can make sure your shot is going to go through the hoop
[2026-06-07 17:21:26] [LiveCC] [00:06.67-00:08.00] basket, but not ...
[2026-06-07 17:21:27] [LiveCC] [00:08.00-00:09.33] go into the basket. ...
[2026-06-07 17:21:29] [LiveCC] [00:09.33-00:10.67] So what I'm doing here is just ...
[2026-06-07 17:21:31] [LiveCC] [00:10.67-00:12.00] I just missed it. I don't know how to get that ball back. That's what we're going to find out right
[2026-06-07 17:21:32] [LiveCC] [00:12.00-00:13.33] What do you guys think? How do you ...
[2026-06-07 17:21:33] [LiveCC] [00:13.33-00:14.67] I mean, I'm not going to lie. ...
[2026-06-07 17:21:34] [LiveCC] [00:14.67-00:16.00] That's pretty good. ... ...
[2026-06-07 17:21:36] [LiveCC] [00:16.00-00:17.33] Oh, that was too high. ... Oh, it ...
[2026-06-07 17:21:37] [LiveCC] [00:17.33-00:18.67] wasn't bad though. ... It ...
[2026-06-07 17:21:38] [LiveCC] [00:18.67-00:20.00] went in!
[2026-06-07 17:21:40] [LiveCC] [00:20.00-00:21.33] wasn't bad either. ...
[2026-06-07 17:21:41] [LiveCC] [00:21.33-00:22.67] Oh yeah, ...
[2026-06-07 17:21:42] [LiveCC] [00:22.67-00:24.00] that's the one I want to make. ... That's the ...
[2026-06-07 17:21:44] [LiveCC] [00:24.00-00:25.33] I know you guys have been waiting for this video. ...
[2026-06-07 17:21:45] [LiveCC] [00:25.33-00:26.67] And here it is! ...
[2026-06-07 17:21:46] [LiveCC] [00:26.67-00:28.00] It took me about two days of ...
[2026-06-07 17:21:47] [LiveCC] [00:28.00-00:29.33] trying and failing before I finally got ...
[2026-06-07 17:21:49] [LiveCC] [00:29.33-00:30.67] the hang of it, but...
[2026-06-07 17:21:50] [LiveCC] [00:30.67-00:32.00] it. But...
[2026-06-07 17:21:51] [LiveCC] [00:32.00-00:33.33] finally getting the hang of ...
[2026-06-07 17:21:53] [LiveCC] [00:33.33-00:34.67] this game. And now ...
[2026-06-07 17:21:54] [LiveCC] [00:34.67-00:36.00] I'm just going to go ahead and try out my new moves that I've been working on, because they're pretty good.
[2026-06-07 17:21:55] [LiveCC] [00:36.00-00:37.50] on some people ...
[2026-06-07 17:21:57] [LiveCC] [00:37.50-00:38.83] and see how well it works. ...
[2026-06-07 17:21:59] [LiveCC] [00:38.83-00:40.17] So let's get started with the first ...
[2026-06-07 17:22:00] [LiveCC] [00:40.17-00:41.50] practice drill, which is going to be a layup. ...
[2026-06-07 17:22:01] [LiveCC] [00:41.50-00:42.83] So this is just going to help you work on your ...
[2026-06-07 17:22:02] [LiveCC] [00:42.83-00:44.17] layups. You're going to have 30 ...
[2026-06-07 17:22:04] [LiveCC] [00:44.17-00:45.50] I don't know what's going on, but it's not good. ...
[2026-06-07 17:22:05] [LiveCC] [00:45.50-00:46.83] Oh my god. ... ...
[2026-06-07 17:22:06] [LiveCC] [00:46.83-00:48.17] This is terrible. ... Oh no. ... Okay, I'm gonna ...
[2026-06-07 17:22:08] [LiveCC] [00:48.17-00:49.50] I think I'm going to have to go back and ...
[2026-06-07 17:22:09] [LiveCC] [00:49.50-00:50.83] redo this one because that was ...
[2026-06-07 17:22:10] [LiveCC] [00:50.83-00:52.17] really bad. ...
[2026-06-07 17:22:12] [LiveCC] [00:52.17-00:53.50] Alright, let's try it again. ... ...
[2026-06-07 17:22:13] [LiveCC] [00:53.50-00:54.83] I'm going to be practicing my layups today because I'm not very good at them. So... ...
[2026-06-07 17:22:14] [LiveCC] [00:54.83-00:56.17] Oh! ...
[2026-06-07 17:22:16] [LiveCC] [00:56.17-00:57.50] Okay, that one was better than the last ...
[2026-06-07 17:22:17] [LiveCC] [00:57.50-00:58.83] one. Let's do this again. Oh! ... Okay, ...
[2026-06-07 17:22:19] [LiveCC] [00:58.83-01:00.17] one. All right, here we go. Let's see if I can get this to work. ...
[2026-06-07 17:22:20] [LiveCC] [01:00.17-01:01.50] Alright, there you have it. You guys got to watch out for ...
[2026-06-07 17:22:21] [LiveCC] [01:01.50-01:02.83] I can't believe I missed that ...
[2026-06-07 17:22:22] [LiveCC] [01:02.83-01:04.17] shot. ...
[2026-06-07 17:22:24] [LiveCC] [01:04.17-01:05.50] Oh, my goodness. ...I'm going to do it again. ... ...
[2026-06-07 17:22:25] [LiveCC] [01:05.50-01:06.83] I don't know if you can see that, but I'm shooting it ...
[2026-06-07 17:22:26] [LiveCC] [01:06.83-01:08.17] from the top of the key and then ...
[2026-06-07 17:22:28] [LiveCC] [01:08.17-01:09.50] shooting from way over there. ...
[2026-06-07 17:22:29] [LiveCC] [01:09.50-01:10.83] And as you can tell, ...
[2026-06-07 17:22:31] [LiveCC] [01:10.83-01:12.17] I don't know what I'm doing, but that's okay because it still went in.
[2026-06-07 17:22:32] [LiveCC] [01:12.17-01:13.50] And look at this one. This is me trying to get ...
[2026-06-07 17:22:33] [LiveCC] [01:13.50-01:14.83] I think that's the best one you can do ...
[2026-06-07 17:22:34] [LiveCC] [01:14.83-01:16.17] with this game, guys. ...
[2026-06-07 17:22:36] [LiveCC] [01:16.17-01:17.50] It was pretty fun to play with ...
[2026-06-07 17:22:37] [LiveCC] [01:17.50-01:18.83] the VR headset on. It ...
[2026-06-07 17:22:39] [LiveCC] [01:18.83-01:20.17] was pretty fun, but I think it's time for me to go home now. So I'm going to leave you guys and
[2026-06-07 17:22:40] [LiveCC] [01:20.17-01:21.50] now. So, uh...
[2026-06-07 17:22:41] [LiveCC] [01:21.50-01:22.83] I guess I'll see yall later. ...
[2026-06-07 17:22:43] [LiveCC] [01:22.83-01:24.17] And if you enjoyed this video, please make sure to drop a like and subscribe. And also turn on post notifications by clicking that
[2026-06-07 17:22:44] [LiveCC] [01:24.17-01:25.50] was like this whole basketball court is made out of clay and then you have to jump over it. You know what I mean?
[2026-06-07 17:22:45] [LiveCC] [01:25.50-01:26.83] I think I'm going to get the dunk on this one ...
[2026-06-07 17:22:46] [LiveCC] [01:26.83-01:28.17] and then go back and do it again, but ...
[2026-06-07 17:22:48] [LiveCC] [01:28.17-01:29.50] this is pretty cool because you can just throw ...
[2026-06-07 17:22:49] [LiveCC] [01:29.50-01:30.83] the ball up there and catch ...
[2026-06-07 17:22:50] [LiveCC] [01:30.83-01:32.17] you know what I mean? And just keep doing that until you get ...
[2026-06-07 17:22:52] [LiveCC] [01:32.17-01:33.50] it right. So once you ...
[2026-06-07 17:22:53] [LiveCC] [01:33.50-01:34.83] get it right, then ...
[2026-06-07 17:22:54] [LiveCC] [01:34.83-01:36.17] go to practice mode. ...
[2026-06-07 17:22:56] [LiveCC] [01:36.17-01:37.50] I got it! I did it! That was my first time ever getting that shot in this game and now we're going to
[2026-06-07 17:22:57] [LiveCC] [01:37.50-01:38.83] and now i'm gonna do the same thing with another one ...
[2026-06-07 17:22:58] [LiveCC] [01:38.83-01:40.17] oh yeah oh yeah ...
[2026-06-07 17:23:00] [LiveCC] [01:40.17-01:41.67] i'm feeling good about myself ...
[2026-06-07 17:23:01] [LiveCC] [01:41.67-01:43.00] oh my gosh, that was the perfect shot! I can't believe it went in!
[2026-06-07 17:23:03] [LiveCC] [01:43.00-01:44.33] I just made two shots in a row! This is great practice!
[2026-06-07 17:23:04] [LiveCC] [01:44.33-01:45.67] Let's see if I can do this again!
[2026-06-07 17:23:05] [LiveCC] [01:45.67-01:47.00] Oh no, missed that one. But let's try another one!
[2026-06-07 17:23:07] [LiveCC] [01:47.00-01:48.33] I'm going to go back and play some basketball again.
[2026-06-07 17:23:07] Playback/Inference finished
[2026-06-07 17:23:07] 停止推論
[2026-06-07 17:23:07] 錄音已儲存: logs/recordings/file_20260607_172118.wav
[2026-06-07 17:23:07] Playback/Inference finished
[2026-06-07 17:41:52] 已載入影片：VR_Frank_basketball.mp4
[2026-06-07 17:44:37] 已載入影片：VR_Frank_basketball.mp4
[2026-06-07 17:44:38] Starting inference (Style: 標準播報型, TTS: gemini)
[2026-06-07 17:44:38] 開始推論 (Style: 標準播報型, TTS: gemini)
[2026-06-07 17:44:39] [LiveCC] [00:00.00-00:01.33] The ball goes up towards the basket. The ...
[2026-06-07 17:44:41] [LiveCC] [00:01.33-00:02.67] player catches it again. ...
[2026-06-07 17:44:42] [LiveCC] [00:02.67-00:04.00] He shoots it again, but this time he ...
[2026-06-07 17:44:43] [LiveCC] [00:04.00-00:05.33] misses. He catches it ...
[2026-06-07 17:44:45] [LiveCC] [00:05.33-00:06.67] goes in and out of the hoop, bounces off the rim, and then goes into the stands.
[2026-06-07 17:44:46] [LiveCC] [00:06.67-00:08.00] and retrieves it before going to ...
[2026-06-07 17:44:47] [LiveCC] [00:08.00-00:09.33] shoot it once more.
[2026-06-07 17:44:49] [LiveCC] [00:09.33-00:10.67] again, and this time ...
[2026-06-07 17:44:51] [LiveCC] [00:10.67-00:12.00] I'm gonna try to make the ball go through the hoop. I don't think that's going to happen because... Oh my
[2026-06-07 17:44:52] [LiveCC] [00:12.00-00:13.33] it just hit the rim. It didn't even ...
[2026-06-07 17:44:53] [LiveCC] [00:13.33-00:14.67] go in. Okay. ...
[2026-06-07 17:44:54] [LiveCC] [00:14.67-00:16.00] It went right in there. That was ...
[2026-06-07 17:44:56] [LiveCC] [00:16.00-00:17.33] easy, but I'm going to do it again just for fun. Oh my gosh! ...
[2026-06-07 17:44:57] [LiveCC] [00:17.33-00:18.67] I got this one too! ... ...
[2026-06-07 17:44:58] [LiveCC] [00:18.67-00:20.00] Oh yeah! ... Yeah! ... Yes! ... Time=1 ...
[2026-06-07 17:45:00] [LiveCC] [00:20.00-00:21.33] Yes! ... I did it three times ...
[2026-06-07 17:45:01] [LiveCC] [00:21.33-00:22.83] I got the ball back, and then ...
[2026-06-07 17:45:02] [LiveCC] [00:22.83-00:24.17] this is my last one. ...
[2026-06-07 17:45:04] [LiveCC] [00:24.17-00:25.50] Oh no, oh ...
[2026-06-07 17:45:05] [LiveCC] [00:25.50-00:26.83] no, that's not good. ... Oh ...
[2026-06-07 17:45:06] [LiveCC] [00:26.83-00:28.17] no! ...
[2026-06-07 17:45:08] [LiveCC] [00:28.17-00:29.50] No! ... No! ... What? ...
[2026-06-07 17:45:09] [LiveCC] [00:29.50-00:30.83] ...
[2026-06-07 17:45:10] [LiveCC] [00:30.83-00:32.17] What? ... No way! ... ...
[2026-06-07 17:45:12] [LiveCC] [00:32.17-00:33.50] I can't believe it. I made the shot, and he still blocked me. That's crazy.
[2026-06-07 17:45:13] [LiveCC] [00:33.50-00:34.83] No! ...
[2026-06-07 17:45:14] [LiveCC] [00:34.83-00:36.17] How did he block that? He didn't even jump up for it.
[2026-06-07 17:45:16] [LiveCC] [00:36.17-00:37.50] He just stood there.
[2026-06-07 17:45:17] [LiveCC] [00:37.50-00:39.00] He blocked the shot with his hand.
[2026-06-07 17:45:18] [LiveCC] [00:39.00-00:40.33] How is this possible?
[2026-06-07 17:45:20] [LiveCC] [00:40.33-00:41.67] This is not fair!
[2026-06-07 17:45:21] [LiveCC] [00:41.67-00:43.00] I'm going to go get him!
[2026-06-07 17:45:22] [LiveCC] [00:43.00-00:44.33] I don't know what that was, but ...
[2026-06-07 17:45:24] [LiveCC] [00:44.33-00:45.67] that's a pretty good shot right there. ...
[2026-06-07 17:45:25] [LiveCC] [00:45.67-00:47.00] That's one of the best shots I've taken in this ...
[2026-06-07 17:45:27] [LiveCC] [00:47.00-00:48.33] game so far. ... ...
[2026-06-07 17:45:28] [LiveCC] [00:48.33-00:49.67] I don't know how I did it, but... ...
[2026-06-07 17:45:29] [LiveCC] [00:49.67-00:51.00] ...
[2026-06-07 17:45:30] [LiveCC] [00:51.00-00:52.33] That was a pretty ...
[2026-06-07 17:45:32] [LiveCC] [00:52.33-00:53.67] I got it! ...
[2026-06-07 17:45:33] [LiveCC] [00:53.67-00:55.00] Oh, no, I missed that one. ...
[2026-06-07 17:45:35] [LiveCC] [00:55.00-00:56.33] Okay, let's try again. ... ...
[2026-06-07 17:45:36] [LiveCC] [00:56.33-00:57.67] There we go. That was the ...
[2026-06-07 17:45:37] [LiveCC] [00:57.67-00:59.00] first time I tried to make this video and it didn't work out because my internet went down. So now that we're back
[2026-06-07 17:45:38] [LiveCC] [00:59.00-01:00.33] second attempt at making this ...
[2026-06-07 17:45:40] [LiveCC] [01:00.33-01:01.83] video. We're going to see if ...
[2026-06-07 17:45:41] [LiveCC] [01:01.83-01:03.17] it works out for us today. ...
[2026-06-07 17:45:43] [LiveCC] [01:03.17-01:04.50] I don't know why, but I'm just going to go ahead and say that the first time we did this, the ball
[2026-06-07 17:45:44] [LiveCC] [01:04.50-01:05.83] first time we tried this, it didn't work out as well. We're gonna try again though. ...
[2026-06-07 17:45:46] [LiveCC] [01:05.83-01:07.17] We had some problems with the ball not going through the hoop. It was like stuck on there or something. So we're gonna
[2026-06-07 17:45:47] [LiveCC] [01:07.17-01:08.67] I think I did it right. ...
[2026-06-07 17:45:48] [LiveCC] [01:08.67-01:10.00] Yes, ...
[2026-06-07 17:45:50] [LiveCC] [01:10.00-01:11.33] yes, yes, yes. ... ...
[2026-06-07 17:45:51] [LiveCC] [01:11.33-01:12.83] That's how you do the ...
[2026-06-07 17:45:52] [LiveCC] [01:12.83-01:14.17] That is how you dunk it.
[2026-06-07 17:45:53] [LiveCC] [01:14.17-01:15.50] ...
[2026-06-07 17:45:55] [LiveCC] [01:15.50-01:16.83] Yes, that's right. ...
[2026-06-07 17:45:57] [LiveCC] [01:16.83-01:18.17] And one more time for good measure. ... What? ...
[2026-06-07 17:45:58] [LiveCC] [01:18.17-01:19.50] I think I got it. ...
[2026-06-07 17:45:59] [LiveCC] [01:19.50-01:20.83] Nope. ... Oh my god! ...
[2026-06-07 17:46:01] [LiveCC] [01:20.83-01:22.17] Oh my god, no way! ... No! ... ...
[2026-06-07 17:46:02] [LiveCC] [01:22.17-01:23.50] I don't know what it is with me and the ...
[2026-06-07 17:46:03] [LiveCC] [01:23.50-01:24.83] dunking, but I just can't seem to get ...
[2026-06-07 17:46:04] [LiveCC] [01:24.83-01:26.17] it right in this game. ...
[2026-06-07 17:46:06] [LiveCC] [01:26.17-01:27.50] It's either too high or ...
[2026-06-07 17:46:07] [LiveCC] [01:27.50-01:28.83] low. So... Oh! I got it! ...
[2026-06-07 17:46:08] [LiveCC] [01:28.83-01:30.33] Oh my god, look at that. ...
[2026-06-07 17:46:10] [LiveCC] [01:30.33-01:31.67] That is the perfect height ...
[2026-06-07 17:46:11] [LiveCC] [01:31.67-01:33.00] dunk right there. ... Okay, let me try and do ...
[2026-06-07 17:46:13] [LiveCC] [01:33.00-01:34.33] The ball goes through the hoop.
[2026-06-07 17:46:14] [LiveCC] [01:34.33-01:35.67] It bounces off of the rim and then goes back into the basket again.
[2026-06-07 17:46:15] [LiveCC] [01:35.67-01:37.00] through it.
[2026-06-07 17:46:17] [LiveCC] [01:37.00-01:38.33] This time, the ball hits the side of the backboard before going in.
[2026-06-07 17:46:18] [LiveCC] [01:38.33-01:39.67] The basketball player is practicing their shot and successfully makes it go through the hoop without any bounces or misses.
[2026-06-07 17:46:19] [LiveCC] [01:39.67-01:41.00] However, on the next attempt, the basketball hits the rim and then goes into the basket after bouncing off the back of the rim
[2026-06-07 17:46:21] [LiveCC] [01:41.00-01:42.33] backboard. The video concludes with another successful shot where the ball goes straight through the net without hitting anything.
[2026-06-07 17:46:22] [LiveCC] [01:42.33-01:43.67] In this clip, the same basketball player attempts to make a shot again but fails as the ball bounces off the rim instead of
[2026-06-07 17:46:23] [LiveCC] [01:43.67-01:45.00] the rim
[2026-06-07 17:46:25] [LiveCC] [01:45.00-01:46.33] The basketball player is attempting to make another shot in the virtual reality game "Basketball VR." The ball bounches off the
[2026-06-07 17:46:26] [LiveCC] [01:46.33-01:47.67] a successful basket. The player's shadow can be seen on the court, and there are advertisements for "Hooper Hops"
[2026-06-07 17:46:27] Playback/Inference finished
[2026-06-07 17:46:27] 停止推論
[2026-06-07 17:46:27] [LiveCC] [01:47.67-01:48.67] Basketball" visible in the background.
[2026-06-07 17:46:27] Playback/Inference finished
[2026-06-07 17:46:53] 已載入影片：VR_Frank_basketball.mp4
[2026-06-07 17:46:55] Starting inference (Style: 標準播報型, TTS: gemini)
[2026-06-07 17:46:55] 開始推論 (Style: 標準播報型, TTS: gemini)
[2026-06-07 17:46:56] [LiveCC] [00:00.00-00:01.33] The player shoots the ball towards the basket. The ...
[2026-06-07 17:46:58] [LiveCC] [00:01.33-00:02.67] player's hand goes down to ...
[2026-06-07 17:46:59] [LiveCC] [00:02.67-00:04.00] reset the ball. ...
[2026-06-07 17:47:00] [LiveCC] [00:04.00-00:05.33] ...
[2026-06-07 17:47:02] [LiveCC] [00:05.33-00:06.67] reset the ball and then he shoots it.
[2026-06-07 17:47:03] [LiveCC] [00:06.67-00:08.00] Then he shoots again, but this time he misses.
[2026-06-07 17:47:05] [LiveCC] [00:08.00-00:09.33] So now he resets the ball one more time, ...
[2026-06-07 17:47:06] [LiveCC] [00:09.33-00:10.67] and he makes that shot.
[2026-06-07 17:47:07] [LiveCC] [00:10.67-00:12.00] and he makes another shot!
[2026-06-07 17:47:09] [LiveCC] [00:12.00-00:13.33] so now we're at 6 out of 8.
[2026-06-07 17:47:10] [LiveCC] [00:13.33-00:14.67] he makes this shot as well.
[2026-06-07 17:47:11] [LiveCC] [00:14.67-00:16.00] now we're up to 7 out of ...
[2026-06-07 17:47:13] [LiveCC] [00:16.00-00:17.33] he misses that one, but the ball is still in play
[2026-06-07 17:47:14] [LiveCC] [00:17.33-00:18.67] and i make it again!
[2026-06-07 17:47:15] [LiveCC] [00:18.67-00:20.00] i'm on fire right now
[2026-06-07 17:47:17] [LiveCC] [00:20.00-00:21.33] this time from farther away
[2026-06-07 17:47:18] [LiveCC] [00:21.33-00:22.67] I can't believe I missed that shot again! But hey, it's all good because we're still playing basketball and having fun
[2026-06-07 17:47:19] [LiveCC] [00:22.67-00:24.00] fun practicing our shots.
[2026-06-07 17:47:21] [LiveCC] [00:24.00-00:25.33] We've got to keep working on it though!
[2026-06-07 17:47:22] [LiveCC] [00:25.33-00:26.67] The more we practice, the better we'll get!
[2026-06-07 17:47:23] [LiveCC] [00:26.67-00:28.00] I think I'm gonna go for that again.
[2026-06-07 17:47:25] [LiveCC] [00:28.00-00:29.33] That's good. That was pretty ...
[2026-06-07 17:47:26] [LiveCC] [00:29.33-00:30.67] good. ...
[2026-06-07 17:47:28] [LiveCC] [00:30.67-00:32.17] Oh yeah. ...14. ...5 seconds. ...3 seconds. 1 second. ...4 seconds. Oh no.
[2026-06-07 17:47:29] [LiveCC] [00:32.17-00:33.50] I'm going to go for the slam dunk right now. I'm going for it. ...
[2026-06-07 17:47:30] [LiveCC] [00:33.50-00:34.83] now. I got it. I ...
[2026-06-07 17:47:31] [LiveCC] [00:34.83-00:36.17] got it. Okay, let me get this ...
[2026-06-07 17:47:33] [LiveCC] [00:36.17-00:37.50] I got it! I'm ...
[2026-06-07 17:47:34] [LiveCC] [00:37.50-00:38.83] a beast, and that's the end of this video. ...
[2026-06-07 17:47:35] [LiveCC] [00:38.83-00:40.17] If you want to see more videos like these, ...
[2026-06-07 17:47:37] [LiveCC] [00:40.17-00:41.50] make sure to subscribe down below so you don't miss out on any ...
[2026-06-07 17:47:38] [LiveCC] [00:41.50-00:42.83] I'm gonna go ahead and leave it in there because I don't know how much time is left on the clock right now.
[2026-06-07 17:47:40] [LiveCC] [00:42.83-00:44.17] But if you guys enjoyed this video, make sure ...
[2026-06-07 17:47:41] [LiveCC] [00:44.17-00:45.50] I got to make this one, and ...
[2026-06-07 17:47:42] [LiveCC] [00:45.50-00:46.83] we made it! ...
[2026-06-07 17:47:43] [LiveCC] [00:46.83-00:48.17] We're going for the three now. ...
[2026-06-07 17:47:45] [LiveCC] [00:48.17-00:49.50] I got it, I got it. ...
[2026-06-07 17:47:46] [LiveCC] [00:49.50-00:51.00] There we go. ... ...
[2026-06-07 17:47:47] [LiveCC] [00:51.00-00:52.33] ...
[2026-06-07 17:47:49] [LiveCC] [00:52.33-00:53.67] I was just going to say that because I'm not really ...
[2026-06-07 17:47:50] [LiveCC] [00:53.67-00:55.00] a fan of the ...
[2026-06-07 17:47:52] [LiveCC] [00:55.00-00:56.33] way they've been playing, but this is ...
[2026-06-07 17:47:53] [LiveCC] [00:56.33-00:57.67] still a good game. ...
[2026-06-07 17:47:55] [LiveCC] [00:57.67-00:59.00] I mean, it's not the best basketball game in VR, and I think that's what people want to hear from me.
[2026-06-07 17:47:56] [LiveCC] [00:59.00-01:00.33] But if you're looking for something ...
[2026-06-07 17:47:57] [LiveCC] [01:00.33-01:01.67] that has some ...
[2026-06-07 17:47:58] [LiveCC] [01:01.67-01:03.17] fun gameplay, ...
[2026-06-07 17:48:00] [LiveCC] [01:03.17-01:04.50] more... I mean, there's nothing wrong with the ...
[2026-06-07 17:48:01] [LiveCC] [01:04.50-01:05.83] better graphics and stuff like ...
[2026-06-07 17:48:02] [LiveCC] [01:05.83-01:07.17] that, then ...
[2026-06-07 17:48:04] [LiveCC] [01:07.17-01:08.50] I would definitely recommend ...
[2026-06-07 17:48:05] [LiveCC] [01:08.50-01:09.83] the first NBA 2K game ever came out in ...
[2026-06-07 17:48:06] [LiveCC] [01:09.83-01:11.17] 2003. ...
[2026-06-07 17:48:08] [LiveCC] [01:11.17-01:12.50] So it's been around for quite some time. ... ...
[2026-06-07 17:48:09] [LiveCC] [01:12.50-01:13.83] And I think the last one was ...
[2026-06-07 17:48:11] [LiveCC] [01:13.83-01:15.17] 1998, and it was on the PlayStation. And now we're going to talk about NBA ...
[2026-06-07 17:48:12] [LiveCC] [01:15.17-01:16.50] 2K20, which is coming out this ...
[2026-06-07 17:48:13] [LiveCC] [01:16.50-01:17.83] year. ...
[2026-06-07 17:48:15] [LiveCC] [01:17.83-01:19.17] And yeah, that's what I'm talking ...
[2026-06-07 17:48:16] [LiveCC] [01:19.17-01:20.50] about. So you can see here, we got the ... Time=6 ...
[2026-06-07 17:48:17] [LiveCC] [01:20.50-01:21.83] practice mode. You're going to be able ...
[2026-06-07 17:48:18] [LiveCC] [01:21.83-01:23.17] to practice with all these ...
[2026-06-07 17:48:20] [LiveCC] [01:23.17-01:24.50] different types of shots and ...
[2026-06-07 17:48:21] [LiveCC] [01:24.50-01:25.83] moves, I'm gonna have to go back into the game mode where you can actually play against people, but that's okay because
[2026-06-07 17:48:22] [LiveCC] [01:25.83-01:27.17] different players ...
[2026-06-07 17:48:24] [LiveCC] [01:27.17-01:28.50] and stuff like that ...
[2026-06-07 17:48:25] [LiveCC] [01:28.50-01:29.83] So yeah, I mean, ...
[2026-06-07 17:48:27] [LiveCC] [01:29.83-01:31.17] I got it, I got it! Oh my gosh, I'm going to make this shot. I just made the three
[2026-06-07 17:48:28] [LiveCC] [01:31.17-01:32.50] shot. That was a three. Wow, I can't believe I did that. ...
[2026-06-07 17:48:29] [LiveCC] [01:32.50-01:33.83] I don't know what it is, but I'm just gonna ...
[2026-06-07 17:48:31] [LiveCC] [01:33.83-01:35.17] put this in the air and see if we can get ...
[2026-06-07 17:48:32] [LiveCC] [01:35.17-01:36.50] it to go through like that. ...
[2026-06-07 17:48:33] [LiveCC] [01:36.50-01:37.83] And there you have ...
[2026-06-07 17:48:34] [LiveCC] [01:37.83-01:39.17] the ...
[2026-06-07 17:48:36] [LiveCC] [01:39.17-01:40.50] shot. ...
[2026-06-07 17:48:37] [LiveCC] [01:40.50-01:41.83] There's the shot. ... It goes in, ...
[2026-06-07 17:48:38] [LiveCC] [01:41.83-01:43.17] And now we're going to do ...
[2026-06-07 17:48:40] [LiveCC] [01:43.17-01:44.50] and it goes in! So ...
[2026-06-07 17:48:41] [LiveCC] [01:44.50-01:45.83] there we go. ...
[2026-06-07 17:48:42] [LiveCC] [01:45.83-01:47.33] So that was pretty good. ... ...
[2026-06-07 17:48:44] Playback/Inference finished
[2026-06-07 17:48:44] 停止推論
[2026-06-07 17:48:44] 錄音已儲存: logs/recordings/file_20260607_174655.wav
[2026-06-07 17:48:44] [LiveCC] [01:47.33-01:48.67] That was actually really fun to do. ... I'm going to show ...
[2026-06-07 17:48:44] Playback/Inference finished
[2026-06-07 19:04:31] 已載入影片：VR_Frank_basketball.mp4
[2026-06-07 19:04:33] Starting inference (Style: 標準播報型, TTS: gemini)
[2026-06-07 19:04:33] 開始推論 (Style: 標準播報型, TTS: gemini)
[2026-06-07 19:04:36] [LiveCC] [00:01.33-00:02.67] player grabs it out of midair. ...
[2026-06-07 19:04:37] [LiveCC] [00:02.67-00:04.00] They shoot again. ... ...
[2026-06-07 19:04:38] [LiveCC] [00:04.00-00:05.33] This time they miss. ... They ...
[2026-06-07 19:04:40] [LiveCC] [00:05.33-00:06.67] Oh, it's going in! Oh, it went right through the net! It was like... ...
[2026-06-07 19:04:41] [LiveCC] [00:06.67-00:08.00] It just... ... It ...
[2026-06-07 19:04:43] [LiveCC] [00:08.00-00:09.33] just... ...it just went straight through the hoop and I'm like what? ...
[2026-06-07 19:04:44] [LiveCC] [00:09.33-00:10.67] What happened there? What happened ...
[2026-06-07 19:04:47] [LiveCC] [00:12.00-00:13.33] Okay, it's not that bad. It didn't go all the way in. It did hit ...
[2026-06-07 19:04:48] [LiveCC] [00:13.33-00:14.67] through. Okay. ...
[2026-06-07 19:04:49] [LiveCC] [00:14.67-00:16.00] It's not too bad. ... ...
[2026-06-07 19:04:51] [LiveCC] [00:16.00-00:17.33] Okay, I think that was... Oh! That was good. That's the best one yet. That was like... ...
[2026-06-07 19:04:52] [LiveCC] [00:17.33-00:18.67] That's it right there. ...
[2026-06-07 19:04:56] [LiveCC] [00:21.33-00:22.67] That was perfect. ...
[2026-06-07 19:05:04] [LiveCC] [00:29.33-00:30.67] So you got to go through all these ...
[2026-06-07 19:05:05] [LiveCC] [00:30.67-00:32.00] different practice drills and ...
[2026-06-07 19:05:08] [LiveCC] [00:33.33-00:34.67] and then... ...
[2026-06-07 19:05:10] [LiveCC] [00:36.00-00:37.33] so there's 15 of them ...
[2026-06-07 19:05:16] [LiveCC] [00:41.33-00:42.67] I think it's the best shot in the game, ...
[2026-06-07 19:05:18] [LiveCC] [00:44.00-00:45.33] joking about that. ...
[2026-06-07 19:05:20] [LiveCC] [00:45.33-00:46.67] So if you're looking for an ...
[2026-06-07 19:05:22] [LiveCC] [00:48.00-00:49.33] keep working on your free throws. ...
[2026-06-07 19:05:26] [LiveCC] [00:52.00-00:53.33] A game, then this is the place to be. ...
[2026-06-07 19:05:28] [LiveCC] [00:53.33-00:54.67] It's like real life. ... ...
[2026-06-07 19:05:31] [LiveCC] [00:56.00-00:57.33] playing against myself, but... ...
[2026-06-07 19:05:37] [LiveCC] [01:02.67-01:04.00] But yeah, so that was pretty cool. ... ...
[2026-06-07 19:05:44] [LiveCC] [01:09.33-01:10.67] in VR, but it's ...
[2026-06-07 19:05:45] [LiveCC] [01:10.67-01:12.00] so cool to do. ...
[2026-06-07 19:05:46] [LiveCC] [01:12.00-01:13.33] And you have the option of ...
[2026-06-07 19:05:53] [LiveCC] [01:18.67-01:20.00] to have a guy like that on your team. ...
[2026-06-07 19:05:54] [LiveCC] [01:20.00-01:21.33] He can't shoot threes ...
[2026-06-07 19:05:56] [LiveCC] [01:21.33-01:22.67] and he doesn't pass well at all. ... ...
[2026-06-07 19:06:01] [LiveCC] [01:26.83-01:28.17] I think that's the only way to get it in there, but ...
[2026-06-07 19:06:04] [LiveCC] [01:29.50-01:30.83] around this hoop and try ...
[2026-06-07 19:06:05] [LiveCC] [01:30.83-01:32.17] to put it through here. ...
[2026-06-07 19:06:10] [LiveCC] [01:34.83-01:36.17] and look at the rim. Look at how close it is to the rim on both sides. It almost touches the rim twice
[2026-06-07 19:06:11] [LiveCC] [01:36.17-01:37.50] to the rim
[2026-06-07 19:06:12] [LiveCC] [01:37.50-01:38.83] It almost touches it twice, but not quite.
[2026-06-07 19:06:13] [LiveCC] [01:38.83-01:40.17] That's pretty good though.
[2026-06-07 19:06:15] [LiveCC] [01:40.17-01:41.50] Almost touching it again.
[2026-06-07 19:06:22] Playback/Inference finished
[2026-06-07 19:06:22] 停止推論
[2026-06-07 19:06:22] 錄音已儲存: logs/recordings/file_20260607_190433.wav
[2026-06-07 19:06:22] Playback/Inference finished
[2026-06-07 19:15:21] Starting inference (Style: 標準播報型, TTS: gemini)
[2026-06-07 19:15:21] 開始推論 (Style: 標準播報型, TTS: gemini)
[2026-06-07 19:15:22] [LiveCC] [00:00.00-00:01.33] The ball goes up towards the basket. The ...
[2026-06-07 19:15:24] [LiveCC] [00:01.33-00:02.67] player catches it again ...
[2026-06-07 19:15:25] [LiveCC] [00:02.67-00:04.00] and shoots again. ...
[2026-06-07 19:15:29] [LiveCC] [00:06.67-00:08.00] He must have been practicing for hours before this game even started.
[2026-06-07 19:15:31] [LiveCC] [00:08.00-00:09.33] to make his shots look like that.
[2026-06-07 19:15:35] [LiveCC] [00:12.00-00:13.33] He must be using some kind of cheat code or something.
[2026-06-07 19:15:36] [LiveCC] [00:13.33-00:14.67] No way, no way. That is just too good.
[2026-06-07 19:15:37] [LiveCC] [00:14.67-00:16.00] It has to be something else. It can't ...
[2026-06-07 19:15:44] [LiveCC] [00:21.33-00:22.67] was pretty cool. ...
[2026-06-07 19:15:46] [LiveCC] [00:24.00-00:25.50] last one here. ... ...
[2026-06-07 19:15:53] [LiveCC] [00:30.83-00:32.17] keep trying until I get it to go ...
[2026-06-07 19:15:56] [LiveCC] [00:33.50-00:34.83] Come on. Come on. ... ...
[2026-06-07 19:15:57] [LiveCC] [00:34.83-00:36.17] Come on, come on, ...
[2026-06-07 19:16:05] [LiveCC] [00:42.83-00:44.17] bouncing back out. ...
[2026-06-07 19:16:13] [LiveCC] [00:50.83-00:52.17] It looks so good when it goes in. ...
[2026-06-07 19:16:19] [LiveCC] [00:56.17-00:57.50] I know it's not the same as being on court, but ...
[2026-06-07 19:16:21] [LiveCC] [00:58.83-01:00.17] And if you're really good with ...
[2026-06-07 19:16:26] [LiveCC] [01:03.00-01:04.33] it's better than nothing. At least we have some ...
[2026-06-07 19:16:28] [LiveCC] [01:05.67-01:07.00] shots up. So that would be nice to see how many shots we can ...
[2026-06-07 19:16:31] [LiveCC] [01:08.33-01:09.67] games as NBA ...
[2026-06-07 19:16:34] [LiveCC] [01:11.00-01:12.33] we'll just keep on doing these. ...
[2026-06-07 19:16:38] [LiveCC] [01:15.00-01:16.33] and then I will make sure to upload ...
[2026-06-07 19:16:39] [LiveCC] [01:16.33-01:17.67] that next week. And ...
[2026-06-07 19:16:42] [LiveCC] [01:19.00-01:20.33] It's okay. ...
[2026-06-07 19:16:52] [LiveCC] [01:29.67-01:31.00] one out of here, man. ...
[2026-06-07 19:16:55] [LiveCC] [01:32.33-01:33.67] That's how you do it right there, baby. ... And that was the first one ...
[2026-06-07 19:17:01] [LiveCC] [01:39.00-01:40.33] Get that ball out of there, man. ... ...
[2026-06-07 19:17:03] [LiveCC] [01:40.33-01:41.67] Come on now. ... The ...
[2026-06-07 19:17:04] [LiveCC] [01:41.67-01:43.00] ball's stuck in the net. ... It won't come ...
[2026-06-07 19:17:06] [LiveCC] [01:43.00-01:44.33] out! ... Time=1.52, 679ms
[2026-06-07 19:17:07] [LiveCC] [01:44.33-01:45.67] Come on now, get it out of there! ...
[2026-06-07 19:17:08] [LiveCC] [01:45.67-01:47.00] Get it out! Get it out ...
[2026-06-07 19:17:10] Playback/Inference finished
[2026-06-07 19:17:10] 停止推論
[2026-06-07 19:17:10] 錄音已儲存: logs/recordings/file_20260607_191521.wav
[2026-06-07 19:17:10] Playback/Inference finished
[2026-06-07 19:18:08] 已載入影片：VR_Frank_basketball.mp4
[2026-06-07 19:18:11] Starting inference (Style: 標準播報型, TTS: gemini)
[2026-06-07 19:18:11] 開始推論 (Style: 標準播報型, TTS: gemini)
[2026-06-07 19:18:12] [LiveCC] [00:00.00-00:01.33] The player shoots the ball. The ball goes into ...
[2026-06-07 19:18:19] [LiveCC] [00:06.67-00:08.00] make this shot for some reason. ...
[2026-06-07 19:18:26] [LiveCC] [00:13.50-00:14.83] it's like... ...
[2026-06-07 19:18:27] [LiveCC] [00:14.83-00:16.17] It's like the ...
[2026-06-07 19:18:31] [LiveCC] [00:18.83-00:20.17] move around in my own little ...
[2026-06-07 19:18:34] [LiveCC] [00:21.50-00:22.83] just frozen still. ...
[2026-06-07 19:18:38] [LiveCC] [00:25.50-00:26.83] just going through ...
[2026-06-07 19:18:44] [LiveCC] [00:32.17-00:33.50] Oh, no! ...
[2026-06-07 19:18:45] [LiveCC] [00:33.50-00:35.00] No! No! No ...
[2026-06-07 19:18:55] [LiveCC] [00:43.00-00:44.33] I think it's the same thing as the ...
[2026-06-07 19:18:57] [LiveCC] [00:44.33-00:45.67] 2K19, but I'm not sure if ...
[2026-06-07 19:19:05] [LiveCC] [00:52.33-00:53.67] Okay, so I'm just trying to get used ...
[2026-06-07 19:19:06] [LiveCC] [00:53.67-00:55.00] to the controls here. ... ...
[2026-06-07 19:19:07] [LiveCC] [00:55.00-00:56.33] Okay, so... ...
[2026-06-07 19:19:10] [LiveCC] [00:57.67-00:59.00] to the controls ...
[2026-06-07 19:19:13] [LiveCC] [01:00.50-01:01.83] Okay, so let's go to the practice area. ...
[2026-06-07 19:19:17] [LiveCC] [01:04.50-01:05.83] the hoop. So if I want to shoot at the ...
[2026-06-07 19:19:18] [LiveCC] [01:05.83-01:07.17] hoop and it goes in. That is ...
[2026-06-07 19:19:19] [LiveCC] [01:07.17-01:08.50] a successful shot. ...
[2026-06-07 19:19:22] [LiveCC] [01:09.83-01:11.17] an unsuccessful ...
[2026-06-07 19:19:23] [LiveCC] [01:11.17-01:12.50] A missed shot!
[2026-06-07 19:19:25] [LiveCC] [01:12.50-01:13.83] The ball hits the rim and bounces off, missing the basket entirely. The player is visibly frustrated by this failure to score.
[2026-06-07 19:19:26] [LiveCC] [01:13.83-01:15.17] They quickly move towards the rebounding area, preparing for another attempt at scoring.
[2026-06-07 19:19:28] [LiveCC] [01:15.17-01:16.50] Another shot is taken, but once again, it misses the basket. This time, the ball goes through the hoop without touching any
[2026-06-07 19:19:29] [LiveCC] [01:16.50-01:17.83] The basketball flies through the air with precision and accuracy, making its way towards the hoop. As it approaches, the anticipation builds until
[2026-06-07 19:19:30] [LiveCC] [01:17.83-01:19.17] and finally finds its mark in the net. The crowd erupts in cheers as the successful shot is made.
[2026-06-07 19:19:32] [LiveCC] [01:19.17-01:20.50] As the player retrieves the ball from the hoop, they prepare for another attempt at perfecting their shooting form.
[2026-06-07 19:19:33] [LiveCC] [01:20.50-01:21.83] This time, they focus on maintaining a steady release point to ensure accuracy. With each practice session, the player's confidence grows,
[2026-06-07 19:19:34] [LiveCC] [01:21.83-01:23.17] The ball arcs through the air and lands perfectly in the basket. The player celebrates their successful shot with an excited expression.
[2026-06-07 19:19:36] [LiveCC] [01:23.17-01:24.50] As the game progresses, the character continues to improve their shooting skills. They take another jump shot from the three-point line, this
[2026-06-07 19:19:37] [LiveCC] [01:24.50-01:25.83] and successfully makes it again.
[2026-06-07 19:19:38] [LiveCC] [01:25.83-01:27.17] With each successful shot, the players' confidence grows as they see their progress in improving their basketball skills.
[2026-06-07 19:19:41] [LiveCC] [01:28.50-01:30.00] The video wraps up with the players celebrating their achievement and looking forward to further improvement in their basketball abilities.
[2026-06-07 19:19:42] [LiveCC] [01:30.00-01:31.50] As the video progresses, we see the players practicing on an indoor court, taking shots from various angles and distances. The ball is
[2026-06-07 19:19:44] [LiveCC] [01:31.50-01:32.83] continues to go through the hoop successfully, reinforcing the theme of skill development and dedication to practice.
[2026-06-07 19:19:48] [LiveCC] [01:35.50-01:36.83] Isaiah grabs it out of mid-air and puts it back up for another shot.
[2026-06-07 19:19:49] [LiveCC] [01:36.83-01:38.33] He makes this one too!
[2026-06-07 19:19:53] [LiveCC] [01:41.00-01:42.33] Oh no, that was an air ball!
[2026-06-07 19:19:55] [LiveCC] [01:42.33-01:43.67] The crowd boos as the ball bounces off the rim.
[2026-06-07 19:19:56] [LiveCC] [01:43.67-01:45.00] The ball rolls around on the court before eventually coming to rest near the basket.
[2026-06-07 19:19:59] [LiveCC] [01:46.33-01:47.67] As I reach the free throw line, I take another shot at the hoop.
[2026-06-07 19:20:00] Playback/Inference finished
[2026-06-07 19:20:00] 停止推論
[2026-06-07 19:20:00] 錄音已儲存: logs/recordings/file_20260607_191811.wav
[2026-06-07 19:20:00] [LiveCC] [01:47.67-01:48.67] This time, the ball goes through the net, scoring me two points.
[2026-06-07 19:20:00] Playback/Inference finished
[2026-06-07 19:37:04] 已載入影片：VR_Frank_basketball.mp4
[2026-06-07 19:37:07] Starting inference (Style: 標準播報型, TTS: gemini)
[2026-06-07 19:37:07] 開始推論 (Style: 標準播報型, TTS: gemini)
[2026-06-07 19:37:09] [LiveCC] [00:00.00-00:01.33] The player shoots the ball towards the basket. The ball goes ...
[2026-06-07 19:37:10] [LiveCC] [00:01.33-00:02.67] up. The ...
[2026-06-07 19:37:11] [LiveCC] [00:02.67-00:04.00] ball drops through the ...
[2026-06-07 19:37:13] [LiveCC] [00:04.00-00:05.33] net. The player ...
[2026-06-07 19:37:14] [LiveCC] [00:05.33-00:06.67] net, and then it goes in. It's like a ...
[2026-06-07 19:37:18] [LiveCC] [00:09.33-00:10.67] It's not stuck there. ... ...
[2026-06-07 19:37:21] [LiveCC] [00:12.00-00:13.33] little bit too fast for me to catch up with it. So maybe that's why ...
[2026-06-07 19:37:23] [LiveCC] [00:13.33-00:14.67] it looks like it gets caught on something. But yeah, as soon as it hits ...
[2026-06-07 19:37:24] [LiveCC] [00:14.67-00:16.00] the rim, it just... ...
[2026-06-07 19:37:26] [LiveCC] [00:17.33-00:18.67] it goes right through. ...
[2026-06-07 19:37:33] [LiveCC] [00:24.00-00:25.33] try it anyway. ...
[2026-06-07 19:37:35] 停止推論
[2026-06-07 19:37:35] 錄音已儲存: logs/recordings/file_20260607_193707.wav
[2026-06-07 19:37:35] Playback/Inference finished
[2026-06-07 19:37:36] [LiveCC] [00:26.67-00:28.00] going straight up and down. It doesn't ...
[2026-06-07 19:37:36] Playback/Inference finished
[2026-06-07 19:48:36] 已載入影片：VR_Frank_basketball.mp4
[2026-06-07 19:48:41] Starting inference (Style: 標準播報型, TTS: gemini)
[2026-06-07 19:48:41] 開始推論 (Style: 標準播報型, TTS: gemini)
[2026-06-07 19:48:44] [LiveCC] [00:01.33-00:02.83] player catches the rebounded ...
[2026-06-07 19:48:45] [LiveCC] [00:02.83-00:04.33] basketball and resets it for ...
[2026-06-07 19:48:47] [LiveCC] [00:04.33-00:05.67] another attempt to shoot ...
[2026-06-07 19:48:48] [LiveCC] [00:05.67-00:07.00] another shot. And he shoots again, ...
[2026-06-07 19:48:49] [LiveCC] [00:07.00-00:08.33] and he misses again. ...
[2026-06-07 19:48:51] [LiveCC] [00:08.33-00:09.67] And he shoots ...
[2026-06-07 19:48:52] [LiveCC] [00:09.67-00:11.00] again, and he misses ...
[2026-06-07 19:48:54] [LiveCC] [00:11.00-00:12.33] again. So he goes to the corner and shoots another one, but this time he makes it. He then runs back down court
[2026-06-07 19:48:55] [LiveCC] [00:12.33-00:13.67] and makes that as well. Then he starts shooting from all over the court.
[2026-06-07 19:48:56] [LiveCC] [00:13.67-00:15.00] from the three point line.
[2026-06-07 19:48:58] [LiveCC] [00:15.00-00:16.33] as well. And then he keeps going around ...
[2026-06-07 19:48:59] [LiveCC] [00:16.33-00:17.67] the hoop, and it's good! ...
[2026-06-07 19:49:01] [LiveCC] [00:19.00-00:20.33] three point line again. ...
[2026-06-07 19:49:06] [LiveCC] [00:23.00-00:24.33] And that is four out of five ...
[2026-06-07 19:49:07] [LiveCC] [00:24.33-00:25.67] from the three -point line. ... ...
[2026-06-07 19:49:08] [LiveCC] [00:25.67-00:27.00] That was pretty easy for me. ... I'm not even ...
[2026-06-07 19:49:19] [LiveCC] [00:36.33-00:37.67] like they're nothing. ...
[2026-06-07 19:49:20] [LiveCC] [00:37.67-00:39.00] And look at that. ... ...
[2026-06-07 19:49:27] [LiveCC] [00:44.33-00:45.67] ready to go out there and play with the big ...
[2026-06-07 19:49:33] [LiveCC] [00:51.00-00:52.33] got it again! ...
[2026-06-07 19:49:36] [LiveCC] [00:53.83-00:55.17] This is so much fun to play. ... ...
[2026-06-07 19:49:43] [LiveCC] [01:00.67-01:02.00] a three -point shot is to have ...
[2026-06-07 19:49:46] [LiveCC] [01:03.33-01:04.67] think that's what they were trying ...
[2026-06-07 19:49:47] [LiveCC] [01:04.67-01:06.00] to say, but it went in! ...
[2026-06-07 19:49:51] [LiveCC] [01:08.83-01:10.17] so mad if you missed this ...
[2026-06-07 19:49:55] [LiveCC] [01:12.83-01:14.17] KJ Baller. ...
[2026-06-07 19:49:59] [LiveCC] [01:16.83-01:18.17] because I don’t want to have to restart. ...
[2026-06-07 19:50:08] [LiveCC] [01:25.00-01:26.33] off with one more shot here. ... ...
[2026-06-07 19:50:18] [LiveCC] [01:35.83-01:37.17] it's going in the basket now. ...
[2026-06-07 19:50:25] [LiveCC] [01:42.50-01:44.00] That's not bad. ... ...
[2026-06-07 19:50:30] Playback/Inference finished
[2026-06-07 19:50:30] 停止推論
[2026-06-07 19:50:30] 錄音已儲存: logs/recordings/file_20260607_194841.wav
[2026-06-07 19:50:30] Playback/Inference finished
[2026-06-07 20:04:17] 已載入影片：VR_Frank_basketball.mp4
[2026-06-07 20:04:20] Starting inference (Style: 標準播報型, TTS: gemini)
[2026-06-07 20:04:20] 開始推論 (Style: 標準播報型, TTS: gemini)
[2026-06-07 20:04:21] [LiveCC] [00:00.00-00:01.33] The ball goes up to the basket. The ball drops ...
[2026-06-07 20:04:23] [LiveCC] [00:01.33-00:02.67] through the net. ...
[2026-06-07 20:04:24] [LiveCC] [00:02.67-00:04.00] Bounces off the ...
[2026-06-07 20:04:26] [LiveCC] [00:04.00-00:05.33] rim. Dribbles it back ...
[2026-06-07 20:04:27] [LiveCC] [00:05.33-00:06.67] and makes another shot.
[2026-06-07 20:04:28] [LiveCC] [00:06.67-00:08.00] rim and makes another ...
[2026-06-07 20:04:31] [LiveCC] [00:09.33-00:10.67] basketball hoop, then dribbles ...
[2026-06-07 20:04:33] [LiveCC] [00:10.67-00:12.00] and shoots again, but it's off the rim. He walks away from the hoop looking dejected.
[2026-06-07 20:04:34] [LiveCC] [00:12.00-00:13.33] rim and makes ...
[2026-06-07 20:04:38] [LiveCC] [00:16.00-00:17.33] a three pointer.
[2026-06-07 20:04:39] [LiveCC] [00:17.33-00:18.67] another shot that goes in. ...
[2026-06-07 20:04:40] [LiveCC] [00:18.67-00:20.00] He takes another ...
[2026-06-07 20:04:42] [LiveCC] [00:20.00-00:21.33] shot that misses as well. ...49 ...
[2026-06-07 20:04:43] [LiveCC] [00:21.33-00:22.67] shot and he makes it, but then the ball goes out of bounds.
[2026-06-07 20:04:44] [LiveCC] [00:22.67-00:24.17] and he tries again.
[2026-06-07 20:04:46] [LiveCC] [00:24.17-00:25.50] but this time it's off the rim.
[2026-06-07 20:04:49] [LiveCC] [00:26.83-00:28.17] He misses the shot, but it goes through the hoop anyway! He then picks up the ball and starts dribbling towards the other
[2026-06-07 20:04:50] [LiveCC] [00:28.17-00:29.50] basketball hoop once more.
[2026-06-07 20:04:52] [LiveCC] [00:29.50-00:30.83] The ball hits the backboard and falls into the basket. The video ends with the basketball resting on top of the hoop.
[2026-06-07 20:04:53] [LiveCC] [00:30.83-00:32.17] This sequence repeats multiple times, showing the person attempting to make shots that consistently miss or go in after hitting the rim.
[2026-06-07 20:04:55] [LiveCC] [00:33.50-00:34.83] Peat picks up another basketball and attempts another shot.
[2026-06-07 20:04:57] [LiveCC] [00:34.83-00:36.17] This time, the ball hits the rim but misses again.
[2026-06-07 20:04:58] [LiveCC] [00:36.17-00:37.50] Finally, Peat retrieves the ball once more and tries one last shot. This time, he successfully makes the basket. The video
[2026-06-07 20:04:59] [LiveCC] [00:37.50-00:39.00] Peat's successful shot marks a significant achievement for him in his practice session. He looks up at the hoop with a sense of
[2026-06-07 20:05:01] [LiveCC] [00:39.00-00:40.33] of dedication to improving his skills. His expression is one of pride and satisfaction as he watches the ball go through the net.
[2026-06-07 20:05:02] [LiveCC] [00:40.33-00:41.67] He stands back from the hoop, taking in the moment before turning around and walking away.
[2026-06-07 20:05:05] [LiveCC] [00:43.00-00:44.33] The basketball goes through the hoop again. The player is standing still, watching the ball's trajectory as it bounces off the rim
[2026-06-07 20:05:07] [LiveCC] [00:44.33-00:45.67] rim before going through the basket. The text 'wu - 16 Practice' appears on the screen, indicating that this is
[2026-06-07 20:05:08] [LiveCC] [00:45.67-00:47.00] player then reaches up to grab another ball and repeats the action of shooting towards the hoop.
[2026-06-07 20:05:09] [LiveCC] [00:47.00-00:48.33] This loop continues multiple times, emphasizing the repetitive nature of practice.
[2026-06-07 20:05:10] [LiveCC] [00:48.33-00:49.67] The player's basketball skills seem to be improving as they make several successful shots in a row. The text 'Practice' appears above
[2026-06-07 20:05:13] [LiveCC] [00:51.00-00:52.33] Another shot is made successfully, followed by another miss and then a final successful shot before the sequence ends.
[2026-06-07 20:05:14] [LiveCC] [00:52.33-00:53.67] This loop emphasizes the repetitive practice of making basketball shots until success is achieved.
[2026-06-07 20:05:15] [LiveCC] [00:53.67-00:55.00] I made it! Time to move on to the next level.
[2026-06-07 20:05:17] [LiveCC] [00:55.00-00:56.33] Time to try again, but this time from a different angle.
[2026-06-07 20:05:19] [LiveCC] [00:57.67-00:59.00] This game is getting easier with each shot.
[2026-06-07 20:05:27] [LiveCC] [01:05.83-01:07.33] game ever. ...It's like ...
[2026-06-07 20:05:34] [LiveCC] [01:12.83-01:14.17] can't do this, but the ...
[2026-06-07 20:05:36] [LiveCC] [01:14.17-01:15.50] thing is, you have to go through all of them. So ...
[2026-06-07 20:05:42] [LiveCC] [01:20.83-01:22.17] a little bit more, but ...
[2026-06-07 20:05:46] [LiveCC] [01:24.83-01:26.17] not much.
[2026-06-07 20:05:53] [LiveCC] [01:31.50-01:32.83] Oh, no! ...
[2026-06-07 20:05:56] [LiveCC] [01:34.17-01:35.50] Come on, ...
[2026-06-07 20:05:57] [LiveCC] [01:35.50-01:36.83] Oh, no... I missed the shot again. Why can't I make this? It's not like it's that hard to
[2026-06-07 20:05:59] [LiveCC] [01:36.83-01:38.17] It's not even that high up there
[2026-06-07 20:06:01] [LiveCC] [01:39.67-01:41.00] then I would be able to make ...
[2026-06-07 20:06:03] [LiveCC] [01:41.00-01:42.33] a layup or dunk it. But, you know, ...
[2026-06-07 20:06:07] [LiveCC] [01:45.00-01:46.33] No way! ... ...
[2026-06-07 20:06:09] Playback/Inference finished
[2026-06-07 20:06:09] 停止推論
[2026-06-07 20:06:09] 錄音已儲存: logs/recordings/file_20260607_200420.wav
[2026-06-07 20:06:09] Playback/Inference finished
[2026-06-07 20:28:15] 已載入影片：VR_Frank_basketball.mp4
[2026-06-07 20:28:18] Starting inference (Style: 標準播報型, TTS: gemini)
[2026-06-07 20:28:18] 開始推論 (Style: 標準播報型, TTS: gemini)
[2026-06-07 20:28:19] [LiveCC] [00:00.00-00:01.33] The ball goes up towards the basket. The ...
[2026-06-07 20:28:21] [LiveCC] [00:01.33-00:02.67] player watches it drop in. ...
[2026-06-07 20:28:23] [LiveCC] [00:02.67-00:04.00] Then they get another ...
[2026-06-07 20:28:24] [LiveCC] [00:04.00-00:05.33] chance to shoot again. ...and ...
[2026-06-07 20:28:25] [LiveCC] [00:05.33-00:06.67] goes in, and then he gets the rebound. And ...
[2026-06-07 20:28:26] [LiveCC] [00:06.67-00:08.00] he goes for three ...
[2026-06-07 20:28:28] [LiveCC] [00:08.00-00:09.33] again. He makes it go in. ...
[2026-06-07 20:28:29] [LiveCC] [00:09.33-00:10.67] And now he's shooting free throws. ... ...
[2026-06-07 20:28:32] [LiveCC] [00:12.00-00:13.33] It really does feel that way. ...
[2026-06-07 20:28:36] [LiveCC] [00:16.00-00:17.33] Oh, it goes in! He hits the first one! ...
[2026-06-07 20:28:37] 停止推論
[2026-06-07 20:28:37] Playback/Inference finished
[2026-06-07 20:28:37] [LiveCC] [00:17.33-00:18.67] That was close. ...
[2026-06-07 20:28:37] Playback/Inference finished
[2026-06-07 20:28:39] Starting inference (Style: 標準播報型, TTS: gemini)
[2026-06-07 20:28:39] 開始推論 (Style: 標準播報型, TTS: gemini)
[2026-06-07 20:28:40] [LiveCC] [00:00.00-00:01.33] The player shoots the ball towards the basket. The ball goes ...
[2026-06-07 20:28:42] [LiveCC] [00:01.33-00:02.67] up. The ...
[2026-06-07 20:28:44] [LiveCC] [00:02.67-00:04.00] player watches as it drops ...
[2026-06-07 20:28:45] [LiveCC] [00:04.00-00:05.33] through the net. ...
[2026-06-07 20:28:48] [LiveCC] [00:06.67-00:08.00] it bounces off of ...
[2026-06-07 20:28:49] [LiveCC] [00:08.00-00:09.33] the rim and goes back up ...
[2026-06-07 20:28:50] [LiveCC] [00:09.33-00:10.67] into play again. ...
[2026-06-07 20:28:53] [LiveCC] [00:12.00-00:13.33] and try to get some more shots in. But yeah, that was pretty much it for this video guys. If you enjoyed today
[2026-06-07 20:29:01] [LiveCC] [00:20.00-00:21.33] do here. So ...
[2026-06-07 20:29:02] [LiveCC] [00:21.33-00:22.83] let's go ahead and take this ...
[2026-06-07 20:29:04] [LiveCC] [00:22.83-00:24.17] shot, but it doesn't count. ...
[2026-06-07 20:29:05] [LiveCC] [00:24.17-00:25.50] let's try again. ...3 ...
[2026-06-07 20:29:08] [LiveCC] [00:26.83-00:28.17] Let's try one more time. ...5 ...
[2026-06-07 20:29:10] [LiveCC] [00:29.50-00:30.83] All right, we got it. That was good. ...
[2026-06-07 20:29:12] [LiveCC] [00:30.83-00:32.17] That was perfect. ... ...
[2026-06-07 20:29:13] [LiveCC] [00:32.17-00:33.50] Okay, that was good too. ... All right. ... Okay, ...
[2026-06-07 20:29:20] [LiveCC] [00:38.83-00:40.17] it's not going in. It's ...
[2026-06-07 20:29:21] [LiveCC] [00:40.17-00:41.50] not going in for me. ...
[2026-06-07 20:29:23] [LiveCC] [00:41.50-00:42.83] Oh, there we go. There it is. ... ...
[2026-06-07 20:29:29] [LiveCC] [00:48.17-00:49.50] Oh, no! ... ...
[2026-06-07 20:29:37] [LiveCC] [00:56.17-00:57.50] that much for this game at all. ...
[2026-06-07 20:29:39] [LiveCC] [00:57.50-00:58.83] But it's kind of fun doing ...
[2026-06-07 20:29:43] [LiveCC] [01:01.50-01:02.83] and we'll go from there. So yeah, ...
[2026-06-07 20:29:49] [LiveCC] [01:08.17-01:09.50] fun to do that. ...
[2026-06-07 20:30:00] [LiveCC] [01:19.00-01:20.33] going in the hoop, so that's good. ...
[2026-06-07 20:30:08] [LiveCC] [01:27.17-01:28.50] not the right way to do it. ...
[2026-06-07 20:30:13] [LiveCC] [01:32.50-01:33.83] I think it's the best shot in the game, ...
[2026-06-07 20:30:16] [LiveCC] [01:35.17-01:36.50] the other shots because they're ...
[2026-06-07 20:30:17] [LiveCC] [01:36.50-01:37.83] not as good. ...
[2026-06-07 20:30:25] [LiveCC] [01:44.50-01:45.83] That's all you need to know about ...
[2026-06-07 20:30:27] [LiveCC] [01:45.83-01:47.17] the game mode. It's pretty cool. ... ...
[2026-06-07 20:30:28] [LiveCC] [01:47.17-01:48.50] VR Hoopzter Basketball is a VR basketball game that allows players to experience an immersive and interactive virtual reality environment while playing basketball
[2026-06-07 20:30:28] Playback/Inference finished
[2026-06-07 20:30:28] 停止推論
[2026-06-07 20:30:28] 錄音已儲存: logs/recordings/file_20260607_202839.wav
[2026-06-07 20:30:28] Playback/Inference finished
[2026-06-07 20:49:16] 已載入影片：VR_Frank_basketball.mp4
[2026-06-07 20:49:17] Starting inference (Style: 標準播報型, TTS: gemini)
[2026-06-07 20:49:17] 開始推論 (Style: 標準播報型, TTS: gemini)
[2026-06-07 20:49:18] [LiveCC] [00:00.00-00:01.33] The ball goes up to the basket. The ball drops ...
[2026-06-07 20:49:20] [LiveCC] [00:01.33-00:02.67] through the net. ...
[2026-06-07 20:49:21] [LiveCC] [00:02.67-00:04.00] Bounces off the ...
[2026-06-07 20:49:22] [LiveCC] [00:04.00-00:05.33] rim. Dribbles it back ...
[2026-06-07 20:49:25] [LiveCC] [00:06.67-00:08.00] rim. Dives to ...
[2026-06-07 20:49:26] [LiveCC] [00:08.00-00:09.33] the floor and puts up another ...
[2026-06-07 20:49:28] [LiveCC] [00:09.33-00:10.67] shot. This one won't go, ...
[2026-06-07 20:49:30] [LiveCC] [00:12.00-00:13.33] and try again ...
[2026-06-07 20:49:33] [LiveCC] [00:14.67-00:16.00] one to fall through ...
[2026-06-07 20:49:35] [LiveCC] [00:16.00-00:17.33] the hoop, but it's still going down the middle of the lane. It goes in! And there you have it. That
[2026-06-07 20:49:36] [LiveCC] [00:17.33-00:18.67] and then go back up into the air. ...
[2026-06-07 20:49:37] [LiveCC] [00:18.67-00:20.00] And then just keep doing that until ...
[2026-06-07 20:49:39] [LiveCC] [00:20.00-00:21.33] it falls through. ... And I'm not sure how many times ...
[2026-06-07 20:49:41] [LiveCC] [00:22.67-00:24.00] it stops falling down and ...
[2026-06-07 20:49:42] [LiveCC] [00:24.00-00:25.33] goes straight up again. ...
[2026-06-07 20:49:47] [LiveCC] [00:28.17-00:29.67] It just keeps going up. I'm trying to catch ...
[2026-06-07 20:49:48] [LiveCC] [00:29.67-00:31.00] it, but then it goes back into ...
[2026-06-07 20:49:52] [LiveCC] [00:33.67-00:35.00] this for like 10 minutes or something. And if you miss ...
[2026-06-07 20:49:53] [LiveCC] [00:35.00-00:36.33] it even once, you got to start all over ...
[2026-06-07 20:49:55] [LiveCC] [00:36.33-00:37.67] again. But yeah, that's what you do in ...
[2026-06-07 20:50:02] [LiveCC] [00:43.00-00:44.33] dribble, but you know what? It's not ...
[2026-06-07 20:50:05] [LiveCC] [00:47.00-00:48.33] the same without you.
[2026-06-07 20:50:12] [LiveCC] [00:53.83-00:55.33] it's going in. So I'm just gonna go ahead and take this ...
[2026-06-07 20:50:14] [LiveCC] [00:55.33-00:56.67] one out of here real quick so we can get on to our ...
[2026-06-07 20:50:15] [LiveCC] [00:56.67-00:58.00] next one. There it goes. That's ...
[2026-06-07 20:50:18] [LiveCC] [00:59.50-01:00.83] god. Okay, now the other ...
[2026-06-07 20:50:19] [LiveCC] [01:00.83-01:02.17] one. Oh yeah, you got to go up there and ...
[2026-06-07 20:50:21] [LiveCC] [01:02.17-01:03.50] get it. Oh, no, don't do it again. ...
[2026-06-07 20:50:23] [LiveCC] [01:04.83-01:06.17] go back this time. ...
[2026-06-07 20:50:30] [LiveCC] [01:11.50-01:12.83] pretty cool. ...
[2026-06-07 20:50:33] [LiveCC] [01:14.17-01:15.50] that in VR. ... ...
[2026-06-07 20:50:40] [LiveCC] [01:22.17-01:23.67] to get this right. ...
[2026-06-07 20:50:45] [LiveCC] [01:26.33-01:27.67] but he's too fast for me, ... ...
[2026-06-07 20:50:46] [LiveCC] [01:27.67-01:29.00] he's too good at basketball, ... but ...
[2026-06-07 20:50:53] [LiveCC] [01:34.33-01:35.67] But when ...
[2026-06-07 20:50:55] [LiveCC] [01:37.00-01:38.33] to make that shot to win, ...
[2026-06-07 20:50:57] [LiveCC] [01:38.33-01:39.67] when is the right time? When you're up against it and you have no other option but to take the shot?
[2026-06-07 20:50:59] [LiveCC] [01:41.00-01:42.33] in order for things to turn out ...
[2026-06-07 20:51:01] [LiveCC] [01:42.33-01:43.67] right? When ...
[2026-06-07 20:51:02] [LiveCC] [01:43.67-01:45.00] I say, it's all about the ...
[2026-06-07 20:51:03] [LiveCC] [01:45.00-01:46.33] process and ...
[2026-06-07 20:51:05] [LiveCC] [01:46.33-01:47.67] the process of ...
[2026-06-07 20:51:06] Playback/Inference finished
[2026-06-07 20:51:06] 停止推論
[2026-06-07 20:51:06] 錄音已儲存: logs/recordings/file_20260607_204917.wav
[2026-06-07 20:51:06] [LiveCC] [01:47.67-01:48.67] getting better at what you're doing ...
[2026-06-07 20:51:06] Playback/Inference finished
[2026-06-07 21:47:21] 已載入影片：VR_Frank_basketball.mp4
[2026-06-07 21:47:24] Starting inference (Style: 標準播報型, TTS: gemini)
[2026-06-07 21:47:24] 開始推論 (Style: 標準播報型, TTS: gemini)
[2026-06-07 21:47:25] [LiveCC] [00:00.00-00:01.33] The player shoots the ball towards the basket. The ball goes ...
[2026-06-07 21:47:27] [LiveCC] [00:01.33-00:02.67] up. The ...
[2026-06-07 21:47:29] [LiveCC] [00:04.00-00:05.33] drops through the ...
[2026-06-07 21:47:33] [LiveCC] [00:08.00-00:09.33] a little bit harder than this ...
[2026-06-07 21:47:36] [LiveCC] [00:10.67-00:12.00] basketball hoop, but not all of them do. Some of them actually go in the basket and some of them don't.
[2026-06-07 21:47:39] [LiveCC] [00:13.33-00:14.67] so that every single time you drop ...
[2026-06-07 21:47:40] [LiveCC] [00:14.67-00:16.00] it goes into the basketball ...
[2026-06-07 21:47:44] [LiveCC] [00:18.67-00:20.00] it doesn't fall out of my hand. It does. It falls out of your hand sometimes. No, it didn't.
[2026-06-07 21:47:55] [LiveCC] [00:29.33-00:30.67] dunking hand, but we'll see how it goes. ...
[2026-06-07 21:47:57] [LiveCC] [00:32.00-00:33.33] this on the other side of the court as well. ... ...
[2026-06-07 21:48:01] [LiveCC] [00:36.00-00:37.33] nope, nope, ... ...
[2026-06-07 21:48:03] [LiveCC] [00:37.33-00:38.67] goes in, ... and then ...
[2026-06-07 21:48:09] [LiveCC] [00:44.00-00:45.33] And that's how you do the ...
[2026-06-07 21:48:17] [LiveCC] [00:52.00-00:53.33] go ahead and knock it down again. ...
[2026-06-07 21:48:19] [LiveCC] [00:53.33-00:54.67] And there you go. That's how to get ...
[2026-06-07 21:48:23] [LiveCC] [00:57.33-00:58.67] to do that with the other hand. So I'm just ...
[2026-06-07 21:48:26] [LiveCC] [01:01.33-01:02.67] with that. ...
[2026-06-07 21:48:33] [LiveCC] [01:08.00-01:09.33] yeah, so let's go ahead and do this. ...
[2026-06-07 21:48:40] [LiveCC] [01:14.67-01:16.00] good for the first time you're shooting ...
[2026-06-07 21:48:41] [LiveCC] [01:16.00-01:17.33] it in VR. ...
[2026-06-07 21:48:43] [LiveCC] [01:17.33-01:18.67] And then we'll get into ...
[2026-06-07 21:48:47] [LiveCC] [01:21.33-01:22.67] a hoop here. ...
[2026-06-07 21:48:55] [LiveCC] [01:29.50-01:30.83] a lot of different things in it. ...
[2026-06-07 21:48:56] [LiveCC] [01:30.83-01:32.17] But yeah, so that was just an example ...
[2026-06-07 21:48:59] [LiveCC] [01:33.50-01:34.83] practice mode and work on your shot ...
[2026-06-07 21:49:00] [LiveCC] [01:34.83-01:36.17] and stuff like that. So ...
[2026-06-07 21:49:02] [LiveCC] [01:36.17-01:37.50] yeah, I think that's pretty cool. ...
[2026-06-07 21:49:08] [LiveCC] [01:42.83-01:44.17] What? What is this game doing to me? ...
[2026-06-07 21:49:11] [LiveCC] [01:45.50-01:46.83] same exact shots over and ...
[2026-06-07 21:49:13] Playback/Inference finished
[2026-06-07 21:49:13] 停止推論
[2026-06-07 21:49:13] 錄音已儲存: logs/recordings/file_20260607_214724.wav
[2026-06-07 21:49:13] Playback/Inference finished
[2026-06-07 22:26:10] 已載入影片：VR_Frank_basketball.mp4
[2026-06-07 22:26:13] Starting inference (Style: 標準播報型, TTS: gemini)
[2026-06-07 22:26:13] 開始推論 (Style: 標準播報型, TTS: gemini)
[2026-06-07 22:26:13] [LiveCC] [00:00.00-00:01.33] The ball goes up. The ball drops through the ...
[2026-06-07 22:26:17] [LiveCC] [00:02.83-00:04.17] Bounces back off of the ... ...
[2026-06-07 22:26:18] [LiveCC] [00:04.17-00:05.50] rim. Player ...
[2026-06-07 22:26:21] [LiveCC] [00:06.83-00:08.17] ball to go into the hoop. ...
[2026-06-07 22:26:22] [LiveCC] [00:08.17-00:09.50] And there you have it, ladies and gentlemen. ... ...
[2026-06-07 22:26:26] [LiveCC] [00:12.17-00:13.50] So now let's try this one more time. ... The ...
[2026-06-07 22:26:28] [LiveCC] [00:13.50-00:14.83] ball goes through the hoop again. ... It ...
[2026-06-07 22:26:30] [LiveCC] [00:16.17-00:17.50] goes through the hole and then it comes back out, but I think that's because of how you're shooting it.
[2026-06-07 22:26:32] [LiveCC] [00:17.50-00:18.83] ball is going in there like ...
[2026-06-07 22:26:34] [LiveCC] [00:20.17-00:21.50] It's just not going all the way ...
[2026-06-07 22:26:45] [LiveCC] [00:30.83-00:32.17] it anyway. ...
[2026-06-07 22:26:46] [LiveCC] [00:32.17-00:33.50] Come on! ...
[2026-06-07 22:26:53] [LiveCC] [00:38.83-00:40.17] don't like the way this shot ...
[2026-06-07 22:26:54] [LiveCC] [00:40.17-00:41.50] looks at all. It's ...
[2026-06-07 22:26:58] [LiveCC] [00:44.17-00:45.67] an accident. It ...
[2026-06-07 22:27:00] [LiveCC] [00:45.67-00:47.00] went in. That wasn't even my ...
[2026-06-07 22:27:04] [LiveCC] [00:49.67-00:51.00] wasn't really my fault. It was the ball's ...
[2026-06-07 22:27:05] [LiveCC] [00:51.00-00:52.33] blame. The ball should have gone through that hoop and then ...
[2026-06-07 22:27:06] [LiveCC] [00:52.33-00:53.67] it would be fine. But no, the ball ...
[2026-06-07 22:27:09] [LiveCC] [00:55.00-00:56.33] and try again. ...
[2026-06-07 22:27:12] [LiveCC] [00:57.67-00:59.00] Nope, not even close. ... ...
[2026-06-07 22:27:14] [LiveCC] [01:00.33-01:01.67] Let's start over from the very beginning here. ...
[2026-06-07 22:27:25] [LiveCC] [01:11.00-01:12.33] let's go ahead and do it again. ...
[2026-06-07 22:27:28] [LiveCC] [01:13.67-01:15.00] That is the first one. ... And then ...
[2026-06-07 22:27:32] [LiveCC] [01:17.67-01:19.00] It did work this time. ... ...
[2026-06-07 22:27:35] [LiveCC] [01:21.67-01:23.00] It was ...
[2026-06-07 22:27:37] [LiveCC] [01:23.00-01:24.33] the third, and it went in. ...
[2026-06-07 22:27:45] [LiveCC] [01:31.00-01:32.33] the hoop because why not? ...
[2026-06-07 22:27:46] [LiveCC] [01:32.33-01:33.67] So that's exactly ...
[2026-06-07 22:27:48] [LiveCC] [01:33.67-01:35.00] what I wanted to do today, and ...
[2026-06-07 22:27:54] [LiveCC] [01:40.33-01:41.67] it's okay. It was still ...
[2026-06-07 22:27:56] [LiveCC] [01:41.67-01:43.00] a good shot. ...
[2026-06-07 22:28:00] [LiveCC] [01:45.67-01:47.00] Nope. No. ...02681930346511138788
[2026-06-07 22:28:01] Playback/Inference finished
[2026-06-07 22:28:01] 停止推論
[2026-06-07 22:28:01] 錄音已儲存: logs/recordings/file_20260607_222613.wav
[2026-06-07 22:28:02] Playback/Inference finished
[2026-06-08 15:18:59] 已載入影片：VR_Frank_basketball.mp4
[2026-06-08 15:19:04] Starting inference (Style: 標準播報型, TTS: gemini)
[2026-06-08 15:19:04] 開始推論 (Style: 標準播報型, TTS: gemini)
[2026-06-08 15:19:04] [LiveCC] [00:00.00-00:01.33] The ball goes up to the basket. The ...
[2026-06-08 15:19:06] [LiveCC] [00:01.33-00:02.67] player resets it. ...
[2026-06-08 15:19:09] [LiveCC] [00:04.00-00:05.33] It bounces off of the ...
[2026-06-08 15:19:13] [LiveCC] [00:08.00-00:09.33] And again, this one's ...
[2026-06-08 15:19:21] [LiveCC] [00:16.00-00:17.33] a few more times just to make sure ...
[2026-06-08 15:19:28] [LiveCC] [00:22.67-00:24.00] It's just like that. You're shooting ...
[2026-06-08 15:19:29] [LiveCC] [00:24.00-00:25.33] it and then ...
[2026-06-08 15:19:30] [LiveCC] [00:25.33-00:26.67] you're getting it to go through ...
[2026-06-08 15:19:33] [LiveCC] [00:28.00-00:29.33] it all, because ...
[2026-06-08 15:19:34] [LiveCC] [00:29.33-00:30.67] you have to get it to bounce ...
[2026-06-08 15:19:36] [LiveCC] [00:30.67-00:32.00] off the rim correctly ...
[2026-06-08 15:19:38] [LiveCC] [00:33.33-00:34.67] off the rim, come back up, ...
[2026-06-08 15:19:40] [LiveCC] [00:34.67-00:36.00] go through the hoop. That's what we want to ...
[2026-06-08 15:19:41] [LiveCC] [00:36.00-00:37.33] do here. And if we can do ...
[2026-06-08 15:19:44] [LiveCC] [00:38.67-00:40.00] go for that extra ...
[2026-06-08 15:19:45] [LiveCC] [00:40.00-00:41.33] distance or whatever it is. ...
[2026-06-08 15:19:46] 停止推論
[2026-06-08 15:19:46] 錄音已儲存: logs/recordings/file_20260608_151903.wav
[2026-06-08 15:19:46] Playback/Inference finished
[2026-06-08 15:19:46] Playback/Inference finished
[2026-06-08 15:19:48] Starting inference (Style: 標準播報型, TTS: gemini)
[2026-06-08 15:19:48] 開始推論 (Style: 標準播報型, TTS: gemini)
[2026-06-08 15:19:51] [LiveCC] [00:01.33-00:02.67] player watches as it goes ...
[2026-06-08 15:19:52] [LiveCC] [00:02.67-00:04.00] up. The player then ...
[2026-06-08 15:19:53] [LiveCC] [00:04.00-00:05.33] sees it drop through the ...
[2026-06-08 15:19:54] [LiveCC] [00:05.33-00:06.67] basket, and ...
[2026-06-08 15:19:58] [LiveCC] [00:09.33-00:10.67] then shoots again, and this time ...
[2026-06-08 15:20:01] [LiveCC] [00:12.00-00:13.33] it bounces off of it.
[2026-06-08 15:20:02] [LiveCC] [00:13.33-00:14.67] goes back up into the air.
[2026-06-08 15:20:04] [LiveCC] [00:14.67-00:16.00] then he shoots again.
[2026-06-08 15:20:05] [LiveCC] [00:16.00-00:17.33] He hits it! He hit that three ball!
[2026-06-08 15:20:07] [LiveCC] [00:17.33-00:18.67] And another one! He's on fire!
[2026-06-08 15:20:09] [LiveCC] [00:20.00-00:21.33] Another one, and this time he misses. But I think he'll make his next shot.
[2026-06-08 15:20:10] [LiveCC] [00:21.33-00:22.83] And it goes in. He makes the next one.
[2026-06-08 15:20:12] [LiveCC] [00:22.83-00:24.17] He has to try again because that was a miss.
[2026-06-08 15:20:13] [LiveCC] [00:24.17-00:25.50] Oh, but he makes it this time.
[2026-06-08 15:20:15] [LiveCC] [00:25.50-00:26.83] This guy is really good at basketball.
[2026-06-08 15:20:17] [LiveCC] [00:28.17-00:29.50] that he's actually pretty good at this game.
[2026-06-08 15:20:19] [LiveCC] [00:29.50-00:30.83] He's got some skills. He knows how to play. He ...
[2026-06-08 15:20:20] [LiveCC] [00:30.83-00:32.17] knows what to do when he's playing. ...
[2026-06-08 15:20:22] [LiveCC] [00:32.17-00:33.50] He knows where the ball is going, and he can make it go in the basket. And then you see him dunking on
[2026-06-08 15:20:23] [LiveCC] [00:33.50-00:34.83] can get rebounds. He has good rebounding ability ...
[2026-06-08 15:20:24] [LiveCC] [00:34.83-00:36.17] too. He gets those ...
[2026-06-08 15:20:25] [LiveCC] [00:36.17-00:37.50] rebounds as well. ...
[2026-06-08 15:20:32] [LiveCC] [00:43.00-00:44.33] the first try, guys. ...
[2026-06-08 15:20:33] [LiveCC] [00:44.33-00:45.83] That's pretty good for me. ... ...
[2026-06-08 15:20:35] [LiveCC] [00:45.83-00:47.17] Okay, so let's go to the next ...
[2026-06-08 15:20:36] [LiveCC] [00:47.17-00:48.50] Okay, that was really bad. ...
[2026-06-08 15:20:38] [LiveCC] [00:48.50-00:49.83] That's not even close. ... 16 and ...
[2026-06-08 15:20:41] [LiveCC] [00:51.17-00:52.50] Yeah, you have to do like a little spin move or something. ... Oh! ...
[2026-06-08 15:20:48] [LiveCC] [00:59.17-01:00.50] keep shooting the ball like this and ...
[2026-06-08 15:20:50] [LiveCC] [01:00.50-01:01.83] it'll keep going up there. ...
[2026-06-08 15:20:52] [LiveCC] [01:03.17-01:04.50] There's no way to stop it from ...
[2026-06-08 15:20:54] [LiveCC] [01:04.50-01:05.83] going up there if you do that. It just ...
[2026-06-08 15:20:55] [LiveCC] [01:05.83-01:07.17] keeps going up higher and higher. ... And then when you get up ...
[2026-06-08 15:20:58] [LiveCC] [01:08.50-01:09.83] goes through the ceiling? ...
[2026-06-08 15:21:00] [LiveCC] [01:11.17-01:12.50] it goes through the roof ...
[2026-06-08 15:21:07] [LiveCC] [01:17.83-01:19.17] it's right there. ...
[2026-06-08 15:21:14] [LiveCC] [01:24.50-01:25.83] take it back and try again because ...
[2026-06-08 15:21:15] [LiveCC] [01:25.83-01:27.17] that's not how you shoot the ball in this ...
[2026-06-08 15:21:26] [LiveCC] [01:36.50-01:37.83] it's pretty cool. ...
[2026-06-08 15:21:27] [LiveCC] [01:37.83-01:39.17] So I'm just gonna do this for a little bit ...
[2026-06-08 15:21:28] [LiveCC] [01:39.17-01:40.50] longer and then we'll go into some other ...
[2026-06-08 15:21:29] [LiveCC] [01:40.50-01:41.83] stuff, but yeah...
[2026-06-08 15:21:30] 停止推論
[2026-06-08 15:21:30] 錄音已儲存: logs/recordings/file_20260608_151948.wav
[2026-06-08 15:21:30] Playback/Inference finished
[2026-06-08 15:21:30] Playback/Inference finished
[2026-06-08 15:42:58] 已載入影片：VR_Frank_basketball.mp4
[2026-06-08 15:43:02] Starting inference (Style: 標準播報型, TTS: gemini)
[2026-06-08 15:43:02] 開始推論 (Style: 標準播報型, TTS: gemini)
[2026-06-08 15:43:04] [LiveCC] [00:00.00-00:01.33] The player shoots the ball into the basket. The ball goes in. ...
[2026-06-08 15:43:07] [LiveCC] [00:02.67-00:04.00] And then it bounces off of ...
[2026-06-08 15:43:09] [LiveCC] [00:05.33-00:06.67] the backboard and out of bounds, right?
[2026-06-08 15:43:12] [LiveCC] [00:08.00-00:09.33] goes through the hoop, but not ...
[2026-06-08 15:43:13] [LiveCC] [00:09.33-00:10.83] all the way through. It gets ...
[2026-06-08 15:43:15] [LiveCC] [00:10.83-00:12.17] stuck on the rim and then falls off into the basket.
[2026-06-08 15:43:16] [LiveCC] [00:12.17-00:13.50] back onto the court.
[2026-06-08 15:43:17] [LiveCC] [00:13.50-00:14.83] through the hoop again, hits the ...
[2026-06-08 15:43:19] [LiveCC] [00:14.83-00:16.17] rim, bounces back to me. ...
[2026-06-08 15:43:25] [LiveCC] [00:21.50-00:22.83] it's fun to do it though. ...
[2026-06-08 15:43:36] [LiveCC] [00:32.17-00:33.50] That's three in a row, ...
[2026-06-08 15:43:37] [LiveCC] [00:33.50-00:34.83] baby! That's four ...
[2026-06-08 15:43:39] [LiveCC] [00:34.83-00:36.17] in a row now, baby! ...
[2026-06-08 15:43:41] [LiveCC] [00:37.50-00:38.83] straight. So yeah, ...
[2026-06-08 15:43:48] [LiveCC] [00:44.17-00:45.50] in real life, but I'm doing it in VR. ...
[2026-06-08 15:43:49] 停止推論
[2026-06-08 15:43:49] 錄音已儲存: logs/recordings/file_20260608_154302.wav
[2026-06-08 15:43:49] Playback/Inference finished
[2026-06-08 15:43:49] [LiveCC] [00:45.50-00:46.83] And then you go to the next one, and there's ...
[2026-06-08 15:43:49] Playback/Inference finished
[2026-06-08 15:52:09] 已載入影片：VR_Frank_basketball.mp4
[2026-06-08 17:56:49] 已載入影片：VR_Frank_basketball.mp4
[2026-06-08 17:56:52] Starting inference (Style: 標準播報型, TTS: gemini)
[2026-06-08 17:56:52] 開始推論 (Style: 標準播報型, TTS: gemini)
[2026-06-08 17:56:53] [LiveCC] [00:00.00-00:01.33] The basketball goes up towards the hoop, then drops ...
[2026-06-08 17:56:55] [LiveCC] [00:01.33-00:02.67] through the net. ...
[2026-06-08 17:56:56] [LiveCC] [00:02.67-00:04.00] After that, the ...
[2026-06-08 17:56:57] [LiveCC] [00:04.00-00:05.33] player takes another ...
[2026-06-08 17:56:59] [LiveCC] [00:05.33-00:06.67] player takes another shot and scores again.
[2026-06-08 17:57:00] [LiveCC] [00:06.67-00:08.00] shot is shown in slow motion ...
[2026-06-08 17:57:01] [LiveCC] [00:08.00-00:09.33] and then the player's score ...
[2026-06-08 17:57:04] [LiveCC] [00:10.67-00:12.00] goes up to 34 points!
[2026-06-08 17:57:05] [LiveCC] [00:12.00-00:13.50] and he makes another three ...
[2026-06-08 17:57:07] [LiveCC] [00:13.50-00:14.83] -pointer, bringing his total ...
[2026-06-08 17:57:08] [LiveCC] [00:14.83-00:16.17] to 39 points. ...
[2026-06-08 17:57:10] [LiveCC] [00:16.17-00:17.50] 40 pointsHe's going for the record!
[2026-06-08 17:57:11] [LiveCC] [00:17.50-00:18.83] He made it! He ...
[2026-06-08 17:57:12] [LiveCC] [00:18.83-00:20.17] made it! And he's still ...
[2026-06-08 17:57:13] [LiveCC] [00:20.17-00:21.50] going for more! ...
[2026-06-08 17:57:16] [LiveCC] [00:22.83-00:24.17] he can do 30, but ...
[2026-06-08 17:57:19] [LiveCC] [00:25.50-00:26.83] be able to hold up by then. ...
[2026-06-08 17:57:22] [LiveCC] [00:28.17-00:29.50] It's like... Oh yeah! That was good! ...
[2026-06-08 17:57:29] [LiveCC] [00:34.83-00:36.17] Oh, no! ...no! ...No! ...What? ...What's wrong with the game? Why is this happening?
[2026-06-08 17:57:30] [LiveCC] [00:36.17-00:37.50] Why did I miss that shot? ...That was an easy one to make! ...That's why you're not playing pro ball
[2026-06-08 17:57:32] [LiveCC]ㄎ [00:38.83-00:40.17] I missed it again, but... It was close!
[2026-06-08 17:57:34] [LiveCC] [00:40.17-00:41.50] Oh no, I'm missing them all now!
[2026-06-08 17:57:39] [LiveCC] [00:45.50-00:46.83] A user can wear a headset ...
[2026-06-08 17:57:40] [LiveCC] [00:46.83-00:48.17] and controllers to ...
[2026-06-08 17:57:43] [LiveCC] [00:49.50-00:50.83] virtual world, ...
[2026-06-08 17:57:44] [LiveCC] [00:50.83-00:52.17] move in the virtual space, ...
[2026-06-08 17:57:45] [LiveCC] [00:52.17-00:53.50] the game can be played by ...
[2026-06-08 17:57:47] [LiveCC] [00:53.50-00:54.83] multiple people at ...
[2026-06-08 17:57:48] [LiveCC] [00:54.83-00:56.17] once. The ...
[2026-06-08 17:57:51] [LiveCC] [00:57.50-00:58.83] multiple players ...
[2026-06-08 17:57:52] [LiveCC] [00:58.83-01:00.17] playing the same game, right? ...
[2026-06-08 17:57:56] [LiveCC] [01:02.83-01:04.17] It looks like he's trying to do something with his hands here.
[2026-06-08 17:57:57] [LiveCC] [01:04.17-01:05.50] and then he jumps up and shoots the ball.
[2026-06-08 17:57:59] [LiveCC] [01:05.50-01:06.83] And then again, he tries to shoot the ball and jump up at the same time. It seems like there might be some sort
[2026-06-08 17:58:01] [LiveCC] [01:06.83-01:08.17] The video shows a person in a virtual reality (VR) environment attempting to play basketball. The individual is holding a VR controller and
[2026-06-08 17:58:02] [LiveCC] [01:08.17-01:09.50] and successfully shoots the ball into the hoop multiple times. The player appears focused on making accurate shots while moving around the space.
[2026-06-08 17:58:03] [LiveCC] [01:09.50-01:10.83] This sequence captures the essence of immersive VR gaming as the player interacts with the virtual world through physical movements.
[2026-06-08 17:58:05] [LiveCC] [01:10.83-01:12.17] As the game progresses, the player continues to demonstrate their skill by repeatedly shooting the ball towards the basket, maintaining focus and accuracy throughout
[2026-06-08 17:58:07] [LiveCC] [01:13.50-01:14.83] Another successful shot!
[2026-06-08 17:58:08] [LiveCC] [01:14.83-01:16.17] Great form!
[2026-06-08 17:58:10] [LiveCC] [01:16.17-01:17.50] One more time for good measure!
[2026-06-08 17:58:12] [LiveCC] [01:18.83-01:20.17] one more try and then ...
[2026-06-08 17:58:19] [LiveCC] [01:25.50-01:26.83] fun to play. ...
[2026-06-08 17:58:26] [LiveCC] [01:32.17-01:33.50] plays basketball in an ...
[2026-06-08 17:58:27] [LiveCC] [01:33.50-01:34.83] empty room. ...
[2026-06-08 17:58:30] [LiveCC] [01:36.33-01:37.67] empty room, but it's like he has a whole crowd cheering for him. He makes some shots and then... ...
[2026-06-08 17:58:31] [LiveCC] [01:37.67-01:39.00] He gets into the zone and starts dunking on people. ...
[2026-06-08 17:58:32] [LiveCC] [01:39.00-01:40.33] But wait! ...
[2026-06-08 17:58:36] [LiveCC] [01:41.83-01:43.17] A virtual reality basketball game suddenly interrupts his practice session, throwing him off balance and causing him to miss the shot. However, he
[2026-06-08 17:58:37] [LiveCC] [01:43.17-01:44.50] He quickly recovers from the distraction and continues practicing, determined to improve his skills despite the interruption.
[2026-06-08 17:58:38] [LiveCC] [01:44.50-01:45.83] The video wraps up with him successfully making another basket in VR, demonstrating his resilience and dedication to improving his basketball skills.
[2026-06-08 17:58:40] [LiveCC] [01:45.83-01:47.17] As he stands back up, ready for more shots, it's clear that this young man is not only passionate about basketball but also
[2026-06-08 17:58:41] [LiveCC] [01:47.17-01:48.50] He is determined to master the game and become an expert player. He continues practicing his shooting skills in VR Hoopster Basketball,
[2026-06-08 17:58:41] Playback/Inference finished
[2026-06-08 17:58:41] 停止推論
[2026-06-08 17:58:41] Playback/Inference finished
[2026-06-09 20:05:09] Starting inference (Style: 標準播報型, TTS: local)
[2026-06-09 20:05:09] 開始推論 (Style: 標準播報型, TTS: local)
[2026-06-09 20:05:12] [LiveCC] [00:01.33-00:02.67] hoop. The player watches it ...
[2026-06-09 20:05:13] [LiveCC] [00:02.67-00:04.00] go in. ...
[2026-06-09 20:05:14] [LiveCC] [00:04.00-00:05.33] Then he gets another one. ... ...
[2026-06-09 20:05:16] [LiveCC] [00:05.33-00:06.67] Go in and get the ball, then shoot it through the hoop. ...
[2026-06-09 20:05:17] [LiveCC] [00:06.67-00:08.00] And again, ...
[2026-06-09 20:05:20] [LiveCC] [00:09.33-00:10.67] get the ball and shoot ...
[2026-06-09 20:05:26] [LiveCC] [00:16.00-00:17.33] controllers allow the user to ...
[2026-06-09 20:05:29] [LiveCC] [00:18.83-00:20.17] immersive environment, ...
[2026-06-09 20:05:31] [LiveCC] [00:20.17-00:21.50] control their virtual avatar and interact with objects in the virtual space. They can also be used for physical activities like sports or exercise.
[2026-06-09 20:05:32] [LiveCC] [00:21.50-00:22.83] play games, work out, or even ...
[2026-06-09 20:05:33] [LiveCC] [00:22.83-00:24.17] attend meetings virtually ...
[2026-06-09 20:05:35] [LiveCC] [00:24.17-00:25.50] while wearing VR headsets. ...
[2026-06-09 20:05:39] [LiveCC] [00:28.17-00:29.50] It's like... ...you're playing ...
[2026-06-09 20:05:40] [LiveCC] [00:29.50-00:30.83] like a video game or something ...
[2026-06-09 20:05:41] [LiveCC] [00:30.83-00:32.17] basketball, but in virtual reality. ...
[2026-06-09 20:05:42] [LiveCC] [00:32.17-00:33.50] But it's not just any ...
[2026-06-09 20:05:44] [LiveCC] [00:33.50-00:34.83] video game. It's ...
[2026-06-09 20:05:48] [LiveCC] [00:37.50-00:38.83] it's an augmented reality ...
[2026-06-09 20:05:49] [LiveCC] [00:38.83-00:40.17] video game that has been ...
[2026-06-09 20:05:51] [LiveCC] [00:40.17-00:41.50] developed by the company ...
[2026-06-09 20:05:52] [LiveCC] [00:41.50-00:43.00] developed by the team at ...
[2026-06-09 20:05:56] [LiveCC] [00:45.67-00:47.00] company in Taiwan. ...
[2026-06-09 20:05:58] [LiveCC] [00:47.00-00:48.33] Wu is practicing basketball with his head mounted VR headset, while on the right side of the screen we see a virtual reality game
[2026-06-09 20:06:00] [LiveCC] [00:49.67-00:51.00] the virtual hoop. Wu reacts to the shot as he watches it fly through the virtual space.
[2026-06-09 20:06:02] [LiveCC] [00:51.00-00:52.33] and then picks up another ball from the floor. He prepares for another shot.
[2026-06-09 20:06:03] [LiveCC] [00:52.33-00:53.67] e shoots again, but this time the ball goes into the hoop on its own, without any physical movement from e.
[2026-06-09 20:06:04] [LiveCC] [00:53.67-00:55.17] The video ends with e standing in front of the window, watching the basketball game intently.
[2026-06-09 20:06:06] [LiveCC] [00:55.17-00:56.50] Time=5=54.8s The video concludes with e still engaged in the VR experience, maintaining their focus on the
[2026-06-09 20:06:07] [LiveCC] [00:56.50-00:57.83] the immersive VR gaming environment.
[2026-06-09 20:06:09] [LiveCC] [00:57.83-00:59.17] The video continues to showcase the immersive virtual reality (VR) basketball game being played by E. The scene is split into two parts
[2026-06-09 20:06:10] [LiveCC] [00:59.17-01:00.50] E's actions and movements are mirrored on the right side of the screen, providing a clear view of the virtual court and hoopster
[2026-06-09 20:06:13] [LiveCC] [01:01.83-01:03.17] Throughout this clip, E remains fully immersed in the game, showcasing both concentration and engagement as they continue to play
[2026-06-09 20:06:14] [LiveCC] [01:03.17-01:04.50] The video continues to show T playing basketball in VR, with their movements mimicking those of an actual player on the court. The
[2026-06-09 20:06:15] [LiveCC] [01:04.50-01:05.83] T is actively engaged in shooting at the basket multiple times throughout the clip.
[2026-06-09 20:06:16] [LiveCC] [01:05.83-01:07.33] Each shot is captured from different angles, highlighting the immersive experience provided by the virtual reality setup.
[2026-06-09 20:06:18] [LiveCC] [01:07.33-01:08.67] Throughout the clip, T maintains focus while engaging in various shots. The video wraps up with T taking one final shot towards the hoop
[2026-06-09 20:06:19] [LiveCC] [01:08.67-01:10.00] The basketball lands in the hoop and bounces off it before falling to the ground.
[2026-06-09 20:06:23] [LiveCC] [01:12.67-01:14.00] This time, the ball goes through the hoop successfully.
[2026-06-09 20:06:27] [LiveCC] [01:16.67-01:18.17] This time, they make another successful shot. The video concludes with them celebrating their achievement by raising their arms in triumph.
[2026-06-09 20:06:29] [LiveCC] [01:18.17-01:19.50] Overall, the video showcases the person's persistence and skill development as they improve from missing shots to making successful ones in the VR game
[2026-06-09 20:06:30] [LiveCC] [01:19.50-01:20.83] In this segment, we see the individual practicing their basketball shooting skills within the virtual reality (VR) game environment. The player is
[2026-06-09 20:06:32] [LiveCC] [01:20.83-01:22.17] is seen taking multiple shots at the hoop, with varying degrees of success. Initially, there is a missed shot indicated by the text
[2026-06-09 20:06:33] [LiveCC] [01:22.17-01:23.67] basketball not going through the hoop. However, the player continues to practice, demonstrating perseverance. Eventually, a successful shot is made
[2026-06-09 20:06:35] [LiveCC] [01:23.67-01:25.00] occurs, signifying progress and improvement. This clip highlights the theme of determination and skill enhancement in overcoming initial challenges.
[2026-06-09 20:06:36] [LiveCC] [01:25.00-01:26.50] The video showcases the dedication and effort put into improving one's skills, particularly in basketball. The person is seen practicing their shooting technique
[2026-06-09 20:06:37] [LiveCC] [01:26.50-01:27.83] in a virtual reality setting.
[2026-06-09 20:06:38] [LiveCC] [01:27.83-01:29.17] Despite some missed shots, they continue to practice until they successfully make it through the game.
[2026-06-09 20:06:40] [LiveCC] [01:29.17-01:30.50] This demonstrates perseverance and progress in mastering new skills.
[2026-06-09 20:06:41] [LiveCC] [01:30.50-01:31.83] The person continues to practice, making several attempts at the basketball hoop before finally succeeding. The video concludes with the text 'Practice'
[2026-06-09 20:06:43] [LiveCC] [01:31.83-01:33.17] w - 19 Practice' appearing on the screen, indicating that this is part of a series of practice sessions.
[2026-06-09 20:06:44] [LiveCC] [01:33.17-01:34.50] This highlights the importance of continuous effort and dedication in improving one's abilities within VR gaming or training simulations.
[2026-06-09 20:06:45] [LiveCC] [01:34.50-01:35.83] As the individual takes another shot, the ball again misses, but their determination remains evident as they continue practicing.
[2026-06-09 20:06:46] [LiveCC] [01:35.83-01:37.17] The individual continues to practice basketball shots in the virtual reality environment, taking another shot and aiming for the hoop with precision. The screen
[2026-06-09 20:06:48] [LiveCC] [01:37.17-01:38.67] This time, the shot is successful, hitting the target. The individual celebrates this achievement by raising their arms triumphantly. The video
[2026-06-09 20:06:50] [LiveCC] [01:38.67-01:40.00] individual's excitement is palpable as they celebrate the successful shot, indicating that despite initial setbacks, perseverance has paid off.
[2026-06-09 20:06:51] [LiveCC] [01:40.00-01:41.33] Time = 104.6 - 113.3 seconds
[2026-06-09 20:06:53] [LiveCC] [01:42.67-01:44.00] They successfully make a shot at the basket, celebrating their achievement with visible excitement
[2026-06-09 20:06:55] [LiveCC] [01:44.00-01:45.33] This highlights the theme of overcoming challenges to achieve success
[2026-06-09 20:06:56] [LiveCC] [01:45.33-01:46.67] In the following frames, the person is seen holding a VR controller, possibly preparing for another attempt or reviewing the previous play
[2026-06-09 20:06:57] [LiveCC] [01:46.67-01:48.17] The video begins with a view of an empty basketball court from behind the three-point line. The camera then shifts to show a person
[2026-06-09 20:06:58] Playback/Inference finished
[2026-06-09 20:06:58] 停止推論
[2026-06-09 20:06:58] 錄音已儲存: logs/recordings/file_20260609_200509.wav
[2026-06-09 20:06:58] Playback/Inference finished
[2026-06-09 20:23:26] Starting inference (Style: 標準播報型, TTS: local)
[2026-06-09 20:23:26] 開始推論 (Style: 標準播報型, TTS: local)
[2026-06-09 20:23:27] 停止推論
[2026-06-09 20:23:27] 錄音已儲存: logs/recordings/file_20260609_202326.wav
[2026-06-09 20:23:27] Playback/Inference finished
[2026-06-09 20:23:27] Playback/Inference finished
[2026-06-09 20:23:54] 已載入影片：VR_Frank_basketball.mp4
[2026-06-09 20:24:00] Starting inference (Style: 標準播報型, TTS: openai)
[2026-06-09 20:24:00] 開始推論 (Style: 標準播報型, TTS: openai)
[2026-06-09 20:24:01] [LiveCC] [00:00.00-00:01.33] The basketball goes up towards the basket, then drops through the hoop. The ...
[2026-06-09 20:24:03] [LiveCC] [00:01.33-00:02.67] player catches it again to take another ...
[2026-06-09 20:24:04] [LiveCC] [00:02.67-00:04.00] shot. This time the ball ...
[2026-06-09 20:24:05] [LiveCC] [00:04.00-00:05.33] bounces off the backboard but still ...
[2026-06-09 20:24:07] [LiveCC] [00:05.33-00:06.67] goes in!
[2026-06-09 20:24:08] [LiveCC] [00:06.67-00:08.00] hits the rim and goes ...
[2026-06-09 20:24:16] [LiveCC] [00:14.67-00:16.00] getting better at this game. ... ...
[2026-06-09 20:24:20] [LiveCC] [00:18.67-00:20.00] Another miss! ...
[2026-06-09 20:24:21] [LiveCC] [00:20.00-00:21.33] And another ...
[2026-06-09 20:24:23] [LiveCC] [00:21.33-00:22.67] miss. And yet ...
[2026-06-09 20:24:27] [LiveCC] [00:25.33-00:26.67] game. But that's okay, ...
[2026-06-09 20:24:28] [LiveCC] [00:26.67-00:28.00] because it's just practice. ...
[2026-06-09 20:24:29] [LiveCC] [00:28.00-00:29.33] because it's... It's just ...
[2026-06-09 20:24:32] [LiveCC] [00:30.67-00:32.00] It's just... ...
[2026-06-09 20:24:35] [LiveCC] [00:33.33-00:34.67] a basketball game, but the person is wearing a VR headset and holding two controllers while playing.
[2026-06-09 20:24:36] [LiveCC] [00:34.67-00:36.00] It's just a basketball game.
[2026-06-09 20:24:39] [LiveCC] [00:37.33-00:38.67] just basketball. It's not ...
[2026-06-09 20:24:40] [LiveCC] [00:38.67-00:40.00] a VR game, but it is ...
[2026-06-09 20:24:41] [LiveCC] [00:40.00-00:41.33] just a VR ...
[2026-06-09 20:24:42] [LiveCC] [00:41.33-00:42.83] game either. ...
[2026-06-09 20:24:44] [LiveCC] [00:42.83-00:44.17] It's a real-life ...
[2026-06-09 20:24:46] [LiveCC] [00:44.17-00:45.50] basketball player, but I'm not sure how much of that is true. The basketball hoop in the room is actually a screen
[2026-06-09 20:24:47] [LiveCC] [00:45.50-00:46.83] simulated by the VR headset. ...
[2026-06-09 20:24:48] [LiveCC] [00:46.83-00:48.17] The person shooting ...
[2026-06-09 20:24:51] [LiveCC] [00:49.50-00:50.83] basketball in a virtual reality game.
[2026-06-09 20:24:55] [LiveCC] [00:53.50-00:54.83] Take another shot if you want to continue improving.
[2026-06-09 20:24:59] [LiveCC] [00:57.50-00:58.83] Oh, there we go! That's more like it.
[2026-06-09 20:25:00] [LiveCC] [00:58.83-01:00.17] That one looks pretty good. Keep practicing and see how your skills improve over time.
[2026-06-09 20:25:02] [LiveCC] [01:00.17-01:01.50] That was actually really impressive! You're getting the hang of it. Keep up the practice, and you'll be shooting hoops like
[2026-06-09 20:25:07] [LiveCC] [01:05.67-01:07.17] VR basketball training has been around ...
[2026-06-09 20:25:08] [LiveCC] [01:07.17-01:08.50] for years, but this is the ...
[2026-06-09 20:25:10] [LiveCC] [01:08.50-01:09.83] first time we've seen it with ...
[2026-06-09 20:25:13] [LiveCC] [01:11.17-01:12.50] the help of virtual reality.
[2026-06-09 20:25:14] [LiveCC] [01:12.50-01:14.00] help of virtual ...
[2026-06-09 20:25:15] [LiveCC] [01:14.00-01:15.33] reality. He's got to be able ...
[2026-06-09 20:25:19] [LiveCC] [01:18.17-01:19.67] see what the ball is doing. It's like ...
[2026-06-09 20:25:21] [LiveCC] [01:19.67-01:21.00] he has a blindfold on or something. ...
[2026-06-09 20:25:22] [LiveCC] [01:21.00-01:22.33] And now he's shooting with both hands. ... ...
[2026-06-09 20:25:24] [LiveCC] [01:22.33-01:23.67] I think that was the first time I saw him shoot like this. He had his eyes covered and everything, but...
[2026-06-09 20:25:25] [LiveCC] [01:23.67-01:25.17] He's still doing it though!
[2026-06-09 20:25:28] [LiveCC] [01:26.50-01:28.00] It looks like he's actually ...
[2026-06-09 20:25:33] [LiveCC] [01:32.00-01:33.33] A virtual reality headset ...
[2026-06-09 20:25:35] [LiveCC] [01:33.33-01:34.67] tracks the user's head and ...
[2026-06-09 20:25:36] [LiveCC] [01:34.67-01:36.00] hand movements, ...
[2026-06-09 20:25:37] [LiveCC] [01:36.00-01:37.33] which are then translated ...
[2026-06-09 20:25:39] [LiveCC] [01:37.33-01:38.67] which are then transformed into the VR world to play basketball in a game.
[2026-06-09 20:25:47] [LiveCC] [01:45.33-01:46.67] championship with this game. ...
[2026-06-09 20:25:48] [LiveCC] [01:46.67-01:48.00] But there is some fun in ...
[2026-06-09 20:25:49] Playback/Inference finished
[2026-06-09 20:25:49] 停止推論
[2026-06-09 20:25:49] 錄音已儲存: logs/recordings/file_20260609_202400.wav
[2026-06-09 20:25:49] Playback/Inference finished
[2026-06-12 16:13:45] 已載入影片：VR_Frank_basketball.mp4
[2026-06-12 16:13:53] Starting inference (Style: 標準播報型, TTS: openai)
[2026-06-12 16:13:53] 開始推論 (Style: 標準播報型, TTS: openai)
[2026-06-12 16:13:55] [LiveCC] [00:01.33-00:02.67] net. The player catches ...
[2026-06-12 16:13:57] [LiveCC] [00:02.67-00:04.00] it again to try another ...
[2026-06-12 16:13:58] [LiveCC] [00:04.00-00:05.33] shot. The ball bounces ...
[2026-06-12 16:14:00] [LiveCC] [00:05.33-00:06.67] off the rim and goes out of bounds, but ...
[2026-06-12 16:14:02] [LiveCC] [00:08.00-00:09.33] She takes yet another ...
[2026-06-12 16:14:03] [LiveCC] [00:09.33-00:10.67] shot, which also misses, ...
[2026-06-12 16:14:06] [LiveCC] [00:12.00-00:13.33] the hoopster hops game ...
[2026-06-12 16:14:07] [LiveCC] [00:13.33-00:14.67] she's playing in vr. ...
[2026-06-12 16:14:09] [LiveCC] [00:14.67-00:16.00] She keeps taking more and ...
[2026-06-12 16:14:10] [LiveCC] [00:16.00-00:17.33] more shots, but they keep missing.
[2026-06-12 16:14:11] [LiveCC] [00:17.33-00:18.67] She feels frustrated.
[2026-06-12 16:14:13] [LiveCC] [00:18.67-00:20.00] The game is telling her that she needs to ...
[2026-06-12 16:14:14] [LiveCC] [00:20.00-00:21.33] practice shooting better. ...
[2026-06-12 16:14:16] [LiveCC] [00:21.33-00:22.67] practice, and then it tells her to go back up there for another one. She's like, okay. And then the game
[2026-06-12 16:14:17] [LiveCC] [00:22.67-00:24.00] another shot. So this time she goes ...
[2026-06-12 16:14:18] [LiveCC] [00:24.00-00:25.33] up higher again. ...
[2026-06-12 16:14:19] [LiveCC] [00:25.33-00:26.67] And she takes another ...
[2026-06-12 16:14:21] [LiveCC] [00:26.67-00:28.00] shot, and it's in! She ...
[2026-06-12 16:14:22] [LiveCC] [00:28.00-00:29.33] makes the shot once more, ...
[2026-06-12 16:14:25] [LiveCC] [00:30.67-00:32.00] She continues to take ...
[2026-06-12 16:14:26] [LiveCC] [00:32.00-00:33.33] the shot again and again until she gets it right.
[2026-06-12 16:14:27] [LiveCC] [00:33.33-00:34.67] She takes another shot ...
[2026-06-12 16:14:29] [LiveCC] [00:34.67-00:36.00] and this time the ball goes through ...
[2026-06-12 16:14:30] [LiveCC] [00:36.00-00:37.33] again. The text on the screen says ...
[2026-06-12 16:14:31] [LiveCC] [00:37.33-00:38.67] the hoop, but it's not quite enough for a three-pointer.
[2026-06-12 16:14:34] [LiveCC] [00:40.00-00:41.33] but it's still too low to be ...
[2026-06-12 16:14:35] [LiveCC] [00:41.33-00:42.67] considered a two-point shot. ...
[2026-06-12 16:14:37] [LiveCC] [00:42.67-00:44.00] a three -point shot. It hits the rim, goes down ...
[2026-06-12 16:14:38] [LiveCC] [00:44.00-00:45.33] to the bottom of the net. ...
[2026-06-12 16:14:42] [LiveCC] [00:48.00-00:49.33] It's a no good.
[2026-06-12 16:14:43] [LiveCC] [00:49.33-00:50.67] to the bottom. ...
[2026-06-12 16:14:49] 停止推論
[2026-06-12 16:14:49] 錄音已儲存: logs/recordings/file_20260612_161353.wav
[2026-06-12 16:14:49] Playback/Inference finished
[2026-06-12 16:14:49] Playback/Inference finished
[2026-06-12 16:37:33] 已載入影片：wheelchair_short.mp4
[2026-06-12 16:37:33] Starting inference (Style: 標準播報型, TTS: gemini)
[2026-06-12 16:37:33] 開始推論 (Style: 標準播報型, TTS: gemini)
[2026-06-12 16:37:36] [LiveCC] [00:01.33-00:02.67] But it bounces off ...
[2026-06-12 16:37:37] [LiveCC] [00:02.67-00:04.00] and he has to go get it again. ...
[2026-06-12 16:37:41] [LiveCC] [00:06.67-00:08.00] he's trying to play with his hands. ...
[2026-06-12 16:37:44] [LiveCC] [00:09.33-00:10.67] a wheelchair basketball ...
[2026-06-12 16:37:47] [LiveCC] [00:12.00-00:13.33] It's hard because the wheels are too big. ... ...
[2026-06-12 16:37:48] [LiveCC] [00:13.33-00:14.67] So if they were smaller, maybe ...
[2026-06-12 16:37:50] [LiveCC] [00:14.67-00:16.00] it would be easier for me to move around. ... And then ...
[2026-06-12 16:37:56] [LiveCC] [00:21.33-00:22.67] someone actually use this ...
[2026-06-12 16:37:57] Playback/Inference finished
[2026-06-12 16:37:57] 停止推論
[2026-06-12 16:37:57] Playback/Inference finished
[2026-06-12 18:58:53] 已載入影片：basketball_1080p.mp4
[2026-06-12 18:58:54] Starting inference (Style: 標準播報型, TTS: gemini)
[2026-06-12 18:58:54] 開始推論 (Style: 標準播報型, TTS: gemini)
[2026-06-12 18:58:56] [LiveCC] [00:00.00-00:01.33] The ball is in mid-air heading towards the basket.
[2026-06-12 18:58:57] [LiveCC] [00:01.33-00:02.67] It goes into the hoop and bounces ...
[2026-06-12 18:58:59] [LiveCC] [00:04.00-00:05.33] player grabs it again for another ...
[2026-06-12 18:59:01] [LiveCC] [00:05.33-00:06.67] and puts it in! ...
[2026-06-12 18:59:05] [LiveCC] [00:09.50-00:10.83] passes to his teammate, who then passes ...
[2026-06-12 18:59:07] [LiveCC] [00:10.83-00:12.17] to his teammate. He passes the ball to another player on the same team as him, who is shooting for three points from outside
[2026-06-12 18:59:08] [LiveCC] [00:12.17-00:13.50] The opponent's team misses the shot, but quickly gains possession of the ball by grabbing the rebound.
[2026-06-12 18:59:09] [LiveCC] [00:13.50-00:14.83] They advance up the court with great speed, attempting to score before their time runs out.
[2026-06-12 18:59:11] [LiveCC] [00:14.83-00:16.17] A crucial pass is made to a teammate near the basket, who attempts a layup but misses. The rebound is grabbed by another
[2026-06-12 18:59:12] [LiveCC] [00:16.17-00:17.50] player and put back up for an offensive rebound, which also results in a miss. The third player then grabs the ball and successfully
[2026-06-12 18:59:13] [LiveCC] [00:17.50-00:18.83] misses again. This time, however, the fourth player retrieves the ball from the floor and successfully makes a shot.
[2026-06-12 18:59:15] [LiveCC] [00:18.83-00:20.17] The game continues with players on both teams attempting to gain possession of the ball.
[2026-06-12 18:59:16] [LiveCC] [00:20.17-00:21.50] A player from the team wearing white jerseys drives towards the basket and passes it off to a player near the three-point line.
[2026-06-12 18:59:17] [LiveCC] [00:21.50-00:22.83] The player nears the three-pointer attempts a shot but misses, rebounded by a teammate who successfully scores.
[2026-06-12 18:59:20] [LiveCC] [00:24.17-00:25.50] Another player in black jersey receives the ball and dribbles past mid-court before passing it to a teammate on the left side of the
[2026-06-12 18:59:21] [LiveCC] [00:25.50-00:26.83] the court, looking for an opportunity to make a play.
[2026-06-12 18:59:23] [LiveCC] [00:26.83-00:28.17] The player passes the ball to their teammate who is positioned on the opposite side of them. The teammate catches the ball and moves towards
[2026-06-12 18:59:25] [LiveCC] [00:29.67-00:31.00] However, the shot is blocked by the opposing team's defender.
[2026-06-12 18:59:27] [LiveCC] [00:31.00-00:32.33] As a result, the opposing player gains possession of the ball.
[2026-06-12 18:59:28] [LiveCC] [00:32.33-00:33.67] The game continues with Luka Doncic attempting to drive past his opponent. The play ends up being a turnover as the opposing
[2026-06-12 18:59:29] [LiveCC] [00:33.67-00:35.00] opposing player successfully blocks the shot and gains control of the basketball.
[2026-06-12 18:59:31] [LiveCC] [00:35.00-00:36.33] Luka Donchic attempts another drive towards the basket but is once again met with strong defense from the opposing players who manage to
[2026-06-12 18:59:32] [LiveCC] [00:36.33-00:37.67] by a series of blocks and successful defensive plays that lead to multiple turnovers in favor of the opposing side.
[2026-06-12 18:59:33] [LiveCC] [00:37.67-00:39.00] And then he's got a block on the other end, which is ...
[2026-06-12 18:59:36] [LiveCC] [00:40.33-00:41.67] an easy layup when you do ...
[2026-06-12 18:59:37] [LiveCC] [00:41.67-00:43.00] that. They've been playing ...
[2026-06-12 18:59:39] [LiveCC] [00:43.00-00:44.33] the way they have to play the last couple of years, ...
[2026-06-12 18:59:40] [LiveCC] [00:44.33-00:45.67] and be able to get out and run with ...
[2026-06-12 18:59:41] [LiveCC] [00:45.67-00:47.00] them. Jokic ...
[2026-06-12 18:59:42] [LiveCC] [00:47.00-00:48.33] with another nice pass. ...
[2026-06-12 18:59:44] [LiveCC] [00:48.33-00:49.67] to the rim, and it's a 2 -1 lead for Dallas. ...
[2026-06-12 18:59:45] [LiveCC] [00:49.67-00:51.00] Luka is in the open floor. ... ...
[2026-06-12 18:59:47] [LiveCC] [00:51.00-00:52.33] He'll try to go coast-to-coast ...
[2026-06-12 18:59:48] [LiveCC] [00:52.33-00:53.67] and lost control of the ball. ... But ...
[2026-06-12 18:59:49] [LiveCC] [00:53.67-00:55.00] it's picked up by Luka Doncic. ...
[2026-06-12 18:59:51] [LiveCC] [00:55.00-00:56.33] He's got it! ...
[2026-06-12 18:59:55] [LiveCC] [00:59.00-01:00.33] Luka Dončić, the rookie from Slovenia, has been named to the all-rookie team. And he'll be in
[2026-06-12 18:59:56] [LiveCC] [01:00.33-01:01.67] He's a great passer. ...
[2026-06-12 18:59:57] [LiveCC] [01:01.67-01:03.00] Don't sleep on him as an ...
[2026-06-12 18:59:59] [LiveCC] [01:03.00-01:04.33] offensive player either. ... But that was a good ...
[2026-06-12 19:00:00] [LiveCC] [01:04.33-01:05.83] play by ... Time=7 by ...
[2026-06-12 19:00:01] [LiveCC] [01:05.83-01:07.17] Jalen Brunson. He's got 10 ...
[2026-06-12 19:00:03] [LiveCC] [01:07.17-01:08.50] points in the game, and he just ...
[2026-06-12 19:00:04] [LiveCC] [01:08.50-01:09.83] added another one there with ...
[2026-06-12 19:00:05] [LiveCC] [01:09.83-01:11.17] a three ball. And that's what he does best, ...
[2026-06-12 19:00:07] [LiveCC] [01:11.17-01:12.67] shoot threes. ...
[2026-06-12 19:00:09] [LiveCC] [01:14.00-01:15.33] Davison on his ...
[2026-06-12 19:00:11] [LiveCC] [01:15.33-01:16.67] way to the basket and he's fouled by ...
[2026-06-12 19:00:14] [LiveCC] [01:18.00-01:19.33] on Luka. So that'll be ...
[2026-06-12 19:00:15] [LiveCC] [01:19.33-01:20.67] his first of the night, ...
[2026-06-12 19:00:16] [LiveCC] [01:20.67-01:22.17] his third assist of the game. He's got eight points and three assists in this quarter. It's a great start for him
[2026-06-12 19:00:20] [LiveCC] [01:24.83-01:26.17] points here in the first ...
[2026-06-12 19:00:22] [LiveCC] [01:26.17-01:27.50] quarter. The Mavericks have been on fire from downtown, but they're 0 -for-4 tonight. They've missed all
[2026-06-12 19:00:23] [LiveCC] [01:27.50-01:28.83] tonight. That is not good shooting. ...
[2026-06-12 19:00:27] [LiveCC] [01:31.50-01:32.83] And he's got it! Oh, man! He hit the three! ...
[2026-06-12 19:00:28] [LiveCC] [01:32.83-01:34.17] That was a tough shot to make. ...
[2026-06-12 19:00:30] [LiveCC] [01:34.17-01:35.50] Oh, and here comes ...
[2026-06-12 19:00:31] [LiveCC] [01:35.50-01:36.83] Dorian Finney Smith with ...
[2026-06-12 19:00:34] [LiveCC] [01:38.17-01:39.50] that smile on there for good reason. ...
[2026-06-12 19:00:36] [LiveCC] [01:40.83-01:42.17] the last game against the ...
[2026-06-12 19:00:39] [LiveCC] [01:43.50-01:44.83] ankle injury he suffered in their ...
[2026-06-12 19:00:40] [LiveCC] [01:44.83-01:46.33] last meeting here at home ...
[2026-06-12 19:00:42] [LiveCC] [01:46.33-01:47.67] on January 9th. ...
[2026-06-12 19:00:44] [LiveCC] [01:47.67-01:49.00] We'll get to that in just a second, but the Mavs have won five of their last seven games and come into tonight
[2026-06-12 19:00:45] [LiveCC] [01:49.00-01:50.33] four of those victories coming by double digits. ...
[2026-06-12 19:00:46] [LiveCC] [01:50.33-01:51.67] They've also lost four of their ...
[2026-06-12 19:00:47] [LiveCC] [01:51.67-01:53.00] last six road games. ... ...
[2026-06-12 19:00:49] [LiveCC] [01:53.00-01:54.50] games, and that's why they're in this position tonight against the Mavs. ...
[2026-06-12 19:00:51] [LiveCC] [01:55.83-01:57.17] last six road ...
[2026-06-12 19:00:54] 停止推論
[2026-06-12 19:00:54] Playback/Inference finished
[2026-06-12 19:00:54] [LiveCC] [01:58.50-01:59.83] games on their home floor. ...
[2026-06-12 19:00:54] Playback/Inference finished
[2026-06-12 22:23:05] 已載入影片：VR_Frank_basketball.mp4
[2026-06-12 22:23:09] Starting inference (Style: 標準播報型, TTS: openai)
[2026-06-12 22:23:09] 開始推論 (Style: 標準播報型, TTS: openai)
[2026-06-12 22:23:12] [LiveCC] [00:01.33-00:02.67] Bounces off the rim and back into play. ... ...
[2026-06-12 22:23:13] [LiveCC] [00:02.67-00:04.00] Player grabs it again for another ...
[2026-06-12 22:23:15] [LiveCC] [00:04.00-00:05.33] shot. Ball goes up, ...
[2026-06-12 22:23:17] [LiveCC] [00:05.33-00:06.67] and the ball hits the rim and bounces off. The player looks disappointed but continues to practice.
[2026-06-12 22:23:18] [LiveCC] [00:06.67-00:08.00] The player is now looking at their hand in frustration as they try to figure out what's going wrong with their technique.
[2026-06-12 22:23:19] [LiveCC] [00:08.00-00:09.33] ball goes through the hoop! The player celebrates their success and takes a moment to appreciate their improvement.
[2026-06-12 22:23:20] [LiveCC] [00:09.33-00:10.67] Player grabs the basketball again, ready to take another shot.
[2026-06-12 22:23:22] [LiveCC] [00:10.67-00:12.00] Player shoots the ball towards the hoop once more, but this time it misses, prompting them to try again. Time = 1
[2026-06-12 22:23:24] [LiveCC] [00:13.33-00:14.67] The player continues to practice, shooting the ball multiple times in an attempt to improve their accuracy.
[2026-06-12 22:23:26] [LiveCC] [00:14.67-00:16.00] Despite some missed shots, the player remains focused on improving their skills.
[2026-06-12 22:23:27] [LiveCC] [00:16.00-00:17.33] The basketball is seen flying through the air towards the hoop, but it misses and bounces off the rim instead of going in.
[2026-06-12 22:23:30] [LiveCC] [00:18.67-00:20.00] Despite another miss, the person continues to practice, showing determination and persistence in their training.
[2026-06-12 22:23:31] [LiveCC] [00:20.00-00:21.33] Another shot is taken, this time successfully making it into the basket. The video concludes with the person celebrating the successful shot while continuing
[2026-06-12 22:23:34] [LiveCC] [00:22.67-00:24.00] The scene then transitions to show the ball in mid-air, heading towards the hoop. As the ball approaches, we see the text
[2026-06-12 22:23:35] [LiveCC] [00:24.00-00:25.33] ball successfully going through the hoop, indicating another successful shot.
[2026-06-12 22:23:37] [LiveCC] [00:25.33-00:26.67] Finally, the person is seen raising their arms in celebration of yet another successful attempt at shooting the basketball in the VR environment.
[2026-06-12 22:23:38] [LiveCC] [00:26.67-00:28.00] Time=25 four three two one go ...
[2026-06-12 22:23:40] [LiveCC] [00:29.33-00:30.67] really enjoying this game, ...
[2026-06-12 22:23:42] [LiveCC] [00:30.67-00:32.00] it's really fun to play ...
[2026-06-12 22:23:45] [LiveCC] [00:34.67-00:36.00] great as well. ...
[2026-06-12 22:23:47] [LiveCC] [00:36.00-00:37.33] The controls feel very natural ...
[2026-06-12 22:23:51] [LiveCC] [00:40.00-00:41.33] very good, with some nice ...
[2026-06-12 22:23:55] [LiveCC] [00:44.00-00:45.33] here. Oh! ...
[2026-06-12 22:23:59] [LiveCC] [00:48.00-00:49.33] Here's the thing... ...
[2026-06-12 22:24:01] [LiveCC] [00:50.67-00:52.00] in real life. ...
[2026-06-12 22:24:08] [LiveCC] [00:57.33-00:58.67] take that shot, and then we'll ...
[2026-06-12 22:24:09] [LiveCC] [00:58.67-00:60.00] go into the game mode. ...
[2026-06-12 22:24:11] [LiveCC] [00:60.00-01:01.33] So this is how it's done. ... ...
[2026-06-12 22:24:15] [LiveCC] [01:04.00-01:05.33] Oh! Oh! ...
[2026-06-12 22:24:16] [LiveCC] [01:05.33-01:06.67] Yes! Yes! ... (cheering) ... (applause) ... ...
[2026-06-12 22:24:23] [LiveCC] [01:12.00-01:13.33] reality game, where they're shooting the ball into a hoop. ...
[2026-06-12 22:24:24] [LiveCC] [01:13.33-01:14.67] The video shows them walking around and ...
[2026-06-12 22:24:26] [LiveCC] [01:14.67-01:16.00] interacting with the game by holding a controller. ... They ...
[2026-06-12 22:24:27] [LiveCC] [01:16.00-01:17.33] They are playing a basketball game in virtual reality, using a VR headset and a controller to interact with the virtual environment.
[2026-06-12 22:24:28] [LiveCC] [01:17.33-01:18.67] are seen shooting hoops while moving their body to mimic real-life movements.
[2026-06-12 22:24:29] [LiveCC] [01:18.67-01:20.00] shoot at different points on the court.
[2026-06-12 22:24:31] [LiveCC] [01:20.00-01:21.33] The person is fully immersed in the game, as they continue to move around the room while wearing the VR headset.
[2026-06-12 22:24:34] [LiveCC] [01:22.67-01:24.00] A virtual celebration animation appears above the player's head.
[2026-06-12 22:24:34] 停止推論
[2026-06-12 22:24:34] 錄音已儲存: logs/recordings/file_20260612_222309.wav
[2026-06-12 22:24:35] Playback/Inference finished
[2026-06-12 22:24:35] [LiveCC] [01:24.00-01:25.33] Another virtual celebration appears above their head. They jump up with arms raised, celebrating another successful shot.
[2026-06-12 22:24:35] Playback/Inference finished
[2026-06-12 22:25:26] Starting inference (Style: 標準播報型, TTS: openai)
[2026-06-12 22:25:26] 開始推論 (Style: 標準播報型, TTS: openai)
[2026-06-12 22:25:28] [LiveCC] [00:01.33-00:02.67] Basketball goes ...
[2026-06-12 22:25:30] [LiveCC] [00:02.67-00:04.00] through the hoop again. ...
[2026-06-12 22:25:33] [LiveCC] [00:05.33-00:06.67] Basketball goes ...
[2026-06-12 22:25:38] [LiveCC] [00:10.67-00:12.00] A virtual basketball player can ...
[2026-06-12 22:25:39] [LiveCC] [00:12.00-00:13.33] be controlled by the user's ...
[2026-06-12 22:25:40] [LiveCC] [00:13.33-00:14.67] head movements, and ...
[2026-06-12 22:25:43] [LiveCC] [00:16.00-00:17.33] the player is wearing an EEG headset that reads their brain waves to control the game.
[2026-06-12 22:25:44] [LiveCC] [00:17.33-00:18.67] brain activity.
[2026-06-12 22:25:46] [LiveCC] [00:18.67-00:20.00] EEG data.
[2026-06-12 22:25:47] [LiveCC] [00:20.00-00:21.33] head movements.
[2026-06-12 22:25:49] [LiveCC] [00:21.33-00:22.67] The video features a split-screen view of an individual engaged in playing basketball within a virtual reality (VR) environment, as seen from
[2026-06-12 22:25:52] [LiveCC] [00:24.00-00:25.33] basketball hoop with the word "Practice" written above it. As the person moves their arms to play the game, the VR
[2026-06-12 22:25:53] [LiveCC] [00:25.33-00:26.67] game responds by showing different numbers and text indicating successful shots.
[2026-06-12 22:25:54] [LiveCC] [00:26.67-00:28.00] The player's arm movements are mirrored in the virtual environment as they attempt to make shots on the basketball hoop.
[2026-06-12 22:25:56] [LiveCC] [00:28.00-00:29.33] Time=25. The player continues to shoot, with the VR screen updating to show new scores and feedback after each shot.
[2026-06-12 22:25:57] [LiveCC] [00:29.33-00:30.67] and successfully makes several more shots.
[2026-06-12 22:25:58] [LiveCC] [00:30.67-00:32.00] As the video progresses, the player continues practicing their shooting form while immersed in the VR experience.
[2026-06-12 22:26:01] [LiveCC] [00:33.33-00:34.67] Another shot is taken and successfully made, with the ball seen going through the hoop once more.
[2026-06-12 22:26:02] [LiveCC] [00:34.67-00:36.00] This time, the text 'Practice' appears above the hoop to indicate that this is part of an ongoing practice session within the game
[2026-06-12 22:26:03] [LiveCC] [00:36.00-00:37.33] VR game or training program.
[2026-06-12 22:26:05] [LiveCC] [00:37.33-00:38.83] The ball goes through the hoop, indicating a successful shot in the virtual reality basketball game.
[2026-06-12 22:26:06] [LiveCC] [00:38.83-00:40.17] A close-up shows the ball going through the net again, reinforcing the success of another shot.
[2026-06-12 22:26:08] [LiveCC] [00:40.17-00:41.50] Another successful shot is shown with the ball passing through the basket once more.
[2026-06-12 22:26:09] [LiveCC] [00:41.50-00:42.83] Finally, yet another successful shot follows as the ball passes through the rim for the fourth time.
[2026-06-12 22:26:10] [LiveCC] [00:42.83-00:44.33] The player's excitement and determination are palpable, with their hands raised in celebration of this latest achievement. The scene then transitions to
[2026-06-12 22:26:12] [LiveCC] [00:44.33-00:45.67] to show them preparing to take another shot, holding the VR controller high above their head.
[2026-06-12 22:26:13] [LiveCC] [00:45.67-00:47.00] As they release the shot, the camera shifts back to the virtual court, where the ball is seen soaring towards the hoop once again
[2026-06-12 22:26:14] [LiveCC] [00:47.00-00:48.33] again, this time from a closer angle that emphasizes its trajectory.
[2026-06-12 22:26:16] [LiveCC] [00:48.33-00:49.67] The basketball is captured mid-air, with its flight path clearly visible as it approaches the hoop. The background of the virtual court remains
[2026-06-12 22:26:17] [LiveCC] [00:49.67-00:51.00] is brightly lit and features various advertisements along the walls. The person on the left appears to be watching the shot intently while holding
[2026-06-12 22:26:20] [LiveCC] [00:52.33-00:53.67] As the video progresses, the person on  the left raises their arms in celebration after successfully making the shot.
[2026-06-12 22:26:23] [LiveCC] [00:55.00-00:56.33] Time=56=58.2s The person on left is now standing still with one arm raised and the other holding
[2026-06-12 22:26:24] [LiveCC] [00:56.33-00:57.67] in a celebratory pose while holding a white object in their hand.
[2026-06-12 22:26:25] [LiveCC] [00:57.67-00:59.00] Meanwhile, the individual on the screen continues playing basketball in an immersive virtual reality environment.
[2026-06-12 22:26:27] [LiveCC] [00:59.00-01:00.33] The person is now actively engaging with the game, dribbling and shooting the ball into the hoop, mirroring their movements from the
[2026-06-12 22:26:30] 停止推論
[2026-06-12 22:26:30] 錄音已儲存: logs/recordings/file_20260612_222526.wav
[2026-06-12 22:26:30] Playback/Inference finished
[2026-06-12 22:26:30] Playback/Inference finished
[2026-06-12 22:48:07] 已載入影片：basketball_1080p.mp4
[2026-06-12 22:48:08] 請先連線遠端伺服器，或等待本機模型載入完成
[2026-06-12 23:03:35] 已載入影片：VR_Frank_basketball.mp4
[2026-06-12 23:03:40] Starting inference (Style: 標準播報型, TTS: openai)
[2026-06-12 23:03:40] 開始推論 (Style: 標準播報型, TTS: openai)
[2026-06-12 23:03:42] [LiveCC] [00:00.00-00:01.33] The basketball goes up towards the basket. The ...
[2026-06-12 23:03:43] [LiveCC] [00:01.33-00:02.67] player watches it drop ...
[2026-06-12 23:03:45] [LiveCC] [00:02.67-00:04.00] through the net. ...
[2026-06-12 23:03:46] [LiveCC] [00:04.00-00:05.33] Then he grabs another one to ...
[2026-06-12 23:03:47] [LiveCC] [00:05.33-00:06.67] go again. And then ...
[2026-06-12 23:03:50] [LiveCC] [00:08.00-00:09.33] score increase in real time on ...
[2026-06-12 23:03:51] [LiveCC] [00:09.33-00:10.67] the right side of your screen. ...
[2026-06-12 23:03:53] [LiveCC] [00:10.67-00:12.00] the left and right sides of your ...
[2026-06-12 23:03:55] [LiveCC] [00:13.33-00:14.67] a reflection of how well you're ...
[2026-06-12 23:03:58] [LiveCC] [00:16.00-00:17.33] playing basketball, but also just to ...
[2026-06-12 23:03:59] [LiveCC] [00:17.33-00:18.67] give people an idea that ...
[2026-06-12 23:04:01] [LiveCC] [00:18.67-00:20.00] this is not just a game for ...
[2026-06-12 23:04:02] [LiveCC] [00:20.00-00:21.33] fun. It's actually something ...
[2026-06-12 23:04:06] [LiveCC] [00:24.00-00:25.33] play out like this. And ...
[2026-06-12 23:04:10] [LiveCC] [00:28.00-00:29.33] so that's pretty cool. ...
[2026-06-12 23:04:13] [LiveCC] [00:30.67-00:32.00] this until... ...
[2026-06-12 23:04:17] [LiveCC] [00:34.67-00:36.00] to another game all right ...
[2026-06-12 23:04:20] [LiveCC] [00:37.33-00:38.67] I think I should try and do the same thing in real life as well, but then again it's not really possible because you
[2026-06-12 23:04:21] [LiveCC] [00:38.67-00:40.00] that was good that was very good ...
[2026-06-12 23:04:22] 停止推論
[2026-06-12 23:04:22] 錄音已儲存: logs/recordings/file_20260612_230340.wav
[2026-06-12 23:04:22] Playback/Inference finished
[2026-06-12 23:04:22] Playback/Inference finished
[2026-06-12 23:04:23] Starting inference (Style: 標準播報型, TTS: openai)
[2026-06-12 23:04:23] 開始推論 (Style: 標準播報型, TTS: openai)
[2026-06-12 23:04:24] [LiveCC] [00:00.00-00:01.33] The basketball goes up towards the basket. The ...
[2026-06-12 23:04:26] [LiveCC] [00:01.33-00:02.67] player watches as it ...
[2026-06-12 23:04:27] [LiveCC] [00:02.67-00:04.00] goes in for a point. ...
[2026-06-12 23:04:29] [LiveCC] [00:04.00-00:05.50] They then take another ...
[2026-06-12 23:04:30] [LiveCC] [00:05.50-00:06.83] point and they'll do it again, but now with the ball. ...
[2026-06-12 23:04:33] [LiveCC] [00:08.17-00:09.50] the same spot where they were before. ... ...
[2026-06-12 23:04:37] [LiveCC] [00:12.17-00:13.50] Oh no, that was too close. ... 6 out of ...
[2026-06-12 23:04:39] [LiveCC] [00:13.50-00:14.83] That's good enough for me. ... Oh yeah, there we go. ... We got it. ... Okay, let's try
[2026-06-12 23:04:40] [LiveCC] [00:14.83-00:16.17] Let's get this next shot right. ... Let's ...
[2026-06-12 23:04:41] [LiveCC] [00:16.17-00:17.50] go! ... Time = 19-34s
[2026-06-12 23:04:45] [LiveCC] [00:20.17-00:21.50] Yeah, that was good. ... ...
[2026-06-12 23:04:51] [LiveCC] [00:26.83-00:28.17] a three -pointer. ...
[2026-06-12 23:04:54] [LiveCC] [00:29.50-00:30.83] That was so cool. ... ...
[2026-06-12 23:04:58] [LiveCC] [00:33.50-00:34.83] Another one! ... ...
[2026-06-12 23:05:00] [LiveCC] [00:34.83-00:36.17] That's two in a row! ... What is going on here? ... ... Time=1?
[2026-06-12 23:05:05] [LiveCC] [00:40.17-00:41.50] VR has been around for years, but ...
[2026-06-12 23:05:06] [LiveCC] [00:41.50-00:43.00] it's only recently that it's ...
[2026-06-12 23:05:08] [LiveCC] [00:43.00-00:44.33] become mainstream. ...
[2026-06-12 23:05:11] [LiveCC] [00:45.67-00:47.00] become mainstream, right? So you're talking about the last 10 years or so. Yeah, yeah. It's
[2026-06-12 23:05:12] [LiveCC] [00:47.00-00:48.33] has been... ...
[2026-06-12 23:05:13] [LiveCC] [00:48.33-00:49.83] I think in the past five to ten ...
[2026-06-12 23:05:15] [LiveCC] [00:49.83-00:51.17] years we've seen VR ...
[2026-06-12 23:05:16] [LiveCC] [00:51.17-00:52.50] become more and more mainstream, but it's still not quite there yet. So what is the future of VR? Is it
[2026-06-12 23:05:17] [LiveCC] [00:52.50-00:53.83] a thing that people can actually use for their ...
[2026-06-12 23:05:19] [LiveCC] [00:53.83-00:55.17] daily lives? And ...
[2026-06-12 23:05:23] [LiveCC] [00:57.83-00:59.17] technology that is currently being developed and could be used in the future, rather than something that people already use on a regular basis.
[2026-06-12 23:05:24] [LiveCC] [00:59.17-01:00.50] daily life. So we'll stick with the ...
[2026-06-12 23:05:25] [LiveCC] [01:00.50-01:01.83] VR headset. It's still a long way off from ...
[2026-06-12 23:05:27] [LiveCC] [01:01.83-01:03.17] the future of virtual reality, but it can be ...
[2026-06-12 23:05:28] [LiveCC] [01:03.17-01:04.50] fun to play around in for now. ...
[2026-06-12 23:05:33] [LiveCC] [01:08.67-01:10.00] A virtual reality headset and ...
[2026-06-12 23:05:35] [LiveCC] [01:10.00-01:11.33] controller can be used to ...
[2026-06-12 23:05:35] 停止推論
[2026-06-12 23:05:35] 錄音已儲存: logs/recordings/file_20260612_230423.wav
[2026-06-12 23:05:35] Playback/Inference finished
[2026-06-12 23:05:35] Playback/Inference finished
[2026-06-13 14:47:58] 已載入影片：VR_Frank_basketball.mp4
[2026-06-13 14:48:01] Starting inference (Style: 標準播報型, TTS: openai)
[2026-06-13 14:48:01] 開始推論 (Style: 標準播報型, TTS: openai)
[2026-06-13 14:48:05] [LiveCC] [00:02.67-00:04.00] Bounces off the rim. ...
[2026-06-13 14:48:06] [LiveCC] [00:04.00-00:05.33] Dribbles it back in for another ...
[2026-06-13 14:48:08] [LiveCC] [00:05.33-00:06.67] shot. ... Time = 12-14s ...
[2026-06-13 14:48:11] [LiveCC] [00:09.50-00:10.83] Oh, no! ...
[2026-06-13 14:48:14] [LiveCC] [00:12.17-00:13.50] No! ... Time ...
[2026-06-13 14:48:21] [LiveCC] [00:18.83-00:20.17] it's surprisingly fun to play. ...
[2026-06-13 14:48:26] 停止推論
[2026-06-13 14:48:26] 錄音已儲存: logs/recordings/file_20260613_144801.wav
[2026-06-13 14:48:26] Playback/Inference finished
[2026-06-13 14:48:26] Playback/Inference finished
[2026-06-13 14:48:27] Starting inference (Style: 標準播報型, TTS: openai)
[2026-06-13 14:48:27] 開始推論 (Style: 標準播報型, TTS: openai)
[2026-06-13 14:48:27] [LiveCC] [00:00.00-00:01.33] The ball goes into the basket.
[2026-06-13 14:48:31] [LiveCC] [00:02.67-00:04.00] VR. The ball bounces ...
[2026-06-13 14:48:34] [LiveCC] [00:05.33-00:06.67] off the backboard and comes down to the ground.
[2026-06-13 14:48:36] [LiveCC] [00:08.00-00:09.33] and then pass it over to my left ...
[2026-06-13 14:48:43] [LiveCC] [00:14.67-00:16.00] Yes, yes, yes! ... ...
[2026-06-13 14:48:44] [LiveCC] [00:16.00-00:17.33] This is the real deal right here. ... ... ...What? ...
[2026-06-13 14:48:54] [LiveCC] [00:25.33-00:26.67] A player can be immersed in ...
[2026-06-13 14:48:55] [LiveCC] [00:26.67-00:28.00] the virtual environment, ...
[2026-06-13 14:48:57] [LiveCC] [00:29.33-00:30.83] track their movements ...
[2026-06-13 14:49:00] [LiveCC] [00:30.83-00:32.17] and then they can play basketball in VR. And when you hit that button on your controller... You'll see them playing basketball right
[2026-06-13 14:49:01] [LiveCC] [00:32.17-00:33.50] They're able to shoot the ball and score points. So it's just like real life basketball where you have to aim at the
[2026-06-13 14:49:02] [LiveCC] [00:33.50-00:34.83] basketball and they get points for shooting. ...
[2026-06-13 14:49:08] [LiveCC] [00:40.17-00:41.50] it's going in. ...
[2026-06-13 14:49:10] [LiveCC] [00:41.50-00:42.83] Oh yeah! ...
[2026-06-13 14:49:17] [LiveCC] [00:48.33-00:49.67] a kid, but ...
[2026-06-13 14:49:19] [LiveCC] [00:51.00-00:52.50] basketball is something new to me. ...
[2026-06-13 14:49:22] [LiveCC] [00:53.83-00:55.17] instead of playing it normally, ...
[2026-06-13 14:49:25] [LiveCC] [00:56.50-00:57.83] So the first thing we need ...
[2026-06-13 14:49:27] [LiveCC] [00:59.17-01:00.50] of me. ...
[2026-06-13 14:49:29] [LiveCC] [01:00.50-01:01.83] Okay? Now ...
[2026-06-13 14:49:30] [LiveCC] [01:01.83-01:03.17] you're gonna dribble the basketball for ...
[2026-06-13 14:49:33] [LiveCC] [01:04.50-01:06.00] Okay, good. ...
[2026-06-13 14:49:36] [LiveCC] [01:07.33-01:08.67] up higher. Good. ... Okay, ...
[2026-06-13 14:49:39] 停止推論
[2026-06-13 14:49:39] 錄音已儲存: logs/recordings/file_20260613_144827.wav
[2026-06-13 14:49:39] Playback/Inference finished
[2026-06-13 14:49:39] Playback/Inference finished
[2026-06-13 16:23:25] 已載入影片：VR_Frank_basketball.mp4
[2026-06-13 16:23:31] Starting inference (Style: 標準播報型, TTS: openai)
[2026-06-13 16:23:31] 開始推論 (Style: 標準播報型, TTS: openai)
[2026-06-13 16:23:35] [LiveCC] [00:02.67-00:04.00] off the rim. ...
[2026-06-13 16:23:39] [LiveCC] [00:06.67-00:08.00] And I'm back at it again. ... ...
[2026-06-13 16:23:42] [LiveCC] [00:09.33-00:10.83] god. ... It's like an ...
[2026-06-13 16:23:43] [LiveCC] [00:10.83-00:12.17] eternal cycle of failure and ...
[2026-06-13 16:23:50] [LiveCC] [00:17.50-00:18.83] Oh, that was so close. ... ...
[2026-06-13 16:23:53] [LiveCC] [00:20.17-00:21.50] shooting the ball into thin air. ... - ...
[2026-06-13 16:23:54] [LiveCC] [00:21.50-00:23.00] Oh, no! ...
[2026-06-13 16:24:02] [LiveCC] [00:29.67-00:31.00] That's the first time ...
[2026-06-13 16:24:04] [LiveCC] [00:31.00-00:32.33] that happened to me. ... Okay, ...
[2026-06-13 16:24:06] [LiveCC] [00:33.67-00:35.00] Okay, good job. ...
[2026-06-13 16:24:14] [LiveCC] [00:41.67-00:43.00] real world, but ...
[2026-06-13 16:24:21] [LiveCC] [00:48.33-00:49.67] Oh, that was too far. ... ...
[2026-06-13 16:24:22] [LiveCC] [00:49.67-00:51.00] Okay, let's try again. ... What did you say? ...
[2026-06-13 16:24:29] [LiveCC] [00:56.33-00:57.67] someone make 12 ...
[2026-06-13 16:24:30] [LiveCC] [00:57.67-00:59.00] in a row in VR. ...
[2026-06-13 16:24:34] 停止推論
[2026-06-13 16:24:34] 錄音已儲存: logs/recordings/file_20260613_162331.wav
[2026-06-13 16:24:34] Playback/Inference finished
[2026-06-13 16:24:34] Playback/Inference finished
