INFO:root:[LiveCCWorker] Loading LiveCCInfer (device_id=0)...
INFO:root:[LiveCCWorker] LiveCCInfer loaded. Took 34.03 s
INFO:root:[LiveCCWorker] Start LiveCC inference on: /home/miislab-server4/Bolin/livecc_gui/examples/Fcpkt96yRsM_1080p.mp4
INFO:root:[LiveCCWorker] Stop requested, break loop.
INFO:root:[LiveCCWorker] Inference finished. Took 33.17 s
INFO:root:[LiveCCWorker] Loading LiveCCInfer (device_id=0)...
INFO:root:[LiveCCWorker] Loading LiveCCInfer (device_id=0)...
INFO:root:[LiveCCWorker] Loading LiveCCInfer (device_id=0)...
INFO:root:[LiveCCWorker] Loading LiveCCInfer (device_id=0)...
INFO:root:[LiveCCWorker] LiveCCInfer loaded. Took 7.48 s
INFO:root:[LiveCCWorker] Loading LiveCCInfer (device_id=0)...
INFO:root:[LiveCCWorker] LiveCCInfer loaded. Took 7.00 s
INFO:root:[LiveCCWorker] Start LiveCC inference on: /home/miislab-server4/Bolin/livecc_gui/examples/test.mp4
INFO:root:[LiveCCWorker] Video end detected.
INFO:root:[LiveCCWorker] Inference finished. Took 23.42 s
INFO:root:[LiveCCWorker] Loading LiveCCInfer (device_id=0)...
ERROR:root:[LiveCCWorker] Error while loading LiveCC model
Traceback (most recent call last):
  File "C:\Users\user\bolin\livecc_gui\src\miis_broadcast\workers\livecc.py", line 35, in loadModel
    self.livecc = LiveCCInfer(device_id=self.device_id)
                  ^^^^^^^^^^^^^^^^^^^^^^^^^^^^^^^^^^^^^
  File "C:\Users\user\bolin\livecc_gui\src\miis_broadcast\core\models\livecc_transformers.py", line 33, in __init__
    self.model = Qwen2VLForConditionalGeneration.from_pretrained(
                 ^^^^^^^^^^^^^^^^^^^^^^^^^^^^^^^^^^^^^^^^^^^^^^^^
  File "C:\Users\user\miniconda3\envs\livecc\Lib\site-packages\transformers\modeling_utils.py", line 277, in _wrapper
    return func(*args, **kwargs)
           ^^^^^^^^^^^^^^^^^^^^^
  File "C:\Users\user\miniconda3\envs\livecc\Lib\site-packages\transformers\modeling_utils.py", line 4971, in from_pretrained
    model = cls(config, *model_args, **model_kwargs)
            ^^^^^^^^^^^^^^^^^^^^^^^^^^^^^^^^^^^^^^^^
  File "C:\Users\user\miniconda3\envs\livecc\Lib\site-packages\transformers\models\qwen2_vl\modeling_qwen2_vl.py", line 1252, in __init__
    super().__init__(config)
  File "C:\Users\user\miniconda3\envs\livecc\Lib\site-packages\transformers\modeling_utils.py", line 2076, in __init__
    self.config._attn_implementation_internal = self._check_and_adjust_attn_implementation(
                                                ^^^^^^^^^^^^^^^^^^^^^^^^^^^^^^^^^^^^^^^^^^^
  File "C:\Users\user\miniconda3\envs\livecc\Lib\site-packages\transformers\modeling_utils.py", line 2686, in _check_and_adjust_attn_implementation
    applicable_attn_implementation = self.get_correct_attn_implementation(
                                     ^^^^^^^^^^^^^^^^^^^^^^^^^^^^^^^^^^^^^
  File "C:\Users\user\miniconda3\envs\livecc\Lib\site-packages\transformers\modeling_utils.py", line 2714, in get_correct_attn_implementation
    self._flash_attn_2_can_dispatch(is_init_check)
  File "C:\Users\user\miniconda3\envs\livecc\Lib\site-packages\transformers\modeling_utils.py", line 2422, in _flash_attn_2_can_dispatch
    raise ImportError(f"{preface} the package flash_attn seems to be not installed. {install_message}")
ImportError: FlashAttention2 has been toggled on, but it cannot be used due to the following error: the package flash_attn seems to be not installed. Please refer to the documentation of https://huggingface.co/docs/transformers/perf_infer_gpu_one#flashattention-2 to install Flash Attention 2.
INFO:root:[LiveCCWorker] Loading LiveCCInfer (device_id=0)...
ERROR:root:[LiveCCWorker] Error while loading LiveCC model
Traceback (most recent call last):
  File "C:\Users\user\bolin\livecc_gui\src\miis_broadcast\workers\livecc.py", line 35, in loadModel
    self.livecc = LiveCCInfer(device_id=self.device_id)
                  ^^^^^^^^^^^^^^^^^^^^^^^^^^^^^^^^^^^^^
  File "C:\Users\user\bolin\livecc_gui\src\miis_broadcast\core\models\livecc_transformers.py", line 33, in __init__
    self.model = Qwen2VLForConditionalGeneration.from_pretrained(
                 ^^^^^^^^^^^^^^^^^^^^^^^^^^^^^^^^^^^^^^^^^^^^^^^^
  File "C:\Users\user\miniconda3\envs\livecc\Lib\site-packages\transformers\modeling_utils.py", line 277, in _wrapper
    return func(*args, **kwargs)
           ^^^^^^^^^^^^^^^^^^^^^
  File "C:\Users\user\miniconda3\envs\livecc\Lib\site-packages\transformers\modeling_utils.py", line 4971, in from_pretrained
    model = cls(config, *model_args, **model_kwargs)
            ^^^^^^^^^^^^^^^^^^^^^^^^^^^^^^^^^^^^^^^^
  File "C:\Users\user\miniconda3\envs\livecc\Lib\site-packages\transformers\models\qwen2_vl\modeling_qwen2_vl.py", line 1252, in __init__
    super().__init__(config)
  File "C:\Users\user\miniconda3\envs\livecc\Lib\site-packages\transformers\modeling_utils.py", line 2076, in __init__
    self.config._attn_implementation_internal = self._check_and_adjust_attn_implementation(
                                                ^^^^^^^^^^^^^^^^^^^^^^^^^^^^^^^^^^^^^^^^^^^
  File "C:\Users\user\miniconda3\envs\livecc\Lib\site-packages\transformers\modeling_utils.py", line 2686, in _check_and_adjust_attn_implementation
    applicable_attn_implementation = self.get_correct_attn_implementation(
                                     ^^^^^^^^^^^^^^^^^^^^^^^^^^^^^^^^^^^^^
  File "C:\Users\user\miniconda3\envs\livecc\Lib\site-packages\transformers\modeling_utils.py", line 2714, in get_correct_attn_implementation
    self._flash_attn_2_can_dispatch(is_init_check)
  File "C:\Users\user\miniconda3\envs\livecc\Lib\site-packages\transformers\modeling_utils.py", line 2422, in _flash_attn_2_can_dispatch
    raise ImportError(f"{preface} the package flash_attn seems to be not installed. {install_message}")
ImportError: FlashAttention2 has been toggled on, but it cannot be used due to the following error: the package flash_attn seems to be not installed. Please refer to the documentation of https://huggingface.co/docs/transformers/perf_infer_gpu_one#flashattention-2 to install Flash Attention 2.
INFO:root:[LiveCCWorker] Loading LiveCCInfer (device_id=0)...
ERROR:root:[LiveCCWorker] Error while loading LiveCC model
Traceback (most recent call last):
  File "C:\Users\user\bolin\livecc_gui\src\miis_broadcast\workers\livecc.py", line 35, in loadModel
    self.livecc = LiveCCInfer(device_id=self.device_id)
                  ^^^^^^^^^^^^^^^^^^^^^^^^^^^^^^^^^^^^^
  File "C:\Users\user\bolin\livecc_gui\src\miis_broadcast\core\models\livecc_transformers.py", line 33, in __init__
    self.model = Qwen2VLForConditionalGeneration.from_pretrained(
                 ^^^^^^^^^^^^^^^^^^^^^^^^^^^^^^^^^^^^^^^^^^^^^^^^
  File "C:\Users\user\miniconda3\envs\livecc\Lib\site-packages\transformers\modeling_utils.py", line 277, in _wrapper
    return func(*args, **kwargs)
           ^^^^^^^^^^^^^^^^^^^^^
  File "C:\Users\user\miniconda3\envs\livecc\Lib\site-packages\transformers\modeling_utils.py", line 4971, in from_pretrained
    model = cls(config, *model_args, **model_kwargs)
            ^^^^^^^^^^^^^^^^^^^^^^^^^^^^^^^^^^^^^^^^
  File "C:\Users\user\miniconda3\envs\livecc\Lib\site-packages\transformers\models\qwen2_vl\modeling_qwen2_vl.py", line 1252, in __init__
    super().__init__(config)
  File "C:\Users\user\miniconda3\envs\livecc\Lib\site-packages\transformers\modeling_utils.py", line 2076, in __init__
    self.config._attn_implementation_internal = self._check_and_adjust_attn_implementation(
                                                ^^^^^^^^^^^^^^^^^^^^^^^^^^^^^^^^^^^^^^^^^^^
  File "C:\Users\user\miniconda3\envs\livecc\Lib\site-packages\transformers\modeling_utils.py", line 2686, in _check_and_adjust_attn_implementation
    applicable_attn_implementation = self.get_correct_attn_implementation(
                                     ^^^^^^^^^^^^^^^^^^^^^^^^^^^^^^^^^^^^^
  File "C:\Users\user\miniconda3\envs\livecc\Lib\site-packages\transformers\modeling_utils.py", line 2714, in get_correct_attn_implementation
    self._flash_attn_2_can_dispatch(is_init_check)
  File "C:\Users\user\miniconda3\envs\livecc\Lib\site-packages\transformers\modeling_utils.py", line 2422, in _flash_attn_2_can_dispatch
    raise ImportError(f"{preface} the package flash_attn seems to be not installed. {install_message}")
ImportError: FlashAttention2 has been toggled on, but it cannot be used due to the following error: the package flash_attn seems to be not installed. Please refer to the documentation of https://huggingface.co/docs/transformers/perf_infer_gpu_one#flashattention-2 to install Flash Attention 2.
INFO:root:[LiveCCWorker] Loading LiveCCInfer (device_id=0)...
ERROR:root:[LiveCCWorker] Error while loading LiveCC model
Traceback (most recent call last):
  File "C:\Users\user\bolin\livecc_gui\src\miis_broadcast\workers\livecc.py", line 35, in loadModel
    self.livecc = LiveCCInfer(device_id=self.device_id)
                  ^^^^^^^^^^^^^^^^^^^^^^^^^^^^^^^^^^^^^
  File "C:\Users\user\bolin\livecc_gui\src\miis_broadcast\core\models\livecc_transformers.py", line 33, in __init__
    self.model = Qwen2VLForConditionalGeneration.from_pretrained(
                 ^^^^^^^^^^^^^^^^^^^^^^^^^^^^^^^^^^^^^^^^^^^^^^^^
  File "C:\Users\user\miniconda3\envs\livecc\Lib\site-packages\transformers\modeling_utils.py", line 277, in _wrapper
    return func(*args, **kwargs)
           ^^^^^^^^^^^^^^^^^^^^^
  File "C:\Users\user\miniconda3\envs\livecc\Lib\site-packages\transformers\modeling_utils.py", line 4971, in from_pretrained
    model = cls(config, *model_args, **model_kwargs)
            ^^^^^^^^^^^^^^^^^^^^^^^^^^^^^^^^^^^^^^^^
  File "C:\Users\user\miniconda3\envs\livecc\Lib\site-packages\transformers\models\qwen2_vl\modeling_qwen2_vl.py", line 1252, in __init__
    super().__init__(config)
  File "C:\Users\user\miniconda3\envs\livecc\Lib\site-packages\transformers\modeling_utils.py", line 2076, in __init__
    self.config._attn_implementation_internal = self._check_and_adjust_attn_implementation(
                                                ^^^^^^^^^^^^^^^^^^^^^^^^^^^^^^^^^^^^^^^^^^^
  File "C:\Users\user\miniconda3\envs\livecc\Lib\site-packages\transformers\modeling_utils.py", line 2686, in _check_and_adjust_attn_implementation
    applicable_attn_implementation = self.get_correct_attn_implementation(
                                     ^^^^^^^^^^^^^^^^^^^^^^^^^^^^^^^^^^^^^
  File "C:\Users\user\miniconda3\envs\livecc\Lib\site-packages\transformers\modeling_utils.py", line 2714, in get_correct_attn_implementation
    self._flash_attn_2_can_dispatch(is_init_check)
  File "C:\Users\user\miniconda3\envs\livecc\Lib\site-packages\transformers\modeling_utils.py", line 2422, in _flash_attn_2_can_dispatch
    raise ImportError(f"{preface} the package flash_attn seems to be not installed. {install_message}")
ImportError: FlashAttention2 has been toggled on, but it cannot be used due to the following error: the package flash_attn seems to be not installed. Please refer to the documentation of https://huggingface.co/docs/transformers/perf_infer_gpu_one#flashattention-2 to install Flash Attention 2.
INFO:root:[LiveCCWorker] Loading LiveCCInfer (device_id=0)...
ERROR:root:[LiveCCWorker] Error while loading LiveCC model
Traceback (most recent call last):
  File "C:\Users\user\bolin\livecc_gui\src\miis_broadcast\workers\livecc.py", line 35, in loadModel
    self.livecc = LiveCCInfer(device_id=self.device_id)
                  ^^^^^^^^^^^^^^^^^^^^^^^^^^^^^^^^^^^^^
  File "C:\Users\user\bolin\livecc_gui\src\miis_broadcast\core\models\livecc_transformers.py", line 33, in __init__
    self.model = Qwen2VLForConditionalGeneration.from_pretrained(
                 ^^^^^^^^^^^^^^^^^^^^^^^^^^^^^^^^^^^^^^^^^^^^^^^^
  File "C:\Users\user\miniconda3\envs\livecc\Lib\site-packages\transformers\modeling_utils.py", line 277, in _wrapper
    return func(*args, **kwargs)
           ^^^^^^^^^^^^^^^^^^^^^
  File "C:\Users\user\miniconda3\envs\livecc\Lib\site-packages\transformers\modeling_utils.py", line 4971, in from_pretrained
    model = cls(config, *model_args, **model_kwargs)
            ^^^^^^^^^^^^^^^^^^^^^^^^^^^^^^^^^^^^^^^^
  File "C:\Users\user\miniconda3\envs\livecc\Lib\site-packages\transformers\models\qwen2_vl\modeling_qwen2_vl.py", line 1252, in __init__
    super().__init__(config)
  File "C:\Users\user\miniconda3\envs\livecc\Lib\site-packages\transformers\modeling_utils.py", line 2076, in __init__
    self.config._attn_implementation_internal = self._check_and_adjust_attn_implementation(
                                                ^^^^^^^^^^^^^^^^^^^^^^^^^^^^^^^^^^^^^^^^^^^
  File "C:\Users\user\miniconda3\envs\livecc\Lib\site-packages\transformers\modeling_utils.py", line 2686, in _check_and_adjust_attn_implementation
    applicable_attn_implementation = self.get_correct_attn_implementation(
                                     ^^^^^^^^^^^^^^^^^^^^^^^^^^^^^^^^^^^^^
  File "C:\Users\user\miniconda3\envs\livecc\Lib\site-packages\transformers\modeling_utils.py", line 2714, in get_correct_attn_implementation
    self._flash_attn_2_can_dispatch(is_init_check)
  File "C:\Users\user\miniconda3\envs\livecc\Lib\site-packages\transformers\modeling_utils.py", line 2422, in _flash_attn_2_can_dispatch
    raise ImportError(f"{preface} the package flash_attn seems to be not installed. {install_message}")
ImportError: FlashAttention2 has been toggled on, but it cannot be used due to the following error: the package flash_attn seems to be not installed. Please refer to the documentation of https://huggingface.co/docs/transformers/perf_infer_gpu_one#flashattention-2 to install Flash Attention 2.
INFO:root:[LiveCCWorker] Loading LiveCCInfer (device_id=0)...
ERROR:root:[LiveCCWorker] Error while loading LiveCC model
Traceback (most recent call last):
  File "/home/miislab/livecc_gui/src/miis_broadcast/workers/livecc.py", line 35, in loadModel
    self.livecc = LiveCCInfer(device_id=self.device_id)
                  ^^^^^^^^^^^^^^^^^^^^^^^^^^^^^^^^^^^^^
  File "/home/miislab/livecc_gui/src/miis_broadcast/core/models/livecc_transformers.py", line 33, in __init__
    self.model = Qwen2VLForConditionalGeneration.from_pretrained(
                 ^^^^^^^^^^^^^^^^^^^^^^^^^^^^^^^^^^^^^^^^^^^^^^^^
  File "/home/miislab/miniforge3/envs/livecc/lib/python3.11/site-packages/transformers/modeling_utils.py", line 277, in _wrapper
    return func(*args, **kwargs)
           ^^^^^^^^^^^^^^^^^^^^^
  File "/home/miislab/miniforge3/envs/livecc/lib/python3.11/site-packages/transformers/modeling_utils.py", line 4971, in from_pretrained
    model = cls(config, *model_args, **model_kwargs)
            ^^^^^^^^^^^^^^^^^^^^^^^^^^^^^^^^^^^^^^^^
  File "/home/miislab/miniforge3/envs/livecc/lib/python3.11/site-packages/transformers/models/qwen2_vl/modeling_qwen2_vl.py", line 1252, in __init__
    super().__init__(config)
  File "/home/miislab/miniforge3/envs/livecc/lib/python3.11/site-packages/transformers/modeling_utils.py", line 2076, in __init__
    self.config._attn_implementation_internal = self._check_and_adjust_attn_implementation(
                                                ^^^^^^^^^^^^^^^^^^^^^^^^^^^^^^^^^^^^^^^^^^^
  File "/home/miislab/miniforge3/envs/livecc/lib/python3.11/site-packages/transformers/modeling_utils.py", line 2686, in _check_and_adjust_attn_implementation
    applicable_attn_implementation = self.get_correct_attn_implementation(
                                     ^^^^^^^^^^^^^^^^^^^^^^^^^^^^^^^^^^^^^
  File "/home/miislab/miniforge3/envs/livecc/lib/python3.11/site-packages/transformers/modeling_utils.py", line 2714, in get_correct_attn_implementation
    self._flash_attn_2_can_dispatch(is_init_check)
  File "/home/miislab/miniforge3/envs/livecc/lib/python3.11/site-packages/transformers/modeling_utils.py", line 2422, in _flash_attn_2_can_dispatch
    raise ImportError(f"{preface} the package flash_attn seems to be not installed. {install_message}")
ImportError: FlashAttention2 has been toggled on, but it cannot be used due to the following error: the package flash_attn seems to be not installed. Please refer to the documentation of https://huggingface.co/docs/transformers/perf_infer_gpu_one#flashattention-2 to install Flash Attention 2.
INFO:root:[LiveCCWorker] Loading LiveCCInfer (device_id=0)...
ERROR:root:[LiveCCWorker] Error while loading LiveCC model
Traceback (most recent call last):
  File "/home/miislab/livecc_gui/src/miis_broadcast/workers/livecc.py", line 35, in loadModel
    self.livecc = LiveCCInfer(device_id=self.device_id)
                  ^^^^^^^^^^^^^^^^^^^^^^^^^^^^^^^^^^^^^
  File "/home/miislab/livecc_gui/src/miis_broadcast/core/models/livecc_transformers.py", line 33, in __init__
    self.model = Qwen2VLForConditionalGeneration.from_pretrained(
                 ^^^^^^^^^^^^^^^^^^^^^^^^^^^^^^^^^^^^^^^^^^^^^^^^
  File "/home/miislab/miniforge3/envs/livecc/lib/python3.11/site-packages/transformers/modeling_utils.py", line 277, in _wrapper
    return func(*args, **kwargs)
           ^^^^^^^^^^^^^^^^^^^^^
  File "/home/miislab/miniforge3/envs/livecc/lib/python3.11/site-packages/transformers/modeling_utils.py", line 4971, in from_pretrained
    model = cls(config, *model_args, **model_kwargs)
            ^^^^^^^^^^^^^^^^^^^^^^^^^^^^^^^^^^^^^^^^
  File "/home/miislab/miniforge3/envs/livecc/lib/python3.11/site-packages/transformers/models/qwen2_vl/modeling_qwen2_vl.py", line 1252, in __init__
    super().__init__(config)
  File "/home/miislab/miniforge3/envs/livecc/lib/python3.11/site-packages/transformers/modeling_utils.py", line 2076, in __init__
    self.config._attn_implementation_internal = self._check_and_adjust_attn_implementation(
                                                ^^^^^^^^^^^^^^^^^^^^^^^^^^^^^^^^^^^^^^^^^^^
  File "/home/miislab/miniforge3/envs/livecc/lib/python3.11/site-packages/transformers/modeling_utils.py", line 2686, in _check_and_adjust_attn_implementation
    applicable_attn_implementation = self.get_correct_attn_implementation(
                                     ^^^^^^^^^^^^^^^^^^^^^^^^^^^^^^^^^^^^^
  File "/home/miislab/miniforge3/envs/livecc/lib/python3.11/site-packages/transformers/modeling_utils.py", line 2714, in get_correct_attn_implementation
    self._flash_attn_2_can_dispatch(is_init_check)
  File "/home/miislab/miniforge3/envs/livecc/lib/python3.11/site-packages/transformers/modeling_utils.py", line 2422, in _flash_attn_2_can_dispatch
    raise ImportError(f"{preface} the package flash_attn seems to be not installed. {install_message}")
ImportError: FlashAttention2 has been toggled on, but it cannot be used due to the following error: the package flash_attn seems to be not installed. Please refer to the documentation of https://huggingface.co/docs/transformers/perf_infer_gpu_one#flashattention-2 to install Flash Attention 2.
INFO:root:[LiveCCWorker] Loading LiveCCInfer (device_id=0)...
ERROR:root:[LiveCCWorker] Error while loading LiveCC model
Traceback (most recent call last):
  File "/home/miislab/livecc_gui/src/miis_broadcast/workers/livecc.py", line 35, in loadModel
    self.livecc = LiveCCInfer(device_id=self.device_id)
                  ^^^^^^^^^^^^^^^^^^^^^^^^^^^^^^^^^^^^^
  File "/home/miislab/livecc_gui/src/miis_broadcast/core/models/livecc_transformers.py", line 33, in __init__
    self.model = Qwen2VLForConditionalGeneration.from_pretrained(
                 ^^^^^^^^^^^^^^^^^^^^^^^^^^^^^^^^^^^^^^^^^^^^^^^^
  File "/home/miislab/miniforge3/envs/livecc/lib/python3.11/site-packages/transformers/modeling_utils.py", line 277, in _wrapper
    return func(*args, **kwargs)
           ^^^^^^^^^^^^^^^^^^^^^
  File "/home/miislab/miniforge3/envs/livecc/lib/python3.11/site-packages/transformers/modeling_utils.py", line 4971, in from_pretrained
    model = cls(config, *model_args, **model_kwargs)
            ^^^^^^^^^^^^^^^^^^^^^^^^^^^^^^^^^^^^^^^^
  File "/home/miislab/miniforge3/envs/livecc/lib/python3.11/site-packages/transformers/models/qwen2_vl/modeling_qwen2_vl.py", line 1252, in __init__
    super().__init__(config)
  File "/home/miislab/miniforge3/envs/livecc/lib/python3.11/site-packages/transformers/modeling_utils.py", line 2076, in __init__
    self.config._attn_implementation_internal = self._check_and_adjust_attn_implementation(
                                                ^^^^^^^^^^^^^^^^^^^^^^^^^^^^^^^^^^^^^^^^^^^
  File "/home/miislab/miniforge3/envs/livecc/lib/python3.11/site-packages/transformers/modeling_utils.py", line 2686, in _check_and_adjust_attn_implementation
    applicable_attn_implementation = self.get_correct_attn_implementation(
                                     ^^^^^^^^^^^^^^^^^^^^^^^^^^^^^^^^^^^^^
  File "/home/miislab/miniforge3/envs/livecc/lib/python3.11/site-packages/transformers/modeling_utils.py", line 2714, in get_correct_attn_implementation
    self._flash_attn_2_can_dispatch(is_init_check)
  File "/home/miislab/miniforge3/envs/livecc/lib/python3.11/site-packages/transformers/modeling_utils.py", line 2422, in _flash_attn_2_can_dispatch
    raise ImportError(f"{preface} the package flash_attn seems to be not installed. {install_message}")
ImportError: FlashAttention2 has been toggled on, but it cannot be used due to the following error: the package flash_attn seems to be not installed. Please refer to the documentation of https://huggingface.co/docs/transformers/perf_infer_gpu_one#flashattention-2 to install Flash Attention 2.
INFO:root:[LiveCCWorker] Loading LiveCCInfer (device_id=0)...
ERROR:root:[LiveCCWorker] Error while loading LiveCC model
Traceback (most recent call last):
  File "/home/miislab/livecc_gui/src/miis_broadcast/workers/livecc.py", line 35, in loadModel
    self.livecc = LiveCCInfer(device_id=self.device_id)
  File "/home/miislab/livecc_gui/src/miis_broadcast/core/models/livecc_transformers.py", line 33, in __init__
    self.model = Qwen2VLForConditionalGeneration.from_pretrained(
  File "/home/miislab/miniforge3/envs/livecc/lib/python3.10/site-packages/transformers/modeling_utils.py", line 277, in _wrapper
    return func(*args, **kwargs)
  File "/home/miislab/miniforge3/envs/livecc/lib/python3.10/site-packages/transformers/modeling_utils.py", line 4971, in from_pretrained
    model = cls(config, *model_args, **model_kwargs)
  File "/home/miislab/miniforge3/envs/livecc/lib/python3.10/site-packages/transformers/models/qwen2_vl/modeling_qwen2_vl.py", line 1252, in __init__
    super().__init__(config)
  File "/home/miislab/miniforge3/envs/livecc/lib/python3.10/site-packages/transformers/modeling_utils.py", line 2076, in __init__
    self.config._attn_implementation_internal = self._check_and_adjust_attn_implementation(
  File "/home/miislab/miniforge3/envs/livecc/lib/python3.10/site-packages/transformers/modeling_utils.py", line 2691, in _check_and_adjust_attn_implementation
    lazy_import_flash_attention(applicable_attn_implementation, force_import=True)
  File "/home/miislab/miniforge3/envs/livecc/lib/python3.10/site-packages/transformers/modeling_flash_attention_utils.py", line 136, in lazy_import_flash_attention
    _flash_fn, _flash_varlen_fn, _pad_fn, _unpad_fn = _lazy_imports(implementation)
  File "/home/miislab/miniforge3/envs/livecc/lib/python3.10/site-packages/transformers/modeling_flash_attention_utils.py", line 83, in _lazy_imports
    from flash_attn import flash_attn_func, flash_attn_varlen_func
  File "/home/miislab/miniforge3/envs/livecc/lib/python3.10/site-packages/flash_attn/__init__.py", line 3, in <module>
    from flash_attn.flash_attn_interface import (
  File "/home/miislab/miniforge3/envs/livecc/lib/python3.10/site-packages/flash_attn/flash_attn_interface.py", line 15, in <module>
    import flash_attn_2_cuda as flash_attn_gpu
ImportError: /home/miislab/miniforge3/envs/livecc/lib/python3.10/site-packages/flash_attn_2_cuda.cpython-310-x86_64-linux-gnu.so: undefined symbol: _ZNK3c106SymInt6sym_neERKS0_
INFO:root:[LiveCCWorker] Loading LiveCCInfer (device_id=0)...
ERROR:root:[LiveCCWorker] Error while loading LiveCC model
Traceback (most recent call last):
  File "/home/miislab/livecc_gui/src/miis_broadcast/workers/livecc.py", line 35, in loadModel
    self.livecc = LiveCCInfer(device_id=self.device_id)
  File "/home/miislab/livecc_gui/src/miis_broadcast/core/models/livecc_transformers.py", line 33, in __init__
    self.model = Qwen2VLForConditionalGeneration.from_pretrained(
  File "/home/miislab/miniforge3/envs/livecc/lib/python3.10/site-packages/transformers/modeling_utils.py", line 277, in _wrapper
    return func(*args, **kwargs)
  File "/home/miislab/miniforge3/envs/livecc/lib/python3.10/site-packages/transformers/modeling_utils.py", line 4971, in from_pretrained
    model = cls(config, *model_args, **model_kwargs)
  File "/home/miislab/miniforge3/envs/livecc/lib/python3.10/site-packages/transformers/models/qwen2_vl/modeling_qwen2_vl.py", line 1252, in __init__
    super().__init__(config)
  File "/home/miislab/miniforge3/envs/livecc/lib/python3.10/site-packages/transformers/modeling_utils.py", line 2076, in __init__
    self.config._attn_implementation_internal = self._check_and_adjust_attn_implementation(
  File "/home/miislab/miniforge3/envs/livecc/lib/python3.10/site-packages/transformers/modeling_utils.py", line 2691, in _check_and_adjust_attn_implementation
    lazy_import_flash_attention(applicable_attn_implementation, force_import=True)
  File "/home/miislab/miniforge3/envs/livecc/lib/python3.10/site-packages/transformers/modeling_flash_attention_utils.py", line 136, in lazy_import_flash_attention
    _flash_fn, _flash_varlen_fn, _pad_fn, _unpad_fn = _lazy_imports(implementation)
  File "/home/miislab/miniforge3/envs/livecc/lib/python3.10/site-packages/transformers/modeling_flash_attention_utils.py", line 83, in _lazy_imports
    from flash_attn import flash_attn_func, flash_attn_varlen_func
  File "/home/miislab/miniforge3/envs/livecc/lib/python3.10/site-packages/flash_attn/__init__.py", line 3, in <module>
    from flash_attn.flash_attn_interface import (
  File "/home/miislab/miniforge3/envs/livecc/lib/python3.10/site-packages/flash_attn/flash_attn_interface.py", line 15, in <module>
    import flash_attn_2_cuda as flash_attn_gpu
ImportError: /home/miislab/miniforge3/envs/livecc/lib/python3.10/site-packages/flash_attn_2_cuda.cpython-310-x86_64-linux-gnu.so: undefined symbol: _ZNK3c106SymInt6sym_neERKS0_
INFO:root:[LiveCCWorker] Loading LiveCCInfer (device_id=0)...
INFO:root:[LiveCCWorker] LiveCCInfer loaded. Took 21.00 s
INFO:root:[LiveCCWorker] Start LiveCC inference on: /home/miislab/livecc_gui/examples/test.mp4
INFO:root:[LiveCCWorker] Video end detected.
INFO:root:[LiveCCWorker] Inference finished. Took 23.79 s
INFO:root:[LiveCCWorker] Loading LiveCCInfer (device_id=0)...
WARNING:huggingface_hub.utils._http:'(MaxRetryError('HTTPSConnectionPool(host=\'huggingface.co\', port=443): Max retries exceeded with url: /chenjoya/LiveCC-7B-Instruct/resolve/main/config.json (Caused by SSLError(SSLCertVerificationError(1, "[SSL: CERTIFICATE_VERIFY_FAILED] certificate verify failed: Hostname mismatch, certificate is not valid for \'huggingface.co\'. (_ssl.c:1017)")))'), '(Request ID: b45cb36d-2b15-4530-9f6e-999398f94fa1)')' thrown while requesting HEAD https://huggingface.co/chenjoya/LiveCC-7B-Instruct/resolve/main/config.json
WARNING:huggingface_hub.utils._http:Retrying in 1s [Retry 1/5].
WARNING:huggingface_hub.utils._http:'(MaxRetryError('HTTPSConnectionPool(host=\'huggingface.co\', port=443): Max retries exceeded with url: /chenjoya/LiveCC-7B-Instruct/resolve/main/config.json (Caused by SSLError(SSLCertVerificationError(1, "[SSL: CERTIFICATE_VERIFY_FAILED] certificate verify failed: Hostname mismatch, certificate is not valid for \'huggingface.co\'. (_ssl.c:1017)")))'), '(Request ID: 54469f52-2b10-488d-b0c7-dce8f693b6cc)')' thrown while requesting HEAD https://huggingface.co/chenjoya/LiveCC-7B-Instruct/resolve/main/config.json
WARNING:huggingface_hub.utils._http:Retrying in 2s [Retry 2/5].
WARNING:huggingface_hub.utils._http:'(MaxRetryError('HTTPSConnectionPool(host=\'huggingface.co\', port=443): Max retries exceeded with url: /chenjoya/LiveCC-7B-Instruct/resolve/main/config.json (Caused by SSLError(SSLCertVerificationError(1, "[SSL: CERTIFICATE_VERIFY_FAILED] certificate verify failed: Hostname mismatch, certificate is not valid for \'huggingface.co\'. (_ssl.c:1017)")))'), '(Request ID: 98b2d92c-4ccc-4c67-a9c5-a2fd0fd7c658)')' thrown while requesting HEAD https://huggingface.co/chenjoya/LiveCC-7B-Instruct/resolve/main/config.json
WARNING:huggingface_hub.utils._http:Retrying in 4s [Retry 3/5].
WARNING:huggingface_hub.utils._http:'(MaxRetryError('HTTPSConnectionPool(host=\'huggingface.co\', port=443): Max retries exceeded with url: /chenjoya/LiveCC-7B-Instruct/resolve/main/config.json (Caused by SSLError(SSLCertVerificationError(1, "[SSL: CERTIFICATE_VERIFY_FAILED] certificate verify failed: Hostname mismatch, certificate is not valid for \'huggingface.co\'. (_ssl.c:1017)")))'), '(Request ID: 250afefd-53b1-4b09-830d-30331529ed46)')' thrown while requesting HEAD https://huggingface.co/chenjoya/LiveCC-7B-Instruct/resolve/main/config.json
WARNING:huggingface_hub.utils._http:Retrying in 8s [Retry 4/5].
WARNING:huggingface_hub.utils._http:'(MaxRetryError('HTTPSConnectionPool(host=\'huggingface.co\', port=443): Max retries exceeded with url: /chenjoya/LiveCC-7B-Instruct/resolve/main/config.json (Caused by SSLError(SSLCertVerificationError(1, "[SSL: CERTIFICATE_VERIFY_FAILED] certificate verify failed: Hostname mismatch, certificate is not valid for \'huggingface.co\'. (_ssl.c:1017)")))'), '(Request ID: a24d0ed9-ff3a-47bf-8be8-ec8fc9effee0)')' thrown while requesting HEAD https://huggingface.co/chenjoya/LiveCC-7B-Instruct/resolve/main/config.json
WARNING:huggingface_hub.utils._http:Retrying in 8s [Retry 5/5].
WARNING:huggingface_hub.utils._http:'(MaxRetryError('HTTPSConnectionPool(host=\'huggingface.co\', port=443): Max retries exceeded with url: /chenjoya/LiveCC-7B-Instruct/resolve/main/config.json (Caused by SSLError(SSLCertVerificationError(1, "[SSL: CERTIFICATE_VERIFY_FAILED] certificate verify failed: Hostname mismatch, certificate is not valid for \'huggingface.co\'. (_ssl.c:1017)")))'), '(Request ID: d69f4e3e-d8fc-46d3-960d-957c0b034d21)')' thrown while requesting HEAD https://huggingface.co/chenjoya/LiveCC-7B-Instruct/resolve/main/config.json
WARNING:huggingface_hub.utils._http:'(MaxRetryError('HTTPSConnectionPool(host=\'huggingface.co\', port=443): Max retries exceeded with url: /chenjoya/LiveCC-7B-Instruct/resolve/main/config.json (Caused by SSLError(SSLCertVerificationError(1, "[SSL: CERTIFICATE_VERIFY_FAILED] certificate verify failed: Hostname mismatch, certificate is not valid for \'huggingface.co\'. (_ssl.c:1017)")))'), '(Request ID: 9a003e99-5999-4a30-ab56-054a55daf871)')' thrown while requesting HEAD https://huggingface.co/chenjoya/LiveCC-7B-Instruct/resolve/main/config.json
WARNING:huggingface_hub.utils._http:Retrying in 1s [Retry 1/5].
WARNING:huggingface_hub.utils._http:'(MaxRetryError('HTTPSConnectionPool(host=\'huggingface.co\', port=443): Max retries exceeded with url: /chenjoya/LiveCC-7B-Instruct/resolve/main/config.json (Caused by SSLError(SSLCertVerificationError(1, "[SSL: CERTIFICATE_VERIFY_FAILED] certificate verify failed: Hostname mismatch, certificate is not valid for \'huggingface.co\'. (_ssl.c:1017)")))'), '(Request ID: da4e8d9a-4253-453a-aa75-43d806572c04)')' thrown while requesting HEAD https://huggingface.co/chenjoya/LiveCC-7B-Instruct/resolve/main/config.json
WARNING:huggingface_hub.utils._http:Retrying in 2s [Retry 2/5].
WARNING:huggingface_hub.utils._http:'(MaxRetryError('HTTPSConnectionPool(host=\'huggingface.co\', port=443): Max retries exceeded with url: /chenjoya/LiveCC-7B-Instruct/resolve/main/config.json (Caused by SSLError(SSLCertVerificationError(1, "[SSL: CERTIFICATE_VERIFY_FAILED] certificate verify failed: Hostname mismatch, certificate is not valid for \'huggingface.co\'. (_ssl.c:1017)")))'), '(Request ID: eedf5950-4bdb-4025-b963-064c55c0cf39)')' thrown while requesting HEAD https://huggingface.co/chenjoya/LiveCC-7B-Instruct/resolve/main/config.json
WARNING:huggingface_hub.utils._http:Retrying in 4s [Retry 3/5].
WARNING:huggingface_hub.utils._http:'(MaxRetryError('HTTPSConnectionPool(host=\'huggingface.co\', port=443): Max retries exceeded with url: /chenjoya/LiveCC-7B-Instruct/resolve/main/config.json (Caused by SSLError(SSLCertVerificationError(1, "[SSL: CERTIFICATE_VERIFY_FAILED] certificate verify failed: Hostname mismatch, certificate is not valid for \'huggingface.co\'. (_ssl.c:1017)")))'), '(Request ID: 766f4e3a-2db2-482a-8047-7e0dacd79fc1)')' thrown while requesting HEAD https://huggingface.co/chenjoya/LiveCC-7B-Instruct/resolve/main/config.json
WARNING:huggingface_hub.utils._http:Retrying in 8s [Retry 4/5].
WARNING:huggingface_hub.utils._http:'(MaxRetryError('HTTPSConnectionPool(host=\'huggingface.co\', port=443): Max retries exceeded with url: /chenjoya/LiveCC-7B-Instruct/resolve/main/config.json (Caused by SSLError(SSLCertVerificationError(1, "[SSL: CERTIFICATE_VERIFY_FAILED] certificate verify failed: Hostname mismatch, certificate is not valid for \'huggingface.co\'. (_ssl.c:1017)")))'), '(Request ID: cc1c882c-6a6a-419e-956e-7d41a5210531)')' thrown while requesting HEAD https://huggingface.co/chenjoya/LiveCC-7B-Instruct/resolve/main/config.json
WARNING:huggingface_hub.utils._http:Retrying in 8s [Retry 5/5].
WARNING:huggingface_hub.utils._http:'(MaxRetryError('HTTPSConnectionPool(host=\'huggingface.co\', port=443): Max retries exceeded with url: /chenjoya/LiveCC-7B-Instruct/resolve/main/config.json (Caused by SSLError(SSLCertVerificationError(1, "[SSL: CERTIFICATE_VERIFY_FAILED] certificate verify failed: Hostname mismatch, certificate is not valid for \'huggingface.co\'. (_ssl.c:1017)")))'), '(Request ID: 876ac7b5-ad5c-45a6-ba44-1af4d4735968)')' thrown while requesting HEAD https://huggingface.co/chenjoya/LiveCC-7B-Instruct/resolve/main/config.json
INFO:root:[LiveCCWorker] LiveCCInfer loaded. Took 64.72 s
INFO:root:[LiveCCWorker] Loading LiveCCInfer (device_id=0)...
INFO:root:[LiveCCWorker] LiveCCInfer loaded. Took 13.53 s
INFO:root:[LiveCCWorker] Start LiveCC inference on: /home/miislab/livecc_gui/examples/test.mp4
INFO:root:[LiveCCWorker] Video end detected.
INFO:root:[LiveCCWorker] Inference finished. Took 23.90 s
INFO:root:[LiveCCWorker] Loading LiveCCInfer (device_id=0)...
INFO:root:[LiveCCWorker] LiveCCInfer loaded. Took 14.47 s
INFO:root:[LiveCCWorker] Loading LiveCCInfer (device_id=0)...
INFO:root:[LiveCCWorker] LiveCCInfer loaded. Took 15.87 s
INFO:root:[LiveCCWorker] Start LiveCC inference on: /home/miislab/livecc_gui/examples/test.mp4
INFO:root:[LiveCCWorker] Video end detected.
INFO:root:[LiveCCWorker] Inference finished. Took 23.63 s
INFO:root:[LiveCCWorker] Loading LiveCCInfer (device_id=0)...
INFO:root:[LiveCCWorker] LiveCCInfer loaded. Took 14.33 s
INFO:root:[LiveCCWorker] Start LiveCC inference on: /home/miislab/livecc_gui/examples/test.mp4
INFO:root:[LiveCCWorker] Video end detected.
INFO:root:[LiveCCWorker] Inference finished. Took 23.72 s
INFO:root:[LiveCCWorker] Loading LiveCCInfer (device_id=0)...
INFO:root:[LiveCCWorker] LiveCCInfer loaded. Took 14.53 s
INFO:root:[LiveCCWorker] Start LiveCC inference on: /home/miislab/livecc_gui/examples/test.mp4
INFO:root:[LiveCCWorker] Video end detected.
INFO:root:[LiveCCWorker] Inference finished. Took 24.08 s
INFO:root:[LiveCCWorker] Loading LiveCCInfer (device_id=0)...
INFO:root:[LiveCCWorker] LiveCCInfer loaded. Took 14.37 s
INFO:root:[LiveCCWorker] Start LiveCC inference on: /home/miislab/livecc_gui/examples/test.mp4
INFO:root:[LiveCCWorker] Stop requested, break loop.
INFO:root:[LiveCCWorker] Inference finished. Took 21.77 s
INFO:root:[LiveCCWorker] Loading LiveCCInfer (device_id=0)...
INFO:root:[LiveCCWorker] LiveCCInfer loaded. Took 14.36 s
INFO:root:[LiveCCWorker] Start LiveCC inference on: /home/miislab/livecc_gui/examples/test.mp4
INFO:root:[LiveCCWorker] Video end detected.
INFO:root:[LiveCCWorker] Inference finished. Took 23.80 s
INFO:root:[LiveCCWorker] Loading LiveCCInfer (device_id=0)...
INFO:root:[LiveCCWorker] LiveCCInfer loaded. Took 14.17 s
INFO:root:[LiveCCWorker] Start LiveCC inference on: /home/miislab/livecc_gui/examples/test.mp4
INFO:root:[LiveCCWorker] Video end detected.
INFO:root:[LiveCCWorker] Inference finished. Took 23.67 s
INFO:root:[LiveCCWorker] Loading LiveCCInfer (device_id=0)...
INFO:root:[LiveCCWorker] LiveCCInfer loaded. Took 15.48 s
INFO:root:[LiveCCWorker] Start LiveCC inference on: /home/miislab/livecc_gui/examples/test.mp4
INFO:root:[LiveCCWorker] Video end detected.
INFO:root:[LiveCCWorker] Inference finished. Took 23.84 s
INFO:root:[LiveCCWorker] Loading LiveCCInfer (device_id=0)...
INFO:root:[LiveCCWorker] LiveCCInfer loaded. Took 14.55 s
INFO:root:[LiveCCWorker] Start LiveCC inference on: /home/miislab/livecc_gui/examples/test.mp4
INFO:root:[LiveCCWorker] Stop requested, break loop.
INFO:root:[LiveCCWorker] Inference finished. Took 17.13 s
INFO:root:[LiveCCWorker] Loading LiveCCInfer (device_id=0)...
INFO:root:[LiveCCWorker] LiveCCInfer loaded. Took 13.99 s
INFO:root:[LiveCCWorker] Start LiveCC inference on: /home/miislab/livecc_gui/examples/test.mp4
INFO:root:[LiveCCWorker] Video end detected.
INFO:root:[LiveCCWorker] Inference finished. Took 23.85 s
INFO:root:[LiveCCWorker] Loading LiveCCInfer (device_id=0)...
INFO:root:[LiveCCWorker] LiveCCInfer loaded. Took 14.96 s
INFO:root:[LiveCCWorker] Start LiveCC inference on: /home/miislab/livecc_gui/examples/test.mp4
INFO:root:[LiveCCWorker] Video end detected.
INFO:root:[LiveCCWorker] Inference finished. Took 23.81 s
INFO:root:[LiveCCWorker] Loading LiveCCInfer (device_id=0)...
INFO:root:[LiveCCWorker] LiveCCInfer loaded. Took 14.23 s
INFO:root:[LiveCCWorker] Start LiveCC inference on: /home/miislab/livecc_gui/examples/test.mp4
INFO:root:[LiveCCWorker] Stop requested, break loop.
INFO:root:[LiveCCWorker] Inference finished. Took 12.82 s
INFO:root:[LiveCCWorker] Loading LiveCCInfer (device_id=0)...
WARNING:huggingface_hub.utils._http:'(MaxRetryError('HTTPSConnectionPool(host=\'huggingface.co\', port=443): Max retries exceeded with url: /chenjoya/LiveCC-7B-Instruct/resolve/main/config.json (Caused by NameResolutionError("<urllib3.connection.HTTPSConnection object at 0x7b34940c6bf0>: Failed to resolve \'huggingface.co\' ([Errno -3] Temporary failure in name resolution)"))'), '(Request ID: 336cc08e-03ef-4908-9d26-ff60ba48c471)')' thrown while requesting HEAD https://huggingface.co/chenjoya/LiveCC-7B-Instruct/resolve/main/config.json
WARNING:huggingface_hub.utils._http:Retrying in 1s [Retry 1/5].
WARNING:huggingface_hub.utils._http:'(MaxRetryError('HTTPSConnectionPool(host=\'huggingface.co\', port=443): Max retries exceeded with url: /chenjoya/LiveCC-7B-Instruct/resolve/main/config.json (Caused by NameResolutionError("<urllib3.connection.HTTPSConnection object at 0x7b34940c6350>: Failed to resolve \'huggingface.co\' ([Errno -3] Temporary failure in name resolution)"))'), '(Request ID: d2864fa1-bce9-4139-b5c0-3a6a34a71f14)')' thrown while requesting HEAD https://huggingface.co/chenjoya/LiveCC-7B-Instruct/resolve/main/config.json
WARNING:huggingface_hub.utils._http:Retrying in 2s [Retry 2/5].
WARNING:huggingface_hub.utils._http:'(MaxRetryError('HTTPSConnectionPool(host=\'huggingface.co\', port=443): Max retries exceeded with url: /chenjoya/LiveCC-7B-Instruct/resolve/main/config.json (Caused by NameResolutionError("<urllib3.connection.HTTPSConnection object at 0x7b34940c5ff0>: Failed to resolve \'huggingface.co\' ([Errno -3] Temporary failure in name resolution)"))'), '(Request ID: 7b7260ee-7812-4f53-a513-e0f8697e5dfe)')' thrown while requesting HEAD https://huggingface.co/chenjoya/LiveCC-7B-Instruct/resolve/main/config.json
WARNING:huggingface_hub.utils._http:Retrying in 4s [Retry 3/5].
WARNING:huggingface_hub.utils._http:'(MaxRetryError('HTTPSConnectionPool(host=\'huggingface.co\', port=443): Max retries exceeded with url: /chenjoya/LiveCC-7B-Instruct/resolve/main/config.json (Caused by NameResolutionError("<urllib3.connection.HTTPSConnection object at 0x7b34940c5c90>: Failed to resolve \'huggingface.co\' ([Errno -3] Temporary failure in name resolution)"))'), '(Request ID: ce163be7-1b88-46a0-a253-78c87debbea9)')' thrown while requesting HEAD https://huggingface.co/chenjoya/LiveCC-7B-Instruct/resolve/main/config.json
WARNING:huggingface_hub.utils._http:Retrying in 8s [Retry 4/5].
WARNING:huggingface_hub.utils._http:'(MaxRetryError('HTTPSConnectionPool(host=\'huggingface.co\', port=443): Max retries exceeded with url: /chenjoya/LiveCC-7B-Instruct/resolve/main/config.json (Caused by NameResolutionError("<urllib3.connection.HTTPSConnection object at 0x7b34940c5ed0>: Failed to resolve \'huggingface.co\' ([Errno -3] Temporary failure in name resolution)"))'), '(Request ID: c82b49ab-6c39-4d02-9589-fa515bd40a02)')' thrown while requesting HEAD https://huggingface.co/chenjoya/LiveCC-7B-Instruct/resolve/main/config.json
WARNING:huggingface_hub.utils._http:Retrying in 8s [Retry 5/5].
INFO:root:[LiveCCWorker] LiveCCInfer loaded. Took 89.53 s
INFO:root:[LiveCCWorker] Start LiveCC inference on: /home/miislab/livecc_gui/examples/test.mp4
INFO:root:[LiveCCWorker] Stop requested, break loop.
INFO:root:[LiveCCWorker] Inference finished. Took 22.62 s
INFO:root:[LiveCCWorker] Loading LiveCCInfer (device_id=0)...
INFO:root:[LiveCCWorker] LiveCCInfer loaded. Took 14.45 s
INFO:root:[LiveCCWorker] Start LiveCC inference on: /home/miislab/livecc_gui/examples/test.mp4
INFO:root:[LiveCCWorker] Video end detected.
INFO:root:[LiveCCWorker] Inference finished. Took 23.78 s
INFO:root:[LiveCCWorker] Loading LiveCCInfer (device_id=0)...
INFO:root:[LiveCCWorker] LiveCCInfer loaded. Took 14.23 s
INFO:root:[LiveCCWorker] Start LiveCC inference on: /home/miislab/livecc_gui/examples/test.mp4
INFO:root:[LiveCCWorker] Stop requested, break loop.
INFO:root:[LiveCCWorker] Inference finished. Took 21.74 s
INFO:root:[LiveCCWorker] Loading LiveCCInfer (device_id=0)...
INFO:root:[LiveCCWorker] LiveCCInfer loaded. Took 14.18 s
INFO:root:[LiveCCWorker] Start LiveCC inference on: /home/miislab/livecc_gui/examples/test.mp4
INFO:root:[LiveCCWorker] Video end detected.
INFO:root:[LiveCCWorker] Inference finished. Took 23.67 s
INFO:root:[LiveCCWorker] Loading LiveCCInfer (device_id=0)...
INFO:root:[LiveCCWorker] LiveCCInfer loaded. Took 14.73 s
INFO:root:[LiveCCWorker] Start LiveCC inference on: /home/miislab/livecc_gui/examples/test.mp4
INFO:root:[LiveCCWorker] Video end detected.
INFO:root:[LiveCCWorker] Inference finished. Took 23.85 s
INFO:root:[LiveCCWorker] Loading LiveCCInfer (device_id=0)...
INFO:root:[LiveCCWorker] LiveCCInfer loaded. Took 15.24 s
INFO:root:[LiveCCWorker] Start LiveCC inference on: /home/miislab/livecc_gui/examples/test.mp4
INFO:root:[LiveCCWorker] Video end detected.
INFO:root:[LiveCCWorker] Inference finished. Took 23.66 s
INFO:root:[LiveCCWorker] Loading LiveCCInfer (device_id=0)...
INFO:root:[LiveCCWorker] LiveCCInfer loaded. Took 14.58 s
INFO:root:[LiveCCWorker] Start LiveCC inference on: /home/miislab/livecc_gui/examples/test.mp4
INFO:root:[LiveCCWorker] Video end detected.
INFO:root:[LiveCCWorker] Inference finished. Took 23.64 s
INFO:root:[LiveCCWorker] Loading LiveCCInfer (device_id=0)...
INFO:root:[LiveCCWorker] LiveCCInfer loaded. Took 14.58 s
INFO:root:[LiveCCWorker] Start LiveCC inference on: /home/miislab/livecc_gui/examples/test.mp4
INFO:root:[LiveCCWorker] Video end detected.
INFO:root:[LiveCCWorker] Inference finished. Took 23.73 s
INFO:root:[LiveCCWorker] Loading LiveCCInfer (device_id=0)...
INFO:root:[LiveCCWorker] LiveCCInfer loaded. Took 15.65 s
INFO:root:[LiveCCWorker] Start LiveCC inference on: /home/miislab/livecc_gui/examples/test.mp4
INFO:root:[LiveCCWorker] Video end detected.
INFO:root:[LiveCCWorker] Inference finished. Took 23.93 s
INFO:root:[LiveCCWorker] Loading LiveCCInfer (device_id=0)...
INFO:root:[LiveCCWorker] LiveCCInfer loaded. Took 14.24 s
INFO:root:[LiveCCWorker] Start LiveCC inference on: /home/miislab/livecc_gui/examples/test.mp4
INFO:root:[LiveCCWorker] Video end detected.
INFO:root:[LiveCCWorker] Inference finished. Took 23.66 s
INFO:root:[LiveCCWorker] Loading LiveCCInfer (device_id=0)...
INFO:root:[LiveCCWorker] LiveCCInfer loaded. Took 15.25 s
INFO:root:[LiveCCWorker] Start LiveCC inference on: /home/miislab/livecc_gui/examples/test.mp4
INFO:root:[LiveCCWorker] Video end detected.
INFO:root:[LiveCCWorker] Inference finished. Took 23.95 s
INFO:root:[LiveCCWorker] Loading LiveCCInfer (device_id=0)...
INFO:root:[LiveCCWorker] LiveCCInfer loaded. Took 14.52 s
INFO:root:[LiveCCWorker] Start LiveCC inference on: /home/miislab/livecc_gui/examples/test.mp4
INFO:root:[LiveCCWorker] Video end detected.
INFO:root:[LiveCCWorker] Inference finished. Took 23.80 s
INFO:root:[LiveCCWorker] Loading LiveCCInfer (device_id=0)...
INFO:root:[LiveCCWorker] LiveCCInfer loaded. Took 14.55 s
INFO:root:[LiveCCWorker] Start LiveCC inference on: /home/miislab/livecc_gui/examples/test.mp4
INFO:root:[LiveCCWorker] Video end detected.
INFO:root:[LiveCCWorker] Inference finished. Took 23.63 s
INFO:root:[LiveCCWorker] Loading LiveCCInfer (device_id=0)...
INFO:root:[LiveCCWorker] LiveCCInfer loaded. Took 14.85 s
INFO:root:[LiveCCWorker] Start LiveCC inference on: /home/miislab/livecc_gui/examples/test.mp4
INFO:root:[LiveCCWorker] Video end detected.
INFO:root:[LiveCCWorker] Inference finished. Took 23.82 s
INFO:root:[LiveCCWorker] Loading LiveCCInfer (device_id=0)...
INFO:root:[LiveCCWorker] LiveCCInfer loaded. Took 14.67 s
INFO:root:[LiveCCWorker] Start LiveCC inference on: /home/miislab/livecc_gui/examples/test.mp4
INFO:root:[LiveCCWorker] Video end detected.
INFO:root:[LiveCCWorker] Inference finished. Took 23.74 s
INFO:root:[LiveCCWorker] Loading LiveCCInfer (device_id=0)...
INFO:root:[LiveCCWorker] LiveCCInfer loaded. Took 14.97 s
INFO:root:[LiveCCWorker] Start LiveCC inference on: /home/miislab/livecc_gui/examples/test.mp4
INFO:root:[LiveCCWorker] Stop requested, break loop.
INFO:root:[LiveCCWorker] Inference finished. Took 22.98 s
INFO:root:[LiveCCWorker] Loading LiveCCInfer (device_id=0)...
INFO:root:[LiveCCWorker] LiveCCInfer loaded. Took 14.41 s
INFO:root:[LiveCCWorker] Start LiveCC inference on: /home/miislab/livecc_gui/examples/test.mp4
INFO:root:[LiveCCWorker] Stop requested, break loop.
INFO:root:[LiveCCWorker] Inference finished. Took 11.72 s
INFO:root:[LiveCCWorker] Loading LiveCCInfer (device_id=0)...
INFO:root:[LiveCCWorker] LiveCCInfer loaded. Took 17.36 s
INFO:root:[LiveCCWorker] Start LiveCC inference on: /home/miislab/livecc_gui/examples/test.mp4
INFO:root:[LiveCCWorker] Video end detected.
INFO:root:[LiveCCWorker] Inference finished. Took 23.64 s
INFO:root:[LiveCCWorker] Loading LiveCCInfer (device_id=0)...
INFO:root:[LiveCCWorker] LiveCCInfer loaded. Took 15.29 s
INFO:root:[LiveCCWorker] Start LiveCC inference on: /home/miislab/livecc_gui/examples/test.mp4
INFO:root:[LiveCCWorker] Video end detected.
INFO:root:[LiveCCWorker] Inference finished. Took 23.73 s
INFO:root:[LiveCCWorker] Loading LiveCCInfer (device_id=0)...
INFO:root:[LiveCCWorker] LiveCCInfer loaded. Took 14.82 s
INFO:root:[LiveCCWorker] Start LiveCC inference on: /home/miislab/livecc_gui/examples/test.mp4
INFO:root:[LiveCCWorker] Video end detected.
INFO:root:[LiveCCWorker] Inference finished. Took 23.86 s
INFO:root:[LiveCCWorker] Loading LiveCCInfer (device_id=0)...
INFO:root:[LiveCCWorker] LiveCCInfer loaded. Took 14.65 s
INFO:root:[LiveCCWorker] Start LiveCC inference on: /home/miislab/livecc_gui/examples/test.mp4
INFO:root:[LiveCCWorker] Video end detected.
INFO:root:[LiveCCWorker] Inference finished. Took 23.79 s
INFO:root:[LiveCCWorker] Loading LiveCCInfer (device_id=0)...
INFO:root:[LiveCCWorker] LiveCCInfer loaded. Took 14.44 s
INFO:root:[LiveCCWorker] Start LiveCC inference on: /home/miislab/livecc_gui/examples/test.mp4
INFO:root:[LiveCCWorker] Video end detected.
INFO:root:[LiveCCWorker] Inference finished. Took 23.85 s
INFO:root:[LiveCCWorker] Loading LiveCCInfer (device_id=0)...
INFO:root:[LiveCCWorker] LiveCCInfer loaded. Took 15.44 s
INFO:root:[LiveCCWorker] Start LiveCC inference on: /home/miislab/livecc_gui/examples/test.mp4
INFO:root:[LiveCCWorker] Stop requested, break loop.
INFO:root:[LiveCCWorker] Inference finished. Took 19.94 s
INFO:root:[LiveCCWorker] Loading LiveCCInfer (device_id=0)...
INFO:root:[LiveCCWorker] LiveCCInfer loaded. Took 14.93 s
INFO:root:[LiveCCWorker] Start LiveCC inference on: /home/miislab/livecc_gui/examples/test.mp4
INFO:root:[LiveCCWorker] Video end detected.
INFO:root:[LiveCCWorker] Inference finished. Took 23.55 s
INFO:root:[LiveCCWorker] Loading LiveCCInfer (device_id=0)...
INFO:root:[LiveCCWorker] LiveCCInfer loaded. Took 15.29 s
INFO:root:[LiveCCWorker] Start LiveCC inference on: /home/miislab/livecc_gui/examples/test.mp4
INFO:root:[LiveCCWorker] Video end detected.
INFO:root:[LiveCCWorker] Inference finished. Took 23.80 s
INFO:root:[LiveCCWorker] Loading LiveCCInfer (device_id=0)...
INFO:root:[LiveCCWorker] LiveCCInfer loaded. Took 14.54 s
INFO:root:[LiveCCWorker] Start LiveCC inference on: /home/miislab/livecc_gui/examples/test.mp4
INFO:root:[LiveCCWorker] Video end detected.
INFO:root:[LiveCCWorker] Inference finished. Took 23.81 s
INFO:root:[LiveCCWorker] Loading LiveCCInfer (device_id=0)...
INFO:root:[LiveCCWorker] LiveCCInfer loaded. Took 14.05 s
INFO:root:[LiveCCWorker] Start LiveCC inference on: /home/miislab/livecc_gui/examples/test.mp4
INFO:root:[LiveCCWorker] Video end detected.
INFO:root:[LiveCCWorker] Inference finished. Took 23.54 s
INFO:root:[LiveCCWorker] Loading LiveCCInfer (device_id=0)...
INFO:root:[LiveCCWorker] LiveCCInfer loaded. Took 14.21 s
INFO:root:[LiveCCWorker] Start LiveCC inference on: /home/miislab/livecc_gui/examples/test.mp4
INFO:root:[LiveCCWorker] Video end detected.
INFO:root:[LiveCCWorker] Inference finished. Took 23.78 s
INFO:root:[LiveCCWorker] Loading LiveCCInfer (device_id=0)...
INFO:root:[LiveCCWorker] LiveCCInfer loaded. Took 14.61 s
INFO:root:[LiveCCWorker] Start LiveCC inference on: /home/miislab/livecc_gui/examples/test.mp4
INFO:root:[LiveCCWorker] Video end detected.
INFO:root:[LiveCCWorker] Inference finished. Took 23.79 s
INFO:root:[LiveCCWorker] Loading LiveCCInfer (device_id=0)...
INFO:root:[LiveCCWorker] LiveCCInfer loaded. Took 15.06 s
INFO:root:[LiveCCWorker] Start LiveCC inference on: /home/miislab/livecc_gui/examples/test.mp4
INFO:root:[LiveCCWorker] Video end detected.
INFO:root:[LiveCCWorker] Inference finished. Took 23.83 s
INFO:root:[LiveCCWorker] Start LiveCC inference on: /home/miislab/livecc_gui/examples/test.mp4
ERROR:root:[LiveCCWorker] Error during LiveCC inference
Traceback (most recent call last):
  File "/home/miislab/livecc_gui/src/miis_broadcast/workers/livecc.py", line 70, in runInference
    for (start_t, stop_t), response, state in self.livecc.live_cc(query, state):
  File "/home/miislab/livecc_gui/src/miis_broadcast/core/models/livecc_transformers.py", line 379, in live_cc
    print_final_stats()  # <--- 這裡印出最終報告
KeyError: 'video_pts'
INFO:root:[LiveCCWorker] Loading LiveCCInfer (device_id=0)...
INFO:root:[LiveCCWorker] LiveCCInfer loaded. Took 14.51 s
INFO:root:[LiveCCWorker] Start LiveCC inference on: /home/miislab/livecc_gui/examples/test.mp4
INFO:root:[LiveCCWorker] Stop requested, break loop.
INFO:root:[LiveCCWorker] Inference finished. Took 22.10 s
INFO:root:[LiveCCWorker] Loading LiveCCInfer (device_id=0)...
INFO:root:[LiveCCWorker] LiveCCInfer loaded. Took 14.79 s
INFO:root:[LiveCCWorker] Start LiveCC inference on: /home/miislab/livecc_gui/examples/test.mp4
INFO:root:[LiveCCWorker] Video end detected.
INFO:root:[LiveCCWorker] Inference finished. Took 23.86 s
INFO:root:[LiveCCWorker] Loading LiveCCInfer (device_id=0)...
INFO:root:[LiveCCWorker] LiveCCInfer loaded. Took 14.95 s
INFO:root:[LiveCCWorker] Start LiveCC inference on: /home/miislab/livecc_gui/examples/test.mp4
INFO:root:[LiveCCWorker] Video end detected.
INFO:root:[LiveCCWorker] Inference finished. Took 23.77 s
INFO:root:[LiveCCWorker] Loading LiveCCInfer (device_id=0)...
INFO:root:[LiveCCWorker] LiveCCInfer loaded. Took 14.52 s
INFO:root:[LiveCCWorker] Start LiveCC inference on: /home/miislab/livecc_gui/examples/test.mp4
INFO:root:[LiveCCWorker] Stop requested, break loop.
INFO:root:[LiveCCWorker] Inference finished. Took 21.80 s
INFO:root:[LiveCCWorker] Loading LiveCCInfer (device_id=0)...
INFO:root:[LiveCCWorker] LiveCCInfer loaded. Took 14.71 s
INFO:root:[LiveCCWorker] Start LiveCC inference on: /home/miislab/livecc_gui/examples/test.mp4
INFO:root:[LiveCCWorker] Stop requested, break loop.
INFO:root:[LiveCCWorker] Inference finished. Took 12.80 s
INFO:root:[LiveCCWorker] Loading LiveCCInfer (device_id=0)...
INFO:root:[LiveCCWorker] LiveCCInfer loaded. Took 15.20 s
INFO:root:[LiveCCWorker] Start LiveCC inference on: /home/miislab/livecc_gui/examples/test.mp4
INFO:root:[LiveCCWorker] Video end detected.
INFO:root:[LiveCCWorker] Inference finished. Took 23.96 s
INFO:root:[LiveCCWorker] Loading LiveCCInfer (device_id=0)...
INFO:root:[LiveCCWorker] LiveCCInfer loaded. Took 15.52 s
INFO:root:[LiveCCWorker] Start LiveCC inference on: /home/miislab/livecc_gui/examples/test.mp4
INFO:root:[LiveCCWorker] Video end detected.
INFO:root:[LiveCCWorker] Inference finished. Took 23.83 s
INFO:root:[LiveCCWorker] Loading LiveCCInfer (device_id=0)...
INFO:root:[LiveCCWorker] LiveCCInfer loaded. Took 14.97 s
INFO:root:[LiveCCWorker] Start LiveCC inference on: /home/miislab/livecc_gui/examples/test.mp4
INFO:root:[LiveCCWorker] Stop requested, break loop.
INFO:root:[LiveCCWorker] Inference finished. Took 19.95 s
INFO:root:[LiveCCWorker] Loading LiveCCInfer (device_id=0)...
INFO:root:[LiveCCWorker] LiveCCInfer loaded. Took 14.46 s
INFO:root:[LiveCCWorker] Start LiveCC inference on: /home/miislab/livecc_gui/examples/test.mp4
INFO:root:[LiveCCWorker] Stop requested, break loop.
INFO:root:[LiveCCWorker] Inference finished. Took 19.81 s
INFO:root:[LiveCCWorker] Loading LiveCCInfer (device_id=0)...
INFO:root:[LiveCCWorker] LiveCCInfer loaded. Took 16.05 s
INFO:root:[LiveCCWorker] Start LiveCC inference on: /home/miislab/livecc_gui/examples/test.mp4
INFO:root:[LiveCCWorker] Stop requested, break loop.
INFO:root:[LiveCCWorker] Inference finished. Took 16.00 s
INFO:root:[LiveCCWorker] Loading LiveCCInfer (device_id=0)...
INFO:root:[LiveCCWorker] LiveCCInfer loaded. Took 15.16 s
INFO:root:[LiveCCWorker] Start LiveCC inference on: /home/miislab/livecc_gui/examples/test.mp4
INFO:root:[LiveCCWorker] Video end detected.
INFO:root:[LiveCCWorker] Inference finished. Took 24.03 s
INFO:root:[LiveCCWorker] Loading LiveCCInfer (device_id=0)...
INFO:root:[LiveCCWorker] LiveCCInfer loaded. Took 16.12 s
INFO:root:[LiveCCWorker] Start LiveCC inference on: /home/miislab/livecc_gui/examples/test.mp4
INFO:root:[LiveCCWorker] Video end detected.
INFO:root:[LiveCCWorker] Inference finished. Took 23.72 s
INFO:root:[LiveCCWorker] Loading LiveCCInfer (device_id=0)...
INFO:root:[LiveCCWorker] LiveCCInfer loaded. Took 14.35 s
INFO:root:[LiveCCWorker] Start LiveCC inference on: /home/miislab/livecc_gui/examples/test.mp4
INFO:root:[LiveCCWorker] Stop requested, break loop.
INFO:root:[LiveCCWorker] Inference finished. Took 20.85 s
INFO:root:[LiveCCWorker] Loading LiveCCInfer (device_id=0)...
INFO:root:[LiveCCWorker] LiveCCInfer loaded. Took 14.86 s
INFO:root:[LiveCCWorker] Start LiveCC inference on: /home/miislab/livecc_gui/examples/test.mp4
INFO:root:[LiveCCWorker] Video end detected.
INFO:root:[LiveCCWorker] Inference finished. Took 23.67 s
INFO:root:[LiveCCWorker] Loading LiveCCInfer (device_id=0)...
INFO:root:[LiveCCWorker] LiveCCInfer loaded. Took 16.28 s
INFO:root:[LiveCCWorker] Start LiveCC inference on: /home/miislab/livecc_gui/examples/test.mp4
INFO:root:[LiveCCWorker] Stop requested, break loop.
INFO:root:[LiveCCWorker] Inference finished. Took 13.97 s
INFO:root:[LiveCCWorker] Loading LiveCCInfer (device_id=0)...
INFO:root:[LiveCCWorker] LiveCCInfer loaded. Took 16.11 s
INFO:root:[LiveCCWorker] Start LiveCC inference on: /home/miislab/livecc_gui/examples/test.mp4
INFO:root:[LiveCCWorker] Stop requested, break loop.
INFO:root:[LiveCCWorker] Inference finished. Took 7.19 s
INFO:root:[LiveCCWorker] Loading LiveCCInfer (device_id=0)...
INFO:root:[LiveCCWorker] LiveCCInfer loaded. Took 14.91 s
INFO:root:[LiveCCWorker] Start LiveCC inference on: /home/miislab/livecc_gui/examples/test.mp4
INFO:root:[LiveCCWorker] Stop requested, break loop.
INFO:root:[LiveCCWorker] Inference finished. Took 21.93 s
INFO:root:[LiveCCWorker] Loading LiveCCInfer (device_id=0)...
INFO:root:[LiveCCWorker] LiveCCInfer loaded. Took 14.66 s
INFO:root:[LiveCCWorker] Start LiveCC inference on: /home/miislab/livecc_gui/examples/test.mp4
INFO:root:[LiveCCWorker] Stop requested, break loop.
INFO:root:[LiveCCWorker] Inference finished. Took 22.15 s
INFO:root:[LiveCCWorker] Loading LiveCCInfer (device_id=0)...
INFO:root:[LiveCCWorker] LiveCCInfer loaded. Took 16.84 s
INFO:root:[LiveCCWorker] Start LiveCC inference on: /home/miislab/livecc_gui/examples/test.mp4
INFO:root:[LiveCCWorker] Video end detected.
INFO:root:[LiveCCWorker] Inference finished. Took 24.00 s
INFO:root:[LiveCCWorker] Loading LiveCCInfer (device_id=0)...
INFO:root:[LiveCCWorker] LiveCCInfer loaded. Took 15.06 s
INFO:root:[LiveCCWorker] Start LiveCC inference on: /home/miislab/livecc_gui/examples/test.mp4
INFO:root:[LiveCCWorker] Video end detected.
INFO:root:[LiveCCWorker] Inference finished. Took 23.76 s
INFO:root:[LiveCCWorker] Loading LiveCCInfer (device_id=0)...
INFO:root:[LiveCCWorker] LiveCCInfer loaded. Took 15.49 s
INFO:root:[LiveCCWorker] Start LiveCC inference on: /home/miislab/livecc_gui/examples/test.mp4
INFO:root:[LiveCCWorker] Stop requested, break loop.
INFO:root:[LiveCCWorker] Inference finished. Took 16.96 s
INFO:root:[LiveCCWorker] Loading LiveCCInfer (device_id=0)...
INFO:root:[LiveCCWorker] LiveCCInfer loaded. Took 14.92 s
INFO:root:[LiveCCWorker] Start LiveCC inference on: /home/miislab/livecc_gui/examples/test.mp4
INFO:root:[LiveCCWorker] Stop requested, break loop.
INFO:root:[LiveCCWorker] Inference finished. Took 19.83 s
INFO:root:[LiveCCWorker] Loading LiveCCInfer (device_id=0)...
INFO:root:[LiveCCWorker] LiveCCInfer loaded. Took 16.17 s
INFO:root:[LiveCCWorker] Start LiveCC inference on: /home/miislab/livecc_gui/examples/test.mp4
INFO:root:[LiveCCWorker] Video end detected.
INFO:root:[LiveCCWorker] Inference finished. Took 23.69 s
INFO:root:[LiveCCWorker] Loading LiveCCInfer (device_id=0)...
INFO:root:[LiveCCWorker] LiveCCInfer loaded. Took 16.53 s
INFO:root:[LiveCCWorker] Start LiveCC inference on: /home/miislab/livecc_gui/examples/test.mp4
INFO:root:[LiveCCWorker] Video end detected.
INFO:root:[LiveCCWorker] Inference finished. Took 23.91 s
INFO:root:[LiveCCWorker] Loading LiveCCInfer (device_id=0)...
INFO:root:[LiveCCWorker] LiveCCInfer loaded. Took 14.92 s
INFO:root:[LiveCCWorker] Start LiveCC inference on: /home/miislab/livecc_gui/examples/test.mp4
INFO:root:[LiveCCWorker] Video end detected.
INFO:root:[LiveCCWorker] Inference finished. Took 24.03 s
INFO:root:[LiveCCWorker] Loading LiveCCInfer (device_id=0)...
INFO:root:[LiveCCWorker] LiveCCInfer loaded. Took 14.78 s
INFO:root:[LiveCCWorker] Start LiveCC inference on: /home/miislab/livecc_gui/examples/test.mp4
INFO:root:[LiveCCWorker] Video end detected.
INFO:root:[LiveCCWorker] Inference finished. Took 23.71 s
INFO:root:[LiveCCWorker] Loading LiveCCInfer (device_id=0)...
INFO:root:[LiveCCWorker] LiveCCInfer loaded. Took 14.46 s
INFO:root:[LiveCCWorker] Start LiveCC inference on: /home/miislab/livecc_gui/examples/test.mp4
INFO:root:[LiveCCWorker] Video end detected.
INFO:root:[LiveCCWorker] Inference finished. Took 23.91 s
INFO:root:[LiveCCWorker] Loading LiveCCInfer (device_id=0)...
INFO:root:[LiveCCWorker] LiveCCInfer loaded. Took 14.72 s
INFO:root:[LiveCCWorker] Start LiveCC inference on: /home/miislab/livecc_gui/examples/test.mp4
INFO:root:[LiveCCWorker] Video end detected.
INFO:root:[LiveCCWorker] Inference finished. Took 23.86 s
INFO:root:[LiveCCWorker] Loading LiveCCInfer (device_id=0)...
INFO:root:[LiveCCWorker] LiveCCInfer loaded. Took 15.87 s
INFO:root:[LiveCCWorker] Start LiveCC inference on: /home/miislab/livecc_gui/examples/test.mp4
INFO:root:[LiveCCWorker] Video end detected.
INFO:root:[LiveCCWorker] Inference finished. Took 23.88 s
INFO:root:[LiveCCWorker] Loading LiveCCInfer (device_id=0)...
INFO:root:[LiveCCWorker] LiveCCInfer loaded. Took 15.88 s
INFO:root:[LiveCCWorker] Start LiveCC inference on: /home/miislab/livecc_gui/examples/test.mp4
INFO:root:[LiveCCWorker] Video end detected.
INFO:root:[LiveCCWorker] Inference finished. Took 23.91 s
INFO:root:[LiveCCWorker] Loading LiveCCInfer (device_id=0)...
INFO:root:[LiveCCWorker] LiveCCInfer loaded. Took 16.20 s
INFO:root:[LiveCCWorker] Start LiveCC inference on: /home/miislab/livecc_gui/examples/test.mp4
INFO:root:[LiveCCWorker] Stop requested, break loop.
INFO:root:[LiveCCWorker] Inference finished. Took 11.94 s
INFO:root:[LiveCCWorker] Loading LiveCCInfer (device_id=0)...
INFO:root:[LiveCCWorker] LiveCCInfer loaded. Took 16.47 s
INFO:root:[LiveCCWorker] Start LiveCC inference on: /home/miislab/livecc_gui/examples/test.mp4
INFO:root:[LiveCCWorker] Video end detected.
INFO:root:[LiveCCWorker] Inference finished. Took 24.04 s
INFO:root:[LiveCCWorker] Loading LiveCCInfer (device_id=0)...
INFO:root:[LiveCCWorker] LiveCCInfer loaded. Took 15.27 s
INFO:root:[LiveCCWorker] Start LiveCC inference on: /home/miislab/livecc_gui/examples/test.mp4
INFO:root:[LiveCCWorker] Video end detected.
INFO:root:[LiveCCWorker] Inference finished. Took 23.87 s
INFO:root:[LiveCCWorker] Loading LiveCCInfer (device_id=0)...
INFO:root:[LiveCCWorker] LiveCCInfer loaded. Took 13.85 s
INFO:root:[LiveCCWorker] Start LiveCC inference on: /home/miislab/livecc_gui/examples/test.mp4
INFO:root:[LiveCCWorker] Video end detected.
INFO:root:[LiveCCWorker] Inference finished. Took 24.01 s
INFO:root:[LiveCCWorker] Loading LiveCCInfer (device_id=0)...
INFO:root:[LiveCCWorker] LiveCCInfer loaded. Took 15.82 s
INFO:root:[LiveCCWorker] Start LiveCC inference on: /home/miislab/livecc_gui/examples/test.mp4
INFO:root:[LiveCCWorker] Video end detected.
INFO:root:[LiveCCWorker] Inference finished. Took 23.73 s
INFO:root:[LiveCCWorker] Start LiveCC inference on: /home/miislab/livecc_gui/examples/test.mp4
ERROR:root:[LiveCCWorker] Error during LiveCC inference
Traceback (most recent call last):
  File "/home/miislab/livecc_gui/src/miis_broadcast/workers/livecc.py", line 70, in runInference
    for (start_t, stop_t), response, state in self.livecc.live_cc(query, state):
  File "/home/miislab/livecc_gui/src/miis_broadcast/core/models/livecc_transformers.py", line 153, in live_cc
    video_pts = state["video_pts"]
KeyError: 'video_pts'
INFO:root:[LiveCCWorker] Loading LiveCCInfer (device_id=0)...
INFO:root:[LiveCCWorker] LiveCCInfer loaded. Took 15.25 s
INFO:root:[LiveCCWorker] Loading LiveCCInfer (device_id=0)...
INFO:root:[LiveCCWorker] LiveCCInfer loaded. Took 15.25 s
INFO:root:[LiveCCWorker] Start LiveCC inference on: /home/miislab/livecc_gui/examples/test.mp4
INFO:root:[LiveCCWorker] Cleared cached video readers
INFO:root:[LiveCCWorker] LiveCC inference finished. Took 2.27 s
INFO:root:[LiveCCWorker] Cleared cached video readers after inference
INFO:root:[LiveCCWorker] Start LiveCC inference on: /home/miislab/livecc_gui/examples/test.mp4
INFO:root:[LiveCCWorker] Cleared cached video readers
INFO:root:[LiveCCWorker] LiveCC inference finished. Took 0.93 s
INFO:root:[LiveCCWorker] Cleared cached video readers after inference
INFO:root:[LiveCCWorker] Cleared cached video readers on stop request
INFO:root:[LiveCCWorker] Loading LiveCCInfer (device_id=0)...
INFO:root:[LiveCCWorker] LiveCCInfer loaded. Took 14.57 s
INFO:root:[LiveCCWorker] Start LiveCC inference on: /home/miislab/livecc_gui/examples/test.mp4
INFO:root:[LiveCCWorker] Cleared cached video readers
INFO:root:[LiveCCWorker] Video ended
INFO:root:[LiveCCWorker] LiveCC inference finished. Took 23.52 s
INFO:root:[LiveCCWorker] Cleared cached video readers after inference
INFO:root:[LiveCCWorker] Cleared cached video readers on stop request
INFO:root:[LiveCCWorker] Loading LiveCCInfer (device_id=0)...
INFO:root:[LiveCCWorker] LiveCCInfer loaded. Took 16.12 s
INFO:root:[LiveCCWorker] Start LiveCC inference on: /home/miislab/livecc_gui/examples/test.mp4
INFO:root:[LiveCCWorker] Cleared cached video readers
INFO:root:[LiveCCWorker] Stop requested, breaking inference loop
INFO:root:[LiveCCWorker] LiveCC inference finished. Took 27.86 s
INFO:root:[LiveCCWorker] Cleared cached video readers after inference
INFO:root:[LiveCCWorker] Cleared cached video readers on stop request
INFO:root:[LiveCCWorker] Loading LiveCCInfer (device_id=0)...
INFO:root:[LiveCCWorker] LiveCCInfer loaded. Took 15.66 s
INFO:root:[LiveCCWorker] Start LiveCC inference on: /home/miislab/livecc_gui/examples/test.mp4
INFO:root:[LiveCCWorker] Cleared cached video readers
INFO:root:[LiveCCWorker] Cleared cached video readers on stop request
INFO:root:[LiveCCWorker] Stop requested, breaking inference loop
INFO:root:[LiveCCWorker] LiveCC inference finished. Took 14.63 s
INFO:root:[LiveCCWorker] Cleared cached video readers after inference
INFO:root:[LiveCCWorker] Loading LiveCCInfer (device_id=0)...
INFO:root:[LiveCCWorker] LiveCCInfer loaded. Took 13.70 s
INFO:root:[LiveCCWorker] Start LiveCC inference on: /home/miislab/livecc_gui/examples/test.mp4
INFO:root:[LiveCCWorker] Cleared cached video readers
INFO:root:[LiveCCWorker] LiveCC inference finished. Took 2.21 s
INFO:root:[LiveCCWorker] Cleared cached video readers after inference
INFO:root:[LiveCCWorker] Start LiveCC inference on: /home/miislab/livecc_gui/examples/test.mp4
INFO:root:[LiveCCWorker] Cleared cached video readers
INFO:root:[LiveCCWorker] LiveCC inference finished. Took 1.00 s
INFO:root:[LiveCCWorker] Cleared cached video readers after inference
INFO:root:[LiveCCWorker] Cleared cached video readers on stop request
INFO:root:[LiveCCWorker] Loading LiveCCInfer (device_id=0)...
INFO:root:[LiveCCWorker] LiveCCInfer loaded. Took 13.47 s
INFO:root:[LiveCCWorker] Start LiveCC inference on: /home/miislab/livecc_gui/examples/test.mp4
INFO:root:[LiveCCWorker] Cleared cached video readers
INFO:root:[LiveCCWorker] Video ended
INFO:root:[LiveCCWorker] LiveCC inference finished. Took 23.84 s
INFO:root:[LiveCCWorker] Cleared cached video readers after inference
INFO:root:[LiveCCWorker] Start LiveCC inference on: /home/miislab/livecc_gui/examples/test.mp4
INFO:root:[LiveCCWorker] Cleared cached video readers
INFO:root:[LiveCCWorker] Video ended
INFO:root:[LiveCCWorker] LiveCC inference finished. Took 23.55 s
INFO:root:[LiveCCWorker] Cleared cached video readers after inference
INFO:root:[LiveCCWorker] Cleared cached video readers on stop request
INFO:root:[LiveCCWorker] Loading LiveCCInfer (device_id=0)...
INFO:root:[LiveCCWorker] LiveCCInfer loaded. Took 16.26 s
INFO:root:[LiveCCWorker] Start LiveCC inference on: /home/miislab/livecc_gui/examples/test.mp4
INFO:root:[LiveCCWorker] Cleared cached video readers
INFO:root:[LiveCCWorker] Video ended
INFO:root:[LiveCCWorker] LiveCC inference finished. Took 23.84 s
INFO:root:[LiveCCWorker] Cleared cached video readers after inference
INFO:root:[LiveCCWorker] Start LiveCC inference on: /home/miislab/livecc_gui/examples/Fcpkt96yRsM_1080p.mp4
INFO:root:[LiveCCWorker] Cleared cached video readers
INFO:root:[LiveCCWorker] Cleared cached video readers on stop request
INFO:root:[LiveCCWorker] Stop requested, breaking inference loop
INFO:root:[LiveCCWorker] LiveCC inference finished. Took 54.04 s
INFO:root:[LiveCCWorker] Cleared cached video readers after inference
INFO:root:[LiveCCWorker] Loading LiveCCInfer (device_id=0)...
INFO:root:[LiveCCWorker] LiveCCInfer loaded. Took 15.77 s
INFO:root:[LiveCCWorker] Cleared cached video readers on stop request
INFO:root:[LiveCCWorker] Loading LiveCCInfer (device_id=0)...
INFO:root:[LiveCCWorker] LiveCCInfer loaded. Took 13.01 s
INFO:root:[LiveCCWorker] Cleared cached video readers on stop request
INFO:root:[LiveCCWorker] Loading LiveCCInfer (device_id=0)...
INFO:root:[LiveCCWorker] LiveCCInfer loaded. Took 14.61 s
INFO:root:[LiveCCWorker] Start LiveCC inference on: /home/miislab/livecc_gui/examples/test.mp4
INFO:root:[LiveCCWorker] Cleared cached video readers
INFO:root:[LiveCCWorker] Video ended
INFO:root:[LiveCCWorker] LiveCC inference finished. Took 23.66 s
INFO:root:[LiveCCWorker] Cleared cached video readers after inference
INFO:root:[LiveCCWorker] Cleared cached video readers on stop request
INFO:root:[LiveCCWorker] Loading LiveCCInfer (device_id=0)...
INFO:root:[LiveCCWorker] LiveCCInfer loaded. Took 15.46 s
INFO:root:[LiveCCWorker] Start LiveCC inference on: /home/miislab/livecc_gui/examples/test.mp4
INFO:root:[LiveCCWorker] Cleared cached video readers
INFO:root:[LiveCCWorker] Video ended
INFO:root:[LiveCCWorker] LiveCC inference finished. Took 25.30 s
INFO:root:[LiveCCWorker] Cleared cached video readers after inference
INFO:root:[LiveCCWorker] Cleared cached video readers on stop request
INFO:root:[LiveCCWorker] Loading LiveCCInfer (device_id=0)...
INFO:root:[LiveCCWorker] LiveCCInfer loaded. Took 13.90 s
INFO:root:[LiveCCWorker] Start LiveCC inference on: /home/miislab/livecc_gui/examples/test.mp4
INFO:root:[LiveCCWorker] Cleared cached video readers
INFO:root:[LiveCCWorker] Video ended
INFO:root:[LiveCCWorker] LiveCC inference finished. Took 23.64 s
INFO:root:[LiveCCWorker] Cleared cached video readers after inference
INFO:root:[LiveCCWorker] Cleared cached video readers on stop request
INFO:root:[LiveCCWorker] Loading LiveCCInfer (device_id=0)...
INFO:root:[LiveCCWorker] LiveCCInfer loaded. Took 16.66 s
INFO:root:[LiveCCWorker] Start LiveCC inference on: /home/miislab/livecc_gui/examples/test.mp4
INFO:root:[LiveCCWorker] Cleared cached video readers
INFO:root:[LiveCCWorker] Video ended
INFO:root:[LiveCCWorker] LiveCC inference finished. Took 23.66 s
INFO:root:[LiveCCWorker] Cleared cached video readers after inference
INFO:root:[LiveCCWorker] Cleared cached video readers on stop request
INFO:root:[LiveCCWorker] Loading LiveCCInfer (device_id=0)...
INFO:root:[LiveCCWorker] LiveCCInfer loaded. Took 14.04 s
INFO:root:[LiveCCWorker] Loading LiveCCInfer (device_id=0)...
INFO:root:[LiveCCWorker] LiveCCInfer loaded. Took 13.30 s
INFO:root:[LiveCCWorker] Loading LiveCCInfer (device_id=0)...
INFO:root:[LiveCCWorker] LiveCCInfer loaded. Took 14.53 s
INFO:root:[LiveCCWorker] Start LiveCC inference on: /home/miislab/livecc_gui/examples/test.mp4
INFO:root:[LiveCCWorker] Cleared cached video readers
INFO:root:[LiveCCWorker] Video ended
INFO:root:[LiveCCWorker] LiveCC inference finished. Took 24.86 s
INFO:root:[LiveCCWorker] Cleared cached video readers after inference
INFO:root:[LiveCCWorker] Cleared cached video readers on stop request
INFO:root:[LiveCCWorker] Loading LiveCCInfer (device_id=0)...
INFO:root:[LiveCCWorker] LiveCCInfer loaded. Took 15.63 s
INFO:root:[LiveCCWorker] Cleared cached video readers on stop request
INFO:root:[LiveCCWorker] Loading LiveCCInfer (device_id=0)...
INFO:root:[LiveCCWorker] LiveCCInfer loaded. Took 13.00 s
INFO:root:[LiveCCWorker] Cleared cached video readers on stop request
INFO:root:[LiveCCWorker] Loading LiveCCInfer (device_id=0)...
INFO:root:[LiveCCWorker] LiveCCInfer loaded. Took 15.57 s
INFO:root:[LiveCCWorker] Cleared cached video readers on stop request
INFO:root:[LiveCCWorker] Loading LiveCCInfer (device_id=0)...
INFO:root:[LiveCCWorker] LiveCCInfer loaded. Took 15.87 s
INFO:root:[LiveCCWorker] Start LiveCC inference on: /home/miislab/livecc_gui/examples/test.mp4
INFO:root:[LiveCCWorker] Cleared cached video readers
INFO:root:[LiveCCWorker] Video ended
INFO:root:[LiveCCWorker] LiveCC inference finished. Took 23.67 s
INFO:root:[LiveCCWorker] Cleared cached video readers after inference
INFO:root:[LiveCCWorker] Cleared cached video readers on stop request
INFO:root:[LiveCCWorker] Loading LiveCCInfer (device_id=0)...
INFO:root:[LiveCCWorker] LiveCCInfer loaded. Took 15.94 s
INFO:root:[LiveCCWorker] Loading LiveCCInfer (device_id=0)...
INFO:root:[LiveCCWorker] LiveCCInfer loaded. Took 14.99 s
INFO:root:[LiveCCWorker] Loading LiveCCInfer (device_id=0)...
INFO:root:[LiveCCWorker] LiveCCInfer loaded. Took 14.65 s
INFO:root:[LiveCCWorker] Cleared cached video readers on stop request
INFO:root:[LiveCCWorker] Loading LiveCCInfer (device_id=0)...
INFO:root:[LiveCCWorker] LiveCCInfer loaded. Took 13.46 s
INFO:root:[LiveCCWorker] Start LiveCC inference on: /home/miislab/livecc_gui/examples/test.mp4
INFO:root:[LiveCCWorker] Cleared cached video readers
INFO:root:[LiveCCWorker] Video ended
INFO:root:[LiveCCWorker] LiveCC inference finished. Took 23.51 s
INFO:root:[LiveCCWorker] Cleared cached video readers after inference
INFO:root:[LiveCCWorker] Cleared cached video readers on stop request
INFO:root:[LiveCCWorker] Loading LiveCCInfer (device_id=0)...
INFO:root:[LiveCCWorker] LiveCCInfer loaded. Took 13.87 s
INFO:root:[LiveCCWorker] Loading LiveCCInfer (device_id=0)...
INFO:root:[LiveCCWorker] LiveCCInfer loaded. Took 13.34 s
INFO:root:[LiveCCWorker] Start LiveCC inference on: /home/miislab/livecc_gui/examples/test.mp4
INFO:root:[LiveCCWorker] Cleared cached video readers
INFO:root:[LiveCCWorker] Video ended
INFO:root:[LiveCCWorker] LiveCC inference finished. Took 23.78 s
INFO:root:[LiveCCWorker] Cleared cached video readers after inference
INFO:root:[LiveCCWorker] Cleared cached video readers on stop request
INFO:root:[LiveCCWorker] Loading LiveCCInfer (device_id=0)...
INFO:root:[LiveCCWorker] LiveCCInfer loaded. Took 13.39 s
INFO:root:[LiveCCWorker] Start LiveCC inference on: /home/miislab/livecc_gui/examples/test.mp4
INFO:root:[LiveCCWorker] Cleared cached video readers
INFO:root:[LiveCCWorker] Video ended
INFO:root:[LiveCCWorker] LiveCC inference finished. Took 23.66 s
INFO:root:[LiveCCWorker] Cleared cached video readers after inference
INFO:root:[LiveCCWorker] Cleared cached video readers on stop request
INFO:root:[LiveCCWorker] Loading LiveCCInfer (device_id=0)...
INFO:root:[LiveCCWorker] LiveCCInfer loaded. Took 14.64 s
INFO:root:[LiveCCWorker] Start LiveCC inference on: /home/miislab/livecc_gui/examples/test.mp4
INFO:root:[LiveCCWorker] Cleared cached video readers
INFO:root:[LiveCCWorker] Video ended
INFO:root:[LiveCCWorker] LiveCC inference finished. Took 23.59 s
INFO:root:[LiveCCWorker] Cleared cached video readers after inference
INFO:root:[LiveCCWorker] Cleared cached video readers on stop request
INFO:root:[LiveCCWorker] Loading LiveCCInfer (device_id=0)...
INFO:root:[LiveCCWorker] LiveCCInfer loaded. Took 16.48 s
INFO:root:[LiveCCWorker] Start LiveCC inference on: /home/miislab/livecc_gui/examples/test.mp4
INFO:root:[LiveCCWorker] Cleared cached video readers
INFO:root:[LiveCCWorker] Cleared cached video readers on stop request
INFO:root:[LiveCCWorker] Stop requested, breaking inference loop
INFO:root:[LiveCCWorker] LiveCC inference finished. Took 13.73 s
INFO:root:[LiveCCWorker] Cleared cached video readers after inference
INFO:root:[LiveCCWorker] Loading LiveCCInfer (device_id=0)...
INFO:root:[LiveCCWorker] LiveCCInfer loaded. Took 16.01 s
INFO:root:[LiveCCWorker] Start LiveCC inference on: /home/miislab/livecc_gui/examples/test.mp4
INFO:root:[LiveCCWorker] Cleared cached video readers
INFO:root:[LiveCCWorker] Cleared cached video readers on stop request
INFO:root:[LiveCCWorker] Stop requested, breaking inference loop
INFO:root:[LiveCCWorker] LiveCC inference finished. Took 9.66 s
INFO:root:[LiveCCWorker] Cleared cached video readers after inference
INFO:root:[LiveCCWorker] Loading LiveCCInfer (device_id=0)...
INFO:root:[LiveCCWorker] LiveCCInfer loaded. Took 14.53 s
INFO:root:[LiveCCWorker] Start LiveCC inference on: /home/miislab/livecc_gui/examples/test.mp4
INFO:root:[LiveCCWorker] Cleared cached video readers
INFO:root:[LiveCCWorker] Video ended
INFO:root:[LiveCCWorker] LiveCC inference finished. Took 23.57 s
INFO:root:[LiveCCWorker] Cleared cached video readers after inference
INFO:root:[LiveCCWorker] Cleared cached video readers on stop request
INFO:root:[LiveCCWorker] Loading LiveCCInfer (device_id=0)...
INFO:root:[LiveCCWorker] LiveCCInfer loaded. Took 13.98 s
INFO:root:[LiveCCWorker] Start LiveCC inference on: /home/miislab/livecc_gui/examples/test.mp4
INFO:root:[LiveCCWorker] Cleared cached video readers
INFO:root:[LiveCCWorker] Cleared cached video readers on stop request
INFO:root:[LiveCCWorker] Stop requested, breaking inference loop
INFO:root:[LiveCCWorker] LiveCC inference finished. Took 20.66 s
INFO:root:[LiveCCWorker] Cleared cached video readers after inference
INFO:root:[LiveCCWorker] Loading LiveCCInfer (device_id=0)...
INFO:root:[LiveCCWorker] LiveCCInfer loaded. Took 15.15 s
INFO:root:[LiveCCWorker] Start LiveCC inference on: /home/miislab/livecc_gui/examples/test.mp4
INFO:root:[LiveCCWorker] Cleared cached video readers
INFO:root:[LiveCCWorker] Video ended
INFO:root:[LiveCCWorker] LiveCC inference finished. Took 23.45 s
INFO:root:[LiveCCWorker] Cleared cached video readers after inference
INFO:root:[LiveCCWorker] Cleared cached video readers on stop request
INFO:root:[LiveCCWorker] Loading LiveCCInfer (device_id=0)...
INFO:root:[LiveCCWorker] LiveCCInfer loaded. Took 15.64 s
INFO:root:[LiveCCWorker] Start LiveCC inference on: /home/miislab/livecc_gui/examples/test.mp4
INFO:root:[LiveCCWorker] Cleared cached video readers
INFO:root:[LiveCCWorker] Video ended
INFO:root:[LiveCCWorker] LiveCC inference finished. Took 23.47 s
INFO:root:[LiveCCWorker] Cleared cached video readers after inference
INFO:root:[LiveCCWorker] Cleared cached video readers on stop request
INFO:root:[LiveCCWorker] Loading LiveCCInfer (device_id=0)...
INFO:root:[LiveCCWorker] LiveCCInfer loaded. Took 15.42 s
INFO:root:[LiveCCWorker] Start LiveCC inference on: /home/miislab/livecc_gui/examples/test.mp4
INFO:root:[LiveCCWorker] Cleared cached video readers
INFO:root:[LiveCCWorker] Cleared cached video readers on stop request
INFO:root:[LiveCCWorker] Stop requested, breaking inference loop
INFO:root:[LiveCCWorker] LiveCC inference finished. Took 17.92 s
INFO:root:[LiveCCWorker] Cleared cached video readers after inference
INFO:root:[LiveCCWorker] Loading LiveCCInfer (device_id=0)...
INFO:root:[LiveCCWorker] LiveCCInfer loaded. Took 14.98 s
INFO:root:[LiveCCWorker] Start LiveCC inference on: /home/miislab/livecc_gui/examples/test.mp4
INFO:root:[LiveCCWorker] Cleared cached video readers
INFO:root:[LiveCCWorker] Cleared cached video readers on stop request
INFO:root:[LiveCCWorker] Stop requested, breaking inference loop
INFO:root:[LiveCCWorker] LiveCC inference finished. Took 21.95 s
INFO:root:[LiveCCWorker] Cleared cached video readers after inference
INFO:root:[LiveCCWorker] Loading LiveCCInfer (device_id=0)...
INFO:root:[LiveCCWorker] LiveCCInfer loaded. Took 15.48 s
INFO:root:[LiveCCWorker] Start LiveCC inference on: /home/miislab/livecc_gui/examples/test.mp4
INFO:root:[LiveCCWorker] Cleared cached video readers
INFO:root:[LiveCCWorker] Cleared cached video readers on stop request
INFO:root:[LiveCCWorker] Stop requested, breaking inference loop
INFO:root:[LiveCCWorker] LiveCC inference finished. Took 22.12 s
INFO:root:[LiveCCWorker] Cleared cached video readers after inference
INFO:root:[LiveCCWorker] Loading LiveCCInfer (device_id=0)...
INFO:root:[LiveCCWorker] LiveCCInfer loaded. Took 15.41 s
INFO:root:[LiveCCWorker] Start LiveCC inference on: /home/miislab/livecc_gui/examples/test.mp4
INFO:root:[LiveCCWorker] Cleared cached video readers
INFO:root:[LiveCCWorker] Video ended
INFO:root:[LiveCCWorker] LiveCC inference finished. Took 23.51 s
INFO:root:[LiveCCWorker] Cleared cached video readers after inference
INFO:root:[LiveCCWorker] Cleared cached video readers on stop request
INFO:root:[LiveCCWorker] Loading LiveCCInfer (device_id=0)...
INFO:root:[LiveCCWorker] LiveCCInfer loaded. Took 14.10 s
INFO:root:[LiveCCWorker] Start LiveCC inference on: /home/miislab/livecc_gui/examples/test.mp4
INFO:root:[LiveCCWorker] Cleared cached video readers
INFO:root:[LiveCCWorker] Cleared cached video readers on stop request
INFO:root:[LiveCCWorker] Stop requested, breaking inference loop
INFO:root:[LiveCCWorker] LiveCC inference finished. Took 19.12 s
INFO:root:[LiveCCWorker] Cleared cached video readers after inference
INFO:root:[LiveCCWorker] Loading LiveCCInfer (device_id=0)...
INFO:root:[LiveCCWorker] LiveCCInfer loaded. Took 15.18 s
INFO:root:[LiveCCWorker] Start LiveCC inference on: /home/miislab/livecc_gui/examples/test.mp4
INFO:root:[LiveCCWorker] Cleared cached video readers
INFO:root:[LiveCCWorker] Video ended
INFO:root:[LiveCCWorker] LiveCC inference finished. Took 23.59 s
INFO:root:[LiveCCWorker] Cleared cached video readers after inference
INFO:root:[LiveCCWorker] Cleared cached video readers on stop request
INFO:root:[LiveCCWorker] Loading LiveCCInfer (device_id=0)...
INFO:root:[LiveCCWorker] LiveCCInfer loaded. Took 14.36 s
INFO:root:[LiveCCWorker] Start LiveCC inference on: /home/miislab/livecc_gui/examples/test.mp4
INFO:root:[LiveCCWorker] Cleared cached video readers
INFO:root:[LiveCCWorker] Cleared cached video readers on stop request
INFO:root:[LiveCCWorker] Stop requested, breaking inference loop
INFO:root:[LiveCCWorker] LiveCC inference finished. Took 20.25 s
INFO:root:[LiveCCWorker] Cleared cached video readers after inference
INFO:root:[LiveCCWorker] Loading LiveCCInfer (device_id=0)...
INFO:root:[LiveCCWorker] LiveCCInfer loaded. Took 15.73 s
INFO:root:[LiveCCWorker] Start LiveCC inference on: /home/miislab/livecc_gui/examples/test.mp4
INFO:root:[LiveCCWorker] Cleared cached video readers
INFO:root:[LiveCCWorker] Video ended
INFO:root:[LiveCCWorker] LiveCC inference finished. Took 23.65 s
INFO:root:[LiveCCWorker] Cleared cached video readers after inference
INFO:root:[LiveCCWorker] Cleared cached video readers on stop request
INFO:root:[LiveCCWorker] Loading LiveCCInfer (device_id=0)...
INFO:root:[LiveCCWorker] LiveCCInfer loaded. Took 15.54 s
INFO:root:[LiveCCWorker] Start LiveCC inference on: /home/miislab/livecc_gui/examples/test.mp4
INFO:root:[LiveCCWorker] Cleared cached video readers
INFO:root:[LiveCCWorker] Video ended
INFO:root:[LiveCCWorker] LiveCC inference finished. Took 23.56 s
INFO:root:[LiveCCWorker] Cleared cached video readers after inference
INFO:root:[LiveCCWorker] Cleared cached video readers on stop request
INFO:root:[LiveCCWorker] Loading LiveCCInfer (device_id=0)...
INFO:root:[LiveCCWorker] LiveCCInfer loaded. Took 16.10 s
INFO:root:[LiveCCWorker] Start LiveCC inference on: /home/miislab/livecc_gui/examples/test.mp4
INFO:root:[LiveCCWorker] Cleared cached video readers
INFO:root:[LiveCCWorker] Video ended
INFO:root:[LiveCCWorker] LiveCC inference finished. Took 23.74 s
INFO:root:[LiveCCWorker] Cleared cached video readers after inference
INFO:root:[LiveCCWorker] Start LiveCC inference on: /home/miislab/livecc_gui/examples/test.mp4
INFO:root:[LiveCCWorker] Cleared cached video readers
INFO:root:[LiveCCWorker] Video ended
INFO:root:[LiveCCWorker] LiveCC inference finished. Took 23.60 s
INFO:root:[LiveCCWorker] Cleared cached video readers after inference
INFO:root:[LiveCCWorker] Cleared cached video readers on stop request
INFO:root:[LiveCCWorker] Loading LiveCCInfer (device_id=0)...
WARNING:huggingface_hub.utils._http:'(ReadTimeoutError("HTTPSConnectionPool(host='huggingface.co', port=443): Read timed out. (read timeout=10)"), '(Request ID: 860b1b9d-30b4-40de-836f-a7d836bbea78)')' thrown while requesting HEAD https://huggingface.co/chenjoya/LiveCC-7B-Instruct/resolve/main/config.json
WARNING:huggingface_hub.utils._http:Retrying in 1s [Retry 1/5].
WARNING:huggingface_hub.utils._http:'(ReadTimeoutError("HTTPSConnectionPool(host='huggingface.co', port=443): Read timed out. (read timeout=10)"), '(Request ID: 561a0f5d-7860-4639-93a3-031e37cc95b1)')' thrown while requesting HEAD https://huggingface.co/chenjoya/LiveCC-7B-Instruct/resolve/main/config.json
WARNING:huggingface_hub.utils._http:Retrying in 2s [Retry 2/5].
WARNING:huggingface_hub.utils._http:'(ReadTimeoutError("HTTPSConnectionPool(host='huggingface.co', port=443): Read timed out. (read timeout=10)"), '(Request ID: b926a982-1a50-415e-8ff4-e50e820cb6c2)')' thrown while requesting HEAD https://huggingface.co/chenjoya/LiveCC-7B-Instruct/resolve/main/config.json
WARNING:huggingface_hub.utils._http:Retrying in 4s [Retry 3/5].
INFO:root:[LiveCCWorker] LiveCCInfer loaded. Took 54.17 s
INFO:root:[LiveCCWorker] Start LiveCC inference on: /home/miislab/livecc_gui/examples/test.mp4
INFO:root:[LiveCCWorker] Cleared cached video readers
INFO:root:[LiveCCWorker] Video ended
INFO:root:[LiveCCWorker] LiveCC inference finished. Took 23.56 s
INFO:root:[LiveCCWorker] Cleared cached video readers after inference
INFO:root:[LiveCCWorker] Cleared cached video readers on stop request
INFO:root:[LiveCCWorker] Loading LiveCCInfer (device_id=0)...
INFO:root:[LiveCCWorker] LiveCCInfer loaded. Took 15.89 s
INFO:root:[LiveCCWorker] Start LiveCC inference on: /home/miislab/livecc_gui/examples/test.mp4
INFO:root:[LiveCCWorker] Cleared cached video readers
INFO:root:[LiveCCWorker] Cleared cached video readers on stop request
INFO:root:[LiveCCWorker] Stop requested, breaking inference loop
INFO:root:[LiveCCWorker] LiveCC inference finished. Took 15.81 s
INFO:root:[LiveCCWorker] Cleared cached video readers after inference
INFO:root:[LiveCCWorker] Loading LiveCCInfer (device_id=0)...
INFO:root:[LiveCCWorker] LiveCCInfer loaded. Took 15.10 s
INFO:root:[LiveCCWorker] Cleared cached video readers on stop request
INFO:root:[LiveCCWorker] Loading LiveCCInfer (device_id=0)...
INFO:root:[LiveCCWorker] LiveCCInfer loaded. Took 15.49 s
INFO:root:[LiveCCWorker] Start LiveCC inference on: /home/miislab/livecc_gui/examples/test.mp4
INFO:root:[LiveCCWorker] Cleared cached video readers
INFO:root:[LiveCCWorker] Video ended
INFO:root:[LiveCCWorker] LiveCC inference finished. Took 23.69 s
INFO:root:[LiveCCWorker] Cleared cached video readers after inference
INFO:root:[LiveCCWorker] Cleared cached video readers on stop request
INFO:root:[LiveCCWorker] Loading LiveCCInfer (device_id=0)...
INFO:root:[LiveCCWorker] LiveCCInfer loaded. Took 13.12 s
INFO:root:[LiveCCWorker] Start LiveCC inference on: /home/miislab/livecc_gui/examples/test.mp4
INFO:root:[LiveCCWorker] Cleared cached video readers
INFO:root:[LiveCCWorker] Video ended
INFO:root:[LiveCCWorker] LiveCC inference finished. Took 23.83 s
INFO:root:[LiveCCWorker] Cleared cached video readers after inference
INFO:root:[LiveCCWorker] Cleared cached video readers on stop request
INFO:root:[LiveCCWorker] Loading LiveCCInfer (device_id=0)...
INFO:root:[LiveCCWorker] LiveCCInfer loaded. Took 15.62 s
INFO:root:[LiveCCWorker] Start LiveCC inference on: /home/miislab/livecc_gui/examples/test.mp4
INFO:root:[LiveCCWorker] Cleared cached video readers
INFO:root:[LiveCCWorker] Video ended
INFO:root:[LiveCCWorker] LiveCC inference finished. Took 23.60 s
INFO:root:[LiveCCWorker] Cleared cached video readers after inference
INFO:root:[LiveCCWorker] Cleared cached video readers on stop request
INFO:root:[LiveCCWorker] Loading LiveCCInfer (device_id=0)...
INFO:root:[LiveCCWorker] LiveCCInfer loaded. Took 15.38 s
INFO:root:[LiveCCWorker] Start LiveCC inference on: /home/miislab/livecc_gui/examples/test.mp4
INFO:root:[LiveCCWorker] Cleared cached video readers
INFO:root:[LiveCCWorker] Cleared cached video readers on stop request
INFO:root:[LiveCCWorker] Stop requested, breaking inference loop
INFO:root:[LiveCCWorker] LiveCC inference finished. Took 5.66 s
INFO:root:[LiveCCWorker] Cleared cached video readers after inference
INFO:root:[LiveCCWorker] Loading LiveCCInfer (device_id=0)...
INFO:root:[LiveCCWorker] LiveCCInfer loaded. Took 13.20 s
INFO:root:[LiveCCWorker] Start LiveCC inference on: /home/miislab/livecc_gui/examples/test.mp4
INFO:root:[LiveCCWorker] Cleared cached video readers
INFO:root:[LiveCCWorker] Cleared cached video readers on stop request
INFO:root:[LiveCCWorker] Stop requested, breaking inference loop
INFO:root:[LiveCCWorker] LiveCC inference finished. Took 8.64 s
INFO:root:[LiveCCWorker] Cleared cached video readers after inference
INFO:root:[LiveCCWorker] Loading LiveCCInfer (device_id=0)...
INFO:root:[LiveCCWorker] LiveCCInfer loaded. Took 15.13 s
INFO:root:[LiveCCWorker] Start LiveCC inference on: /home/miislab/livecc_gui/examples/test.mp4
INFO:root:[LiveCCWorker] Cleared cached video readers
INFO:root:[LiveCCWorker] Cleared cached video readers on stop request
INFO:root:[LiveCCWorker] Stop requested, breaking inference loop
INFO:root:[LiveCCWorker] LiveCC inference finished. Took 10.94 s
INFO:root:[LiveCCWorker] Cleared cached video readers after inference
INFO:root:[LiveCCWorker] Loading LiveCCInfer (device_id=0)...
INFO:root:[LiveCCWorker] LiveCCInfer loaded. Took 14.49 s
INFO:root:[LiveCCWorker] Start LiveCC inference on: /home/miislab/livecc_gui/examples/test.mp4
INFO:root:[LiveCCWorker] Cleared cached video readers
INFO:root:[LiveCCWorker] Video ended
INFO:root:[LiveCCWorker] LiveCC inference finished. Took 23.74 s
INFO:root:[LiveCCWorker] Cleared cached video readers after inference
INFO:root:[LiveCCWorker] Cleared cached video readers on stop request
INFO:root:[LiveCCWorker] Loading LiveCCInfer (device_id=0)...
INFO:root:[LiveCCWorker] LiveCCInfer loaded. Took 13.80 s
INFO:root:[LiveCCWorker] Start LiveCC inference on: /home/miislab/livecc_gui/examples/test.mp4
INFO:root:[LiveCCWorker] Cleared cached video readers
INFO:root:[LiveCCWorker] Cleared cached video readers on stop request
INFO:root:[LiveCCWorker] Stop requested, breaking inference loop
INFO:root:[LiveCCWorker] LiveCC inference finished. Took 14.85 s
INFO:root:[LiveCCWorker] Cleared cached video readers after inference
INFO:root:[LiveCCWorker] Loading LiveCCInfer (device_id=0)...
INFO:root:[LiveCCWorker] LiveCCInfer loaded. Took 14.07 s
INFO:root:[LiveCCWorker] Start LiveCC inference on: /home/miislab/livecc_gui/examples/test.mp4
INFO:root:[LiveCCWorker] Cleared cached video readers
INFO:root:[LiveCCWorker] Video ended
INFO:root:[LiveCCWorker] LiveCC inference finished. Took 23.50 s
INFO:root:[LiveCCWorker] Cleared cached video readers after inference
INFO:root:[LiveCCWorker] Cleared cached video readers on stop request
INFO:root:[LiveCCWorker] Loading LiveCCInfer (device_id=0)...
INFO:root:[LiveCCWorker] LiveCCInfer loaded. Took 14.14 s
INFO:root:[LiveCCWorker] Start LiveCC inference on: /home/miislab/livecc_gui/examples/test.mp4
INFO:root:[LiveCCWorker] Cleared cached video readers
INFO:root:[LiveCCWorker] Video ended
INFO:root:[LiveCCWorker] LiveCC inference finished. Took 23.92 s
INFO:root:[LiveCCWorker] Cleared cached video readers after inference
INFO:root:[LiveCCWorker] Cleared cached video readers on stop request
INFO:root:[LiveCCWorker] Loading LiveCCInfer (device_id=0)...
INFO:root:[LiveCCWorker] LiveCCInfer loaded. Took 15.16 s
INFO:root:[LiveCCWorker] Cleared cached video readers on stop request
INFO:root:[LiveCCWorker] Loading LiveCCInfer (device_id=0)...
INFO:root:[LiveCCWorker] LiveCCInfer loaded. Took 13.45 s
INFO:root:[LiveCCWorker] Cleared cached video readers on stop request
INFO:root:[LiveCCWorker] Loading LiveCCInfer (device_id=0)...
INFO:root:[LiveCCWorker] LiveCCInfer loaded. Took 13.42 s
INFO:root:[LiveCCWorker] Start LiveCC inference on: /home/miislab/livecc_gui/examples/test.mp4
INFO:root:[LiveCCWorker] Cleared cached video readers
INFO:root:[LiveCCWorker] Cleared cached video readers on stop request
INFO:root:[LiveCCWorker] Stop requested, breaking inference loop
INFO:root:[LiveCCWorker] LiveCC inference finished. Took 20.19 s
INFO:root:[LiveCCWorker] Cleared cached video readers after inference
INFO:root:[LiveCCWorker] Loading LiveCCInfer (device_id=0)...
INFO:root:[LiveCCWorker] LiveCCInfer loaded. Took 14.66 s
INFO:root:[LiveCCWorker] Start LiveCC inference on: /home/miislab/livecc_gui/examples/test.mp4
INFO:root:[LiveCCWorker] Cleared cached video readers
INFO:root:[LiveCCWorker] Video ended
INFO:root:[LiveCCWorker] LiveCC inference finished. Took 23.66 s
INFO:root:[LiveCCWorker] Cleared cached video readers after inference
INFO:root:[LiveCCWorker] Cleared cached video readers on stop request
INFO:root:[LiveCCWorker] Loading LiveCCInfer (device_id=0)...
INFO:root:[LiveCCWorker] LiveCCInfer loaded. Took 14.26 s
INFO:root:[LiveCCWorker] Start LiveCC inference on: /home/miislab/livecc_gui/examples/test.mp4
INFO:root:[LiveCCWorker] Cleared cached video readers
INFO:root:[LiveCCWorker] Cleared cached video readers on stop request
INFO:root:[LiveCCWorker] Stop requested, breaking inference loop
INFO:root:[LiveCCWorker] LiveCC inference finished. Took 12.76 s
INFO:root:[LiveCCWorker] Cleared cached video readers after inference
INFO:root:[LiveCCWorker] Loading LiveCCInfer (device_id=0)...
INFO:root:[LiveCCWorker] LiveCCInfer loaded. Took 15.85 s
INFO:root:[LiveCCWorker] Start LiveCC inference on: /home/miislab/livecc_gui/examples/test.mp4
INFO:root:[LiveCCWorker] Cleared cached video readers
INFO:root:[LiveCCWorker] Video ended
INFO:root:[LiveCCWorker] LiveCC inference finished. Took 23.72 s
INFO:root:[LiveCCWorker] Cleared cached video readers after inference
INFO:root:[LiveCCWorker] Cleared cached video readers on stop request
INFO:root:[LiveCCWorker] Loading LiveCCInfer (device_id=0)...
INFO:root:[LiveCCWorker] LiveCCInfer loaded. Took 14.57 s
INFO:root:[LiveCCWorker] Start LiveCC inference on: /home/miislab/livecc_gui/examples/test.mp4
INFO:root:[LiveCCWorker] Cleared cached video readers
INFO:root:[LiveCCWorker] Video ended
INFO:root:[LiveCCWorker] LiveCC inference finished. Took 24.27 s
INFO:root:[LiveCCWorker] Cleared cached video readers after inference
INFO:root:[LiveCCWorker] Cleared cached video readers on stop request
INFO:root:[LiveCCWorker] Loading LiveCCInfer (device_id=0)...
INFO:root:[LiveCCWorker] LiveCCInfer loaded. Took 13.85 s
INFO:root:[LiveCCWorker] Start LiveCC inference on: /home/miislab/livecc_gui/examples/test.mp4
INFO:root:[LiveCCWorker] Cleared cached video readers
INFO:root:[LiveCCWorker] Cleared cached video readers on stop request
INFO:root:[LiveCCWorker] Stop requested, breaking inference loop
INFO:root:[LiveCCWorker] LiveCC inference finished. Took 13.63 s
INFO:root:[LiveCCWorker] Cleared cached video readers after inference
INFO:root:[LiveCCWorker] Loading LiveCCInfer (device_id=0)...
INFO:root:[LiveCCWorker] LiveCCInfer loaded. Took 15.60 s
INFO:root:[LiveCCWorker] Start LiveCC inference on: /home/miislab/livecc_gui/examples/test.mp4
INFO:root:[LiveCCWorker] Cleared cached video readers
INFO:root:[LiveCCWorker] Video ended
INFO:root:[LiveCCWorker] LiveCC inference finished. Took 23.86 s
INFO:root:[LiveCCWorker] Cleared cached video readers after inference
INFO:root:[LiveCCWorker] Cleared cached video readers on stop request
INFO:root:[LiveCCWorker] Loading LiveCCInfer (device_id=0)...
INFO:root:[LiveCCWorker] LiveCCInfer loaded. Took 15.03 s
INFO:root:[LiveCCWorker] Start LiveCC inference on: /home/miislab/livecc_gui/examples/test.mp4
INFO:root:[LiveCCWorker] Cleared cached video readers
INFO:root:[LiveCCWorker] Video ended
INFO:root:[LiveCCWorker] LiveCC inference finished. Took 23.62 s
INFO:root:[LiveCCWorker] Cleared cached video readers after inference
INFO:root:[LiveCCWorker] Cleared cached video readers on stop request
INFO:root:[LiveCCWorker] Loading LiveCCInfer (device_id=0)...
INFO:root:[LiveCCWorker] LiveCCInfer loaded. Took 14.12 s
INFO:root:[LiveCCWorker] Start LiveCC inference on: /home/miislab/livecc_gui/examples/test.mp4
INFO:root:[LiveCCWorker] Cleared cached video readers
INFO:root:[LiveCCWorker] Video ended
INFO:root:[LiveCCWorker] LiveCC inference finished. Took 23.56 s
INFO:root:[LiveCCWorker] Cleared cached video readers after inference
INFO:root:[LiveCCWorker] Cleared cached video readers on stop request
INFO:root:[LiveCCWorker] Loading LiveCCInfer (device_id=0)...
INFO:root:[LiveCCWorker] LiveCCInfer loaded. Took 14.66 s
INFO:root:[LiveCCWorker] Start LiveCC inference on: /home/miislab/livecc_gui/examples/test.mp4
INFO:root:[LiveCCWorker] Cleared cached video readers
INFO:root:[LiveCCWorker] Video ended
INFO:root:[LiveCCWorker] LiveCC inference finished. Took 23.72 s
INFO:root:[LiveCCWorker] Cleared cached video readers after inference
INFO:root:[LiveCCWorker] Cleared cached video readers on stop request
INFO:root:[LiveCCWorker] Loading LiveCCInfer (device_id=0)...
INFO:root:[LiveCCWorker] LiveCCInfer loaded. Took 14.79 s
INFO:root:[LiveCCWorker] Start LiveCC inference on: /home/miislab/livecc_gui/examples/test.mp4
INFO:root:[LiveCCWorker] Cleared cached video readers
INFO:root:[LiveCCWorker] Video ended
INFO:root:[LiveCCWorker] LiveCC inference finished. Took 23.40 s
INFO:root:[LiveCCWorker] Cleared cached video readers after inference
INFO:root:[LiveCCWorker] Cleared cached video readers on stop request
INFO:root:[LiveCCWorker] Loading LiveCCInfer (device_id=0)...
INFO:root:[LiveCCWorker] LiveCCInfer loaded. Took 14.10 s
INFO:root:[LiveCCWorker] Start LiveCC inference on: /home/miislab/livecc_gui/examples/test.mp4
INFO:root:[LiveCCWorker] Cleared cached video readers
INFO:root:[LiveCCWorker] Video ended
INFO:root:[LiveCCWorker] LiveCC inference finished. Took 23.48 s
INFO:root:[LiveCCWorker] Cleared cached video readers after inference
INFO:root:[LiveCCWorker] Cleared cached video readers on stop request
INFO:root:[LiveCCWorker] Loading LiveCCInfer (device_id=0)...
INFO:root:[LiveCCWorker] LiveCCInfer loaded. Took 15.86 s
INFO:root:[LiveCCWorker] Start LiveCC inference on: /home/miislab/livecc_gui/examples/test.mp4
INFO:root:[LiveCCWorker] Cleared cached video readers
INFO:root:[LiveCCWorker] Cleared cached video readers on stop request
INFO:root:[LiveCCWorker] Stop requested, breaking inference loop
INFO:root:[LiveCCWorker] LiveCC inference finished. Took 18.14 s
INFO:root:[LiveCCWorker] Cleared cached video readers after inference
INFO:root:[LiveCCWorker] Loading LiveCCInfer (device_id=0)...
INFO:root:[LiveCCWorker] LiveCCInfer loaded. Took 15.70 s
INFO:root:[LiveCCWorker] Start LiveCC inference on: /home/miislab/livecc_gui/examples/test.mp4
INFO:root:[LiveCCWorker] Cleared cached video readers
INFO:root:[LiveCCWorker] Video ended
INFO:root:[LiveCCWorker] LiveCC inference finished. Took 23.69 s
INFO:root:[LiveCCWorker] Cleared cached video readers after inference
INFO:root:[LiveCCWorker] Cleared cached video readers on stop request
INFO:root:[LiveCCWorker] Loading LiveCCInfer (device_id=0)...
INFO:root:[LiveCCWorker] LiveCCInfer loaded. Took 14.38 s
INFO:root:[LiveCCWorker] Start LiveCC inference on: /home/miislab/livecc_gui/examples/test.mp4
INFO:root:[LiveCCWorker] Cleared cached video readers
INFO:root:[LiveCCWorker] Cleared cached video readers on stop request
INFO:root:[LiveCCWorker] Stop requested, breaking inference loop
INFO:root:[LiveCCWorker] LiveCC inference finished. Took 17.50 s
INFO:root:[LiveCCWorker] Cleared cached video readers after inference
INFO:root:[LiveCCWorker] Loading LiveCCInfer (device_id=0)...
INFO:root:[LiveCCWorker] LiveCCInfer loaded. Took 14.95 s
INFO:root:[LiveCCWorker] Start LiveCC inference on: /home/miislab/livecc_gui/examples/test.mp4
INFO:root:[LiveCCWorker] Cleared cached video readers
INFO:root:[LiveCCWorker] Video ended
INFO:root:[LiveCCWorker] LiveCC inference finished. Took 23.75 s
INFO:root:[LiveCCWorker] Cleared cached video readers after inference
INFO:root:[LiveCCWorker] Cleared cached video readers on stop request
INFO:root:[LiveCCWorker] Loading LiveCCInfer (device_id=0)...
INFO:root:[LiveCCWorker] LiveCCInfer loaded. Took 14.63 s
INFO:root:[LiveCCWorker] Start LiveCC inference on: /home/miislab/livecc_gui/examples/test.mp4
INFO:root:[LiveCCWorker] Cleared cached video readers
INFO:root:[LiveCCWorker] Video ended
INFO:root:[LiveCCWorker] LiveCC inference finished. Took 23.64 s
INFO:root:[LiveCCWorker] Cleared cached video readers after inference
INFO:root:[LiveCCWorker] Cleared cached video readers on stop request
INFO:root:[LiveCCWorker] Loading LiveCCInfer (device_id=0)...
INFO:root:[LiveCCWorker] LiveCCInfer loaded. Took 15.09 s
INFO:root:[LiveCCWorker] Start LiveCC inference on: /home/miislab/livecc_gui/examples/test.mp4
INFO:root:[LiveCCWorker] Cleared cached video readers
INFO:root:[LiveCCWorker] Video ended
INFO:root:[LiveCCWorker] LiveCC inference finished. Took 23.82 s
INFO:root:[LiveCCWorker] Cleared cached video readers after inference
INFO:root:[LiveCCWorker] Cleared cached video readers on stop request
INFO:root:[LiveCCWorker] Loading LiveCCInfer (device_id=0)...
INFO:root:[LiveCCWorker] LiveCCInfer loaded. Took 14.04 s
INFO:root:[LiveCCWorker] Start LiveCC inference on: /home/miislab/livecc_gui/examples/test.mp4
INFO:root:[LiveCCWorker] Cleared cached video readers
INFO:root:[LiveCCWorker] Video ended
INFO:root:[LiveCCWorker] LiveCC inference finished. Took 23.54 s
INFO:root:[LiveCCWorker] Cleared cached video readers after inference
INFO:root:[LiveCCWorker] Cleared cached video readers on stop request
INFO:root:[LiveCCWorker] Loading LiveCCInfer (device_id=0)...
INFO:root:[LiveCCWorker] LiveCCInfer loaded. Took 16.06 s
INFO:root:[LiveCCWorker] Start LiveCC inference on: /home/miislab/livecc_gui/examples/test.mp4
INFO:root:[LiveCCWorker] Cleared cached video readers
INFO:root:[LiveCCWorker] Video ended
INFO:root:[LiveCCWorker] LiveCC inference finished. Took 23.60 s
INFO:root:[LiveCCWorker] Cleared cached video readers after inference
INFO:root:[LiveCCWorker] Cleared cached video readers on stop request
INFO:root:[LiveCCWorker] Loading LiveCCInfer (device_id=0)...
INFO:root:[LiveCCWorker] LiveCCInfer loaded. Took 14.90 s
INFO:root:[LiveCCWorker] Start LiveCC inference on: /home/miislab/livecc_gui/examples/test.mp4
INFO:root:[LiveCCWorker] Cleared cached video readers
INFO:root:[LiveCCWorker] Video ended
INFO:root:[LiveCCWorker] LiveCC inference finished. Took 23.53 s
INFO:root:[LiveCCWorker] Cleared cached video readers after inference
INFO:root:[LiveCCWorker] Cleared cached video readers on stop request
INFO:root:[LiveCCWorker] Loading LiveCCInfer (device_id=0)...
INFO:root:[LiveCCWorker] LiveCCInfer loaded. Took 15.53 s
INFO:root:[LiveCCWorker] Start LiveCC inference on: /home/miislab/livecc_gui/examples/test.mp4
INFO:root:[LiveCCWorker] Cleared cached video readers
INFO:root:[LiveCCWorker] Video ended
INFO:root:[LiveCCWorker] LiveCC inference finished. Took 23.71 s
INFO:root:[LiveCCWorker] Cleared cached video readers after inference
INFO:root:[LiveCCWorker] Cleared cached video readers on stop request
INFO:root:[LiveCCWorker] Loading LiveCCInfer (device_id=0)...
INFO:root:[LiveCCWorker] LiveCCInfer loaded. Took 15.28 s
INFO:root:[LiveCCWorker] Start LiveCC inference on: /home/miislab/livecc_gui/examples/test.mp4
INFO:root:[LiveCCWorker] Cleared cached video readers
INFO:root:[LiveCCWorker] Video ended
INFO:root:[LiveCCWorker] LiveCC inference finished. Took 23.60 s
INFO:root:[LiveCCWorker] Cleared cached video readers after inference
INFO:root:[LiveCCWorker] Cleared cached video readers on stop request
INFO:root:[LiveCCWorker] Loading LiveCCInfer (device_id=0)...
INFO:root:[LiveCCWorker] LiveCCInfer loaded. Took 14.03 s
INFO:root:[LiveCCWorker] Start LiveCC inference on: /home/miislab/livecc_gui/examples/test.mp4
INFO:root:[LiveCCWorker] Cleared cached video readers
INFO:root:[LiveCCWorker] Video ended
INFO:root:[LiveCCWorker] LiveCC inference finished. Took 23.74 s
INFO:root:[LiveCCWorker] Cleared cached video readers after inference
INFO:root:[LiveCCWorker] Cleared cached video readers on stop request
INFO:root:[LiveCCWorker] Loading LiveCCInfer (device_id=0)...
INFO:root:[LiveCCWorker] LiveCCInfer loaded. Took 15.08 s
INFO:root:[LiveCCWorker] Loading LiveCCInfer (device_id=0)...
INFO:root:[LiveCCWorker] LiveCCInfer loaded. Took 14.65 s
INFO:root:[LiveCCWorker] Start LiveCC inference on: /home/miislab/livecc_gui/examples/test.mp4
INFO:root:[LiveCCWorker] Cleared cached video readers
INFO:root:[LiveCCWorker] Video ended
INFO:root:[LiveCCWorker] LiveCC inference finished. Took 23.68 s
INFO:root:[LiveCCWorker] Cleared cached video readers after inference
INFO:root:[LiveCCWorker] Start LiveCC inference on: /home/miislab/livecc_gui/examples/test.mp4
INFO:root:[LiveCCWorker] Cleared cached video readers
INFO:root:[LiveCCWorker] Cleared cached video readers on stop request
INFO:root:[LiveCCWorker] Stop requested, breaking inference loop
INFO:root:[LiveCCWorker] LiveCC inference finished. Took 19.87 s
INFO:root:[LiveCCWorker] Cleared cached video readers after inference
INFO:root:[LiveCCWorker] Loading LiveCCInfer (device_id=0)...
INFO:root:[LiveCCWorker] LiveCCInfer loaded. Took 15.63 s
INFO:root:[LiveCCWorker] Start LiveCC inference on: /home/miislab/livecc_gui/examples/test.mp4
INFO:root:[LiveCCWorker] Cleared cached video readers
INFO:root:[LiveCCWorker] Video ended
INFO:root:[LiveCCWorker] LiveCC inference finished. Took 24.35 s
INFO:root:[LiveCCWorker] Cleared cached video readers after inference
INFO:root:[LiveCCWorker] Cleared cached video readers on stop request
INFO:root:[LiveCCWorker] Loading LiveCCInfer (device_id=0)...
INFO:root:[LiveCCWorker] LiveCCInfer loaded. Took 14.64 s
INFO:root:[LiveCCWorker] Start LiveCC inference on: /home/miislab/livecc_gui/examples/test.mp4
INFO:root:[LiveCCWorker] Cleared cached video readers
INFO:root:[LiveCCWorker] Cleared cached video readers on stop request
INFO:root:[LiveCCWorker] Stop requested, breaking inference loop
INFO:root:[LiveCCWorker] LiveCC inference finished. Took 12.70 s
INFO:root:[LiveCCWorker] Cleared cached video readers after inference
INFO:root:[LiveCCWorker] Loading LiveCCInfer (device_id=0)...
INFO:root:[LiveCCWorker] LiveCCInfer loaded. Took 14.74 s
INFO:root:[LiveCCWorker] Start LiveCC inference on: /home/miislab/livecc_gui/examples/test.mp4
INFO:root:[LiveCCWorker] Cleared cached video readers
INFO:root:[LiveCCWorker] Video ended
INFO:root:[LiveCCWorker] LiveCC inference finished. Took 23.52 s
INFO:root:[LiveCCWorker] Cleared cached video readers after inference
INFO:root:[LiveCCWorker] Cleared cached video readers on stop request
INFO:root:[LiveCCWorker] Loading LiveCCInfer (device_id=0)...
INFO:root:[LiveCCWorker] LiveCCInfer loaded. Took 14.84 s
INFO:root:[LiveCCWorker] Start LiveCC inference on: /home/miislab/livecc_gui/examples/test.mp4
INFO:root:[LiveCCWorker] Cleared cached video readers
INFO:root:[LiveCCWorker] Video ended
INFO:root:[LiveCCWorker] LiveCC inference finished. Took 23.62 s
INFO:root:[LiveCCWorker] Cleared cached video readers after inference
INFO:root:[LiveCCWorker] Start LiveCC inference on: /home/miislab/livecc_gui/examples/test.mp4
INFO:root:[LiveCCWorker] Cleared cached video readers
INFO:root:[LiveCCWorker] Video ended
INFO:root:[LiveCCWorker] LiveCC inference finished. Took 23.60 s
INFO:root:[LiveCCWorker] Cleared cached video readers after inference
INFO:root:[LiveCCWorker] Cleared cached video readers on stop request
INFO:root:[LiveCCWorker] Loading LiveCCInfer (device_id=0)...
INFO:root:[LiveCCWorker] LiveCCInfer loaded. Took 14.30 s
INFO:root:[LiveCCWorker] Start LiveCC inference on: /home/miislab/livecc_gui/examples/test.mp4
INFO:root:[LiveCCWorker] Cleared cached video readers
INFO:root:[LiveCCWorker] Video ended
INFO:root:[LiveCCWorker] LiveCC inference finished. Took 24.32 s
INFO:root:[LiveCCWorker] Cleared cached video readers after inference
INFO:root:[LiveCCWorker] Start LiveCC inference on: /home/miislab/livecc_gui/examples/test.mp4
INFO:root:[LiveCCWorker] Cleared cached video readers
INFO:root:[LiveCCWorker] Cleared cached video readers on stop request
INFO:root:[LiveCCWorker] Stop requested, breaking inference loop
INFO:root:[LiveCCWorker] LiveCC inference finished. Took 15.68 s
INFO:root:[LiveCCWorker] Cleared cached video readers after inference
INFO:root:[LiveCCWorker] Loading LiveCCInfer (device_id=0)...
INFO:root:[LiveCCWorker] LiveCCInfer loaded. Took 14.82 s
INFO:root:[LiveCCWorker] Start LiveCC inference on: /home/miislab/livecc_gui/examples/test.mp4
INFO:root:[LiveCCWorker] Cleared cached video readers
INFO:root:[LiveCCWorker] Cleared cached video readers on stop request
INFO:root:[LiveCCWorker] Stop requested, breaking inference loop
INFO:root:[LiveCCWorker] LiveCC inference finished. Took 14.55 s
INFO:root:[LiveCCWorker] Cleared cached video readers after inference
INFO:root:[LiveCCWorker] Loading LiveCCInfer (device_id=0)...
INFO:root:[LiveCCWorker] LiveCCInfer loaded. Took 13.93 s
INFO:root:[LiveCCWorker] Start LiveCC inference on: /home/miislab/livecc_gui/examples/test.mp4
INFO:root:[LiveCCWorker] Cleared cached video readers
INFO:root:[LiveCCWorker] Video ended
INFO:root:[LiveCCWorker] LiveCC inference finished. Took 23.60 s
INFO:root:[LiveCCWorker] Cleared cached video readers after inference
INFO:root:[LiveCCWorker] Cleared cached video readers on stop request
INFO:root:[LiveCCWorker] Loading LiveCCInfer (device_id=0)...
INFO:root:[LiveCCWorker] LiveCCInfer loaded. Took 14.73 s
INFO:root:[LiveCCWorker] Start LiveCC inference on: /home/miislab/livecc_gui/examples/test.mp4
INFO:root:[LiveCCWorker] Cleared cached video readers
INFO:root:[LiveCCWorker] Video ended
INFO:root:[LiveCCWorker] LiveCC inference finished. Took 23.66 s
INFO:root:[LiveCCWorker] Cleared cached video readers after inference
INFO:root:[LiveCCWorker] Cleared cached video readers on stop request
INFO:root:[LiveCCWorker] Loading LiveCCInfer (device_id=0)...
INFO:root:[LiveCCWorker] LiveCCInfer loaded. Took 15.60 s
INFO:root:[LiveCCWorker] Start LiveCC inference on: /home/miislab/livecc_gui/examples/test.mp4
INFO:root:[LiveCCWorker] Cleared cached video readers
INFO:root:[LiveCCWorker] Video ended
INFO:root:[LiveCCWorker] LiveCC inference finished. Took 23.67 s
INFO:root:[LiveCCWorker] Cleared cached video readers after inference
INFO:root:[LiveCCWorker] Start LiveCC inference on: /home/miislab/livecc_gui/examples/test.mp4
INFO:root:[LiveCCWorker] Cleared cached video readers
INFO:root:[LiveCCWorker] Video ended
INFO:root:[LiveCCWorker] LiveCC inference finished. Took 23.69 s
INFO:root:[LiveCCWorker] Cleared cached video readers after inference
INFO:root:[LiveCCWorker] Start LiveCC inference on: /home/miislab/livecc_gui/examples/test.mp4
INFO:root:[LiveCCWorker] Cleared cached video readers
INFO:root:[LiveCCWorker] Video ended
INFO:root:[LiveCCWorker] LiveCC inference finished. Took 24.42 s
INFO:root:[LiveCCWorker] Cleared cached video readers after inference
INFO:root:[LiveCCWorker] Cleared cached video readers on stop request
INFO:root:[LiveCCWorker] Loading LiveCCInfer (device_id=0)...
INFO:root:[LiveCCWorker] LiveCCInfer loaded. Took 16.07 s
INFO:root:[LiveCCWorker] Start LiveCC inference on: /home/miislab/livecc_gui/examples/test.mp4
INFO:root:[LiveCCWorker] Cleared cached video readers
INFO:root:[LiveCCWorker] Video ended
INFO:root:[LiveCCWorker] LiveCC inference finished. Took 23.63 s
INFO:root:[LiveCCWorker] Cleared cached video readers after inference
INFO:root:[LiveCCWorker] Cleared cached video readers on stop request
INFO:root:[LiveCCWorker] Loading LiveCCInfer (device_id=0)...
INFO:root:[LiveCCWorker] LiveCCInfer loaded. Took 14.27 s
INFO:root:[LiveCCWorker] Start LiveCC inference on: /home/miislab/livecc_gui/examples/test.mp4
INFO:root:[LiveCCWorker] Cleared cached video readers
INFO:root:[LiveCCWorker] Video ended
INFO:root:[LiveCCWorker] LiveCC inference finished. Took 24.31 s
INFO:root:[LiveCCWorker] Cleared cached video readers after inference
INFO:root:[LiveCCWorker] Cleared cached video readers on stop request
INFO:root:[LiveCCWorker] Loading LiveCCInfer (device_id=0)...
INFO:root:[LiveCCWorker] LiveCCInfer loaded. Took 15.29 s
INFO:root:[LiveCCWorker] Start LiveCC inference on: /home/miislab/livecc_gui/examples/test.mp4
INFO:root:[LiveCCWorker] Cleared cached video readers
INFO:root:[LiveCCWorker] Video ended
INFO:root:[LiveCCWorker] LiveCC inference finished. Took 23.50 s
INFO:root:[LiveCCWorker] Cleared cached video readers after inference
INFO:root:[LiveCCWorker] Cleared cached video readers on stop request
INFO:root:[LiveCCWorker] Loading LiveCCInfer (device_id=0)...
INFO:root:[LiveCCWorker] LiveCCInfer loaded. Took 15.02 s
INFO:root:[LiveCCWorker] Start LiveCC inference on: /home/miislab/livecc_gui/examples/test.mp4
INFO:root:[LiveCCWorker] Cleared cached video readers
INFO:root:[LiveCCWorker] Video ended
INFO:root:[LiveCCWorker] LiveCC inference finished. Took 23.51 s
INFO:root:[LiveCCWorker] Cleared cached video readers after inference
INFO:root:[LiveCCWorker] Start LiveCC inference on: /home/miislab/livecc_gui/examples/test.mp4
INFO:root:[LiveCCWorker] Cleared cached video readers
INFO:root:[LiveCCWorker] Cleared cached video readers on stop request
INFO:root:[LiveCCWorker] Stop requested, breaking inference loop
INFO:root:[LiveCCWorker] LiveCC inference finished. Took 13.82 s
INFO:root:[LiveCCWorker] Cleared cached video readers after inference
INFO:root:[LiveCCWorker] Loading LiveCCInfer (device_id=0)...
INFO:root:[LiveCCWorker] LiveCCInfer loaded. Took 16.29 s
INFO:root:[LiveCCWorker] Start LiveCC inference on: /home/miislab/livecc_gui/examples/test.mp4
INFO:root:[LiveCCWorker] Cleared cached video readers
INFO:root:[LiveCCWorker] Video ended
INFO:root:[LiveCCWorker] LiveCC inference finished. Took 23.66 s
INFO:root:[LiveCCWorker] Cleared cached video readers after inference
INFO:root:[LiveCCWorker] Cleared cached video readers on stop request
INFO:root:[LiveCCWorker] Loading LiveCCInfer (device_id=0)...
INFO:root:[LiveCCWorker] LiveCCInfer loaded. Took 14.98 s
INFO:root:[LiveCCWorker] Start LiveCC inference on: /home/miislab/livecc_gui/examples/test.mp4
INFO:root:[LiveCCWorker] Cleared cached video readers
INFO:root:[LiveCCWorker] Video ended
INFO:root:[LiveCCWorker] LiveCC inference finished. Took 23.66 s
INFO:root:[LiveCCWorker] Cleared cached video readers after inference
INFO:root:[LiveCCWorker] Cleared cached video readers on stop request
INFO:root:[LiveCCWorker] Loading LiveCCInfer (device_id=0)...
INFO:root:[LiveCCWorker] LiveCCInfer loaded. Took 15.04 s
INFO:root:[LiveCCWorker] Start LiveCC inference on: /home/miislab/livecc_gui/examples/test.mp4
INFO:root:[LiveCCWorker] Cleared cached video readers
INFO:root:[LiveCCWorker] Video ended
INFO:root:[LiveCCWorker] LiveCC inference finished. Took 23.57 s
INFO:root:[LiveCCWorker] Cleared cached video readers after inference
INFO:root:[LiveCCWorker] Cleared cached video readers on stop request
INFO:root:[LiveCCWorker] Loading LiveCCInfer (device_id=0)...
INFO:root:[LiveCCWorker] LiveCCInfer loaded. Took 15.78 s
INFO:root:[LiveCCWorker] Start LiveCC inference on: /home/miislab/livecc_gui/examples/test.mp4
INFO:root:[LiveCCWorker] Cleared cached video readers
INFO:root:[LiveCCWorker] Video ended
INFO:root:[LiveCCWorker] LiveCC inference finished. Took 23.75 s
INFO:root:[LiveCCWorker] Cleared cached video readers after inference
INFO:root:[LiveCCWorker] Start LiveCC inference on: /home/miislab/livecc_gui/examples/test.mp4
INFO:root:[LiveCCWorker] Cleared cached video readers
INFO:root:[LiveCCWorker] Video ended
INFO:root:[LiveCCWorker] LiveCC inference finished. Took 23.71 s
INFO:root:[LiveCCWorker] Cleared cached video readers after inference
INFO:root:[LiveCCWorker] Cleared cached video readers on stop request
INFO:root:[LiveCCWorker] Loading LiveCCInfer (device_id=0)...
INFO:root:[LiveCCWorker] LiveCCInfer loaded. Took 16.81 s
INFO:root:[LiveCCWorker] Start LiveCC inference on: /home/miislab/livecc_gui/examples/test.mp4
INFO:root:[LiveCCWorker] Cleared cached video readers
INFO:root:[LiveCCWorker] Video ended
INFO:root:[LiveCCWorker] LiveCC inference finished. Took 23.55 s
INFO:root:[LiveCCWorker] Cleared cached video readers after inference
INFO:root:[LiveCCWorker] Cleared cached video readers on stop request
INFO:root:[LiveCCWorker] Loading LiveCCInfer (device_id=0)...
INFO:root:[LiveCCWorker] LiveCCInfer loaded. Took 15.80 s
INFO:root:[LiveCCWorker] Start LiveCC inference on: /home/miislab/livecc_gui/examples/test.mp4
INFO:root:[LiveCCWorker] Cleared cached video readers
INFO:root:[LiveCCWorker] Video ended
INFO:root:[LiveCCWorker] LiveCC inference finished. Took 23.87 s
INFO:root:[LiveCCWorker] Cleared cached video readers after inference
INFO:root:[LiveCCWorker] Cleared cached video readers on stop request
INFO:root:[LiveCCWorker] Loading LiveCCInfer (device_id=0)...
INFO:root:[LiveCCWorker] LiveCCInfer loaded. Took 15.26 s
INFO:root:[LiveCCWorker] Start LiveCC inference on: /home/miislab/livecc_gui/examples/test.mp4
INFO:root:[LiveCCWorker] Cleared cached video readers
INFO:root:[LiveCCWorker] Video ended
INFO:root:[LiveCCWorker] LiveCC inference finished. Took 23.73 s
INFO:root:[LiveCCWorker] Cleared cached video readers after inference
INFO:root:[LiveCCWorker] Cleared cached video readers on stop request
INFO:root:[LiveCCWorker] Loading LiveCCInfer (device_id=0)...
INFO:root:[LiveCCWorker] LiveCCInfer loaded. Took 15.81 s
INFO:root:[LiveCCWorker] Start LiveCC inference on: /home/miislab/livecc_gui/examples/test.mp4
INFO:root:[LiveCCWorker] Cleared cached video readers
INFO:root:[LiveCCWorker] Video ended
INFO:root:[LiveCCWorker] LiveCC inference finished. Took 23.61 s
INFO:root:[LiveCCWorker] Cleared cached video readers after inference
INFO:root:[LiveCCWorker] Cleared cached video readers on stop request
INFO:root:[LiveCCWorker] Loading LiveCCInfer (device_id=0)...
INFO:root:[LiveCCWorker] LiveCCInfer loaded. Took 13.74 s
INFO:root:[LiveCCWorker] Start LiveCC inference on: /home/miislab/livecc_gui/examples/test.mp4
INFO:root:[LiveCCWorker] Cleared cached video readers
INFO:root:[LiveCCWorker] Video ended
INFO:root:[LiveCCWorker] LiveCC inference finished. Took 23.64 s
INFO:root:[LiveCCWorker] Cleared cached video readers after inference
INFO:root:[LiveCCWorker] Start LiveCC inference on: /home/miislab/livecc_gui/examples/test.mp4
INFO:root:[LiveCCWorker] Cleared cached video readers
INFO:root:[LiveCCWorker] Video ended
INFO:root:[LiveCCWorker] LiveCC inference finished. Took 23.56 s
INFO:root:[LiveCCWorker] Cleared cached video readers after inference
INFO:root:[LiveCCWorker] Cleared cached video readers on stop request
INFO:root:[LiveCCWorker] Loading LiveCCInfer (device_id=0)...
INFO:root:[LiveCCWorker] LiveCCInfer loaded. Took 15.44 s
INFO:root:[LiveCCWorker] Start LiveCC inference on: /home/miislab/livecc_gui/examples/test.mp4
INFO:root:[LiveCCWorker] Cleared cached video readers
INFO:root:[LiveCCWorker] Video ended
INFO:root:[LiveCCWorker] LiveCC inference finished. Took 23.73 s
INFO:root:[LiveCCWorker] Cleared cached video readers after inference
INFO:root:[LiveCCWorker] Cleared cached video readers on stop request
INFO:root:[LiveCCWorker] Loading LiveCCInfer (device_id=0)...
INFO:root:[LiveCCWorker] LiveCCInfer loaded. Took 14.37 s
INFO:root:[LiveCCWorker] Start LiveCC inference on: /home/miislab/livecc_gui/examples/test.mp4
INFO:root:[LiveCCWorker] Cleared cached video readers
INFO:root:[LiveCCWorker] Cleared cached video readers on stop request
INFO:root:[LiveCCWorker] Stop requested, breaking inference loop
INFO:root:[LiveCCWorker] LiveCC inference finished. Took 18.39 s
INFO:root:[LiveCCWorker] Cleared cached video readers after inference
INFO:root:[LiveCCWorker] Loading LiveCCInfer (device_id=0)...
INFO:root:[LiveCCWorker] LiveCCInfer loaded. Took 15.75 s
INFO:root:[LiveCCWorker] Start LiveCC inference on: /home/miislab/livecc_gui/examples/test.mp4
INFO:root:[LiveCCWorker] Cleared cached video readers
INFO:root:[LiveCCWorker] Cleared cached video readers on stop request
INFO:root:[LiveCCWorker] Stop requested, breaking inference loop
INFO:root:[LiveCCWorker] LiveCC inference finished. Took 9.02 s
INFO:root:[LiveCCWorker] Cleared cached video readers after inference
INFO:root:[LiveCCWorker] Loading LiveCCInfer (device_id=0)...
INFO:root:[LiveCCWorker] LiveCCInfer loaded. Took 15.70 s
INFO:root:[LiveCCWorker] Start LiveCC inference on: /home/miislab/livecc_gui/examples/test.mp4
INFO:root:[LiveCCWorker] Cleared cached video readers
INFO:root:[LiveCCWorker] Video ended
INFO:root:[LiveCCWorker] LiveCC inference finished. Took 23.55 s
INFO:root:[LiveCCWorker] Cleared cached video readers after inference
INFO:root:[LiveCCWorker] Cleared cached video readers on stop request
INFO:root:[LiveCCWorker] Loading LiveCCInfer (device_id=0)...
INFO:root:[LiveCCWorker] LiveCCInfer loaded. Took 14.41 s
INFO:root:[LiveCCWorker] Start LiveCC inference on: /home/miislab/livecc_gui/examples/test.mp4
INFO:root:[LiveCCWorker] Cleared cached video readers
INFO:root:[LiveCCWorker] Cleared cached video readers on stop request
INFO:root:[LiveCCWorker] Stop requested, breaking inference loop
INFO:root:[LiveCCWorker] LiveCC inference finished. Took 17.80 s
INFO:root:[LiveCCWorker] Cleared cached video readers after inference
INFO:root:[LiveCCWorker] Loading LiveCCInfer (device_id=0)...
INFO:root:[LiveCCWorker] LiveCCInfer loaded. Took 14.27 s
INFO:root:[LiveCCWorker] Start LiveCC inference on: /home/miislab/livecc_gui/examples/test.mp4
INFO:root:[LiveCCWorker] Cleared cached video readers
INFO:root:[LiveCCWorker] Video ended
INFO:root:[LiveCCWorker] LiveCC inference finished. Took 23.81 s
INFO:root:[LiveCCWorker] Cleared cached video readers after inference
INFO:root:[LiveCCWorker] Cleared cached video readers on stop request
INFO:root:[LiveCCWorker] Loading LiveCCInfer (device_id=0)...
INFO:root:[LiveCCWorker] LiveCCInfer loaded. Took 15.71 s
INFO:root:[LiveCCWorker] Start LiveCC inference on: /home/miislab/livecc_gui/examples/test.mp4
INFO:root:[LiveCCWorker] Cleared cached video readers
ERROR:root:[LiveCCWorker] Error during inference
Traceback (most recent call last):
  File "/home/miislab/livecc_gui/src/miis_broadcast/workers/livecc.py", line 81, in runInference
    for (start_t, stop_t), response, state in self.livecc.live_cc(query, state):
  File "/home/miislab/livecc_gui/src/miis_broadcast/core/models/livecc_transformers.py", line 268, in live_cc
    outputs = self.model.generate(
  File "/home/miislab/miniforge3/envs/livecc/lib/python3.10/site-packages/torch/utils/_contextlib.py", line 120, in decorate_context
    return func(*args, **kwargs)
  File "/home/miislab/miniforge3/envs/livecc/lib/python3.10/site-packages/transformers/generation/utils.py", line 2514, in generate
    self._validate_generated_length(generation_config, input_ids_length, has_default_max_length)
  File "/home/miislab/miniforge3/envs/livecc/lib/python3.10/site-packages/transformers/generation/utils.py", line 1617, in _validate_generated_length
    raise ValueError(
ValueError: Input length of input_ids is 32832, but `max_length` is set to 32768. This can lead to unexpected behavior. You should consider increasing `max_length` or, better yet, setting `max_new_tokens`.
INFO:root:[LiveCCWorker] Cleared cached video readers after inference
INFO:root:[LiveCCWorker] Cleared cached video readers on stop request
INFO:root:[LiveCCWorker] Loading LiveCCInfer (device_id=0)...
INFO:root:[LiveCCWorker] LiveCCInfer loaded. Took 15.75 s
INFO:root:[LiveCCWorker] Start LiveCC inference on: /home/miislab/livecc_gui/examples/test.mp4
INFO:root:[LiveCCWorker] Cleared cached video readers
INFO:root:[LiveCCWorker] Video ended
INFO:root:[LiveCCWorker] LiveCC inference finished. Took 25.14 s
INFO:root:[LiveCCWorker] Cleared cached video readers after inference
INFO:root:[LiveCCWorker] Cleared cached video readers on stop request
INFO:root:[LiveCCWorker] Loading LiveCCInfer (device_id=0)...
INFO:root:[LiveCCWorker] LiveCCInfer loaded. Took 15.40 s
INFO:root:[LiveCCWorker] Start LiveCC inference on: /home/miislab/livecc_gui/examples/test.mp4
INFO:root:[LiveCCWorker] Cleared cached video readers
INFO:root:[LiveCCWorker] Video ended
INFO:root:[LiveCCWorker] LiveCC inference finished. Took 24.27 s
INFO:root:[LiveCCWorker] Cleared cached video readers after inference
INFO:root:[LiveCCWorker] Start LiveCC inference on: /home/miislab/livecc_gui/examples/test.mp4
INFO:root:[LiveCCWorker] Cleared cached video readers
INFO:root:[LiveCCWorker] Cleared cached video readers on stop request
INFO:root:[LiveCCWorker] Stop requested, breaking inference loop
INFO:root:[LiveCCWorker] LiveCC inference finished. Took 9.46 s
INFO:root:[LiveCCWorker] Cleared cached video readers after inference
INFO:root:[LiveCCWorker] Loading LiveCCInfer (device_id=0)...
INFO:root:[LiveCCWorker] LiveCCInfer loaded. Took 15.21 s
INFO:root:[LiveCCWorker] Start LiveCC inference on: /home/miislab/livecc_gui/examples/test.mp4
INFO:root:[LiveCCWorker] Cleared cached video readers
INFO:root:[LiveCCWorker] Video ended
INFO:root:[LiveCCWorker] LiveCC inference finished. Took 24.88 s
INFO:root:[LiveCCWorker] Cleared cached video readers after inference
INFO:root:[LiveCCWorker] Cleared cached video readers on stop request
INFO:root:[LiveCCWorker] Loading LiveCCInfer (device_id=0)...
INFO:root:[LiveCCWorker] LiveCCInfer loaded. Took 14.72 s
INFO:root:[LiveCCWorker] Start LiveCC inference on: /home/miislab/livecc_gui/examples/test.mp4
INFO:root:[LiveCCWorker] Cleared cached video readers
INFO:root:[LiveCCWorker] Video ended
INFO:root:[LiveCCWorker] LiveCC inference finished. Took 24.32 s
INFO:root:[LiveCCWorker] Cleared cached video readers after inference
INFO:root:[LiveCCWorker] Cleared cached video readers on stop request
INFO:root:[LiveCCWorker] Loading LiveCCInfer (device_id=0)...
INFO:root:[LiveCCWorker] LiveCCInfer loaded. Took 14.82 s
INFO:root:[LiveCCWorker] Start LiveCC inference on: /home/miislab/livecc_gui/examples/test.mp4
INFO:root:[LiveCCWorker] Cleared cached video readers
INFO:root:[LiveCCWorker] Video ended
INFO:root:[LiveCCWorker] LiveCC inference finished. Took 26.33 s
INFO:root:[LiveCCWorker] Cleared cached video readers after inference
INFO:root:[LiveCCWorker] Start LiveCC inference on: /home/miislab/livecc_gui/examples/test.mp4
INFO:root:[LiveCCWorker] Cleared cached video readers
INFO:root:[LiveCCWorker] Video ended
INFO:root:[LiveCCWorker] LiveCC inference finished. Took 26.11 s
INFO:root:[LiveCCWorker] Cleared cached video readers after inference
INFO:root:[LiveCCWorker] Cleared cached video readers on stop request
INFO:root:[LiveCCWorker] Loading LiveCCInfer (device_id=0)...
INFO:root:[LiveCCWorker] LiveCCInfer loaded. Took 16.47 s
INFO:root:[LiveCCWorker] Start LiveCC inference on: /home/miislab/livecc_gui/examples/test.mp4
INFO:root:[LiveCCWorker] Cleared cached video readers
INFO:root:[LiveCCWorker] Video ended
INFO:root:[LiveCCWorker] LiveCC inference finished. Took 25.17 s
INFO:root:[LiveCCWorker] Cleared cached video readers after inference
INFO:root:[LiveCCWorker] Cleared cached video readers on stop request
INFO:root:[LiveCCWorker] Loading LiveCCInfer (device_id=0)...
INFO:root:[LiveCCWorker] LiveCCInfer loaded. Took 14.92 s
INFO:root:[LiveCCWorker] Start LiveCC inference on: /home/miislab/livecc_gui/examples/test.mp4
INFO:root:[LiveCCWorker] Cleared cached video readers
INFO:root:[LiveCCWorker] Video ended
INFO:root:[LiveCCWorker] LiveCC inference finished. Took 25.11 s
INFO:root:[LiveCCWorker] Cleared cached video readers after inference
INFO:root:[LiveCCWorker] Cleared cached video readers on stop request
INFO:root:[LiveCCWorker] Loading LiveCCInfer (device_id=0)...
INFO:root:[LiveCCWorker] LiveCCInfer loaded. Took 16.47 s
INFO:root:[LiveCCWorker] Start LiveCC inference on: /home/miislab/livecc_gui/examples/test.mp4
INFO:root:[LiveCCWorker] Cleared cached video readers
INFO:root:[LiveCCWorker] Video ended
INFO:root:[LiveCCWorker] LiveCC inference finished. Took 25.08 s
INFO:root:[LiveCCWorker] Cleared cached video readers after inference
INFO:root:[LiveCCWorker] Cleared cached video readers on stop request
INFO:root:[LiveCCWorker] Loading LiveCCInfer (device_id=0)...
INFO:root:[LiveCCWorker] LiveCCInfer loaded. Took 16.45 s
INFO:root:[LiveCCWorker] Start LiveCC inference on: /home/miislab/livecc_gui/examples/test.mp4
INFO:root:[LiveCCWorker] Cleared cached video readers
INFO:root:[LiveCCWorker] Cleared cached video readers on stop request
INFO:root:[LiveCCWorker] Stop requested, breaking inference loop
INFO:root:[LiveCCWorker] LiveCC inference finished. Took 15.76 s
INFO:root:[LiveCCWorker] Cleared cached video readers after inference
INFO:root:[LiveCCWorker] Loading LiveCCInfer (device_id=0)...
INFO:root:[LiveCCWorker] LiveCCInfer loaded. Took 16.67 s
INFO:root:[LiveCCWorker] Start LiveCC inference on: /home/miislab/livecc_gui/examples/test.mp4
INFO:root:[LiveCCWorker] Cleared cached video readers
INFO:root:[LiveCCWorker] Cleared cached video readers on stop request
INFO:root:[LiveCCWorker] Stop requested, breaking inference loop
INFO:root:[LiveCCWorker] LiveCC inference finished. Took 20.25 s
INFO:root:[LiveCCWorker] Cleared cached video readers after inference
INFO:root:[LiveCCWorker] Loading LiveCCInfer (device_id=0)...
INFO:root:[LiveCCWorker] LiveCCInfer loaded. Took 14.06 s
INFO:root:[LiveCCWorker] Start LiveCC inference on: /home/miislab/livecc_gui/examples/test.mp4
INFO:root:[LiveCCWorker] Cleared cached video readers
INFO:root:[LiveCCWorker] Video ended
INFO:root:[LiveCCWorker] LiveCC inference finished. Took 24.26 s
INFO:root:[LiveCCWorker] Cleared cached video readers after inference
INFO:root:[LiveCCWorker] Cleared cached video readers on stop request
INFO:root:[LiveCCWorker] Loading LiveCCInfer (device_id=0)...
INFO:root:[LiveCCWorker] LiveCCInfer loaded. Took 15.29 s
INFO:root:[LiveCCWorker] Start LiveCC inference on: /home/miislab/livecc_gui/examples/test.mp4
INFO:root:[LiveCCWorker] Cleared cached video readers
INFO:root:[LiveCCWorker] Video ended
INFO:root:[LiveCCWorker] LiveCC inference finished. Took 25.20 s
INFO:root:[LiveCCWorker] Cleared cached video readers after inference
INFO:root:[LiveCCWorker] Cleared cached video readers on stop request
INFO:root:[LiveCCWorker] Loading LiveCCInfer (device_id=0)...
INFO:root:[LiveCCWorker] LiveCCInfer loaded. Took 14.31 s
INFO:root:[LiveCCWorker] Start LiveCC inference on: /home/miislab/livecc_gui/examples/test.mp4
INFO:root:[LiveCCWorker] Cleared cached video readers
INFO:root:[LiveCCWorker] Video ended
INFO:root:[LiveCCWorker] LiveCC inference finished. Took 25.08 s
INFO:root:[LiveCCWorker] Cleared cached video readers after inference
INFO:root:[LiveCCWorker] Cleared cached video readers on stop request
INFO:root:[LiveCCWorker] Loading LiveCCInfer (device_id=0)...
INFO:root:[LiveCCWorker] LiveCCInfer loaded. Took 13.91 s
INFO:root:[LiveCCWorker] Start LiveCC inference on: /home/miislab/livecc_gui/examples/test.mp4
INFO:root:[LiveCCWorker] Cleared cached video readers
INFO:root:[LiveCCWorker] Video ended
INFO:root:[LiveCCWorker] LiveCC inference finished. Took 25.54 s
INFO:root:[LiveCCWorker] Cleared cached video readers after inference
INFO:root:[LiveCCWorker] Cleared cached video readers on stop request
INFO:root:[LiveCCWorker] Loading LiveCCInfer (device_id=0)...
INFO:root:[LiveCCWorker] LiveCCInfer loaded. Took 15.72 s
INFO:root:[LiveCCWorker] Start LiveCC inference on: /home/miislab/livecc_gui/examples/test.mp4
INFO:root:[LiveCCWorker] Cleared cached video readers
INFO:root:[LiveCCWorker] Video ended
INFO:root:[LiveCCWorker] LiveCC inference finished. Took 25.07 s
INFO:root:[LiveCCWorker] Cleared cached video readers after inference
INFO:root:[LiveCCWorker] Cleared cached video readers on stop request
INFO:root:[LiveCCWorker] Loading LiveCCInfer (device_id=0)...
INFO:root:[LiveCCWorker] LiveCCInfer loaded. Took 13.93 s
INFO:root:[LiveCCWorker] Start LiveCC inference on: /home/miislab/livecc_gui/examples/test.mp4
INFO:root:[LiveCCWorker] Cleared cached video readers
INFO:root:[LiveCCWorker] Stop requested, breaking inference loop
INFO:root:[LiveCCWorker] LiveCC inference finished. Took 5.52 s
INFO:root:[LiveCCWorker] Cleared cached video readers after inference
INFO:root:[LiveCCWorker] Cleared cached video readers on stop request
INFO:root:[LiveCCWorker] Loading LiveCCInfer (device_id=0)...
INFO:root:[LiveCCWorker] LiveCCInfer loaded. Took 13.82 s
INFO:root:[LiveCCWorker] Start LiveCC inference on: /home/miislab/livecc_gui/examples/test.mp4
INFO:root:[LiveCCWorker] Cleared cached video readers
INFO:root:[LiveCCWorker] Video ended
INFO:root:[LiveCCWorker] LiveCC inference finished. Took 24.94 s
INFO:root:[LiveCCWorker] Cleared cached video readers after inference
INFO:root:[LiveCCWorker] Cleared cached video readers on stop request
INFO:root:[LiveCCWorker] Loading LiveCCInfer (device_id=0)...
INFO:root:[LiveCCWorker] LiveCCInfer loaded. Took 15.17 s
INFO:root:[LiveCCWorker] Start LiveCC inference on: /home/miislab/livecc_gui/examples/test.mp4
INFO:root:[LiveCCWorker] Cleared cached video readers
INFO:root:[LiveCCWorker] Video ended
INFO:root:[LiveCCWorker] LiveCC inference finished. Took 25.10 s
INFO:root:[LiveCCWorker] Cleared cached video readers after inference
INFO:root:[LiveCCWorker] Start LiveCC inference on: /home/miislab/livecc_gui/examples/test.mp4
INFO:root:[LiveCCWorker] Cleared cached video readers
INFO:root:[LiveCCWorker] Video ended
INFO:root:[LiveCCWorker] LiveCC inference finished. Took 25.19 s
INFO:root:[LiveCCWorker] Cleared cached video readers after inference
INFO:root:[LiveCCWorker] Start LiveCC inference on: /home/miislab/livecc_gui/examples/test.mp4
INFO:root:[LiveCCWorker] Cleared cached video readers
INFO:root:[LiveCCWorker] Video ended
INFO:root:[LiveCCWorker] LiveCC inference finished. Took 25.05 s
INFO:root:[LiveCCWorker] Cleared cached video readers after inference
INFO:root:[LiveCCWorker] Cleared cached video readers on stop request
INFO:root:[LiveCCWorker] Loading LiveCCInfer (device_id=0)...
INFO:root:[LiveCCWorker] LiveCCInfer loaded. Took 16.44 s
INFO:root:[LiveCCWorker] Start LiveCC inference on: /home/miislab/livecc_gui/examples/basketball_1080p.mp4
INFO:root:[LiveCCWorker] Cleared cached video readers
ERROR:root:[LiveCCWorker] Error during inference
Traceback (most recent call last):
  File "/home/miislab/livecc_gui/src/miis_broadcast/workers/livecc.py", line 87, in runInference
    for (start_t, stop_t), response, state in self.livecc.live_cc(query, state):
  File "/home/miislab/livecc_gui/src/miis_broadcast/core/models/livecc_transformers.py", line 283, in live_cc
    outputs = self.model.generate(
  File "/home/miislab/miniforge3/envs/livecc_tts/lib/python3.10/site-packages/torch/utils/_contextlib.py", line 120, in decorate_context
    return func(*args, **kwargs)
  File "/home/miislab/miniforge3/envs/livecc_tts/lib/python3.10/site-packages/transformers/generation/utils.py", line 2514, in generate
    self._validate_generated_length(generation_config, input_ids_length, has_default_max_length)
  File "/home/miislab/miniforge3/envs/livecc_tts/lib/python3.10/site-packages/transformers/generation/utils.py", line 1617, in _validate_generated_length
    raise ValueError(
ValueError: Input length of input_ids is 33094, but `max_length` is set to 32768. This can lead to unexpected behavior. You should consider increasing `max_length` or, better yet, setting `max_new_tokens`.
INFO:root:[LiveCCWorker] Cleared cached video readers after inference
INFO:root:[LiveCCWorker] Cleared cached video readers on stop request
INFO:root:[LiveCCWorker] Loading LiveCCInfer (device_id=0)...
INFO:root:[LiveCCWorker] LiveCCInfer loaded. Took 15.03 s
INFO:root:[LiveCCWorker] Start LiveCC inference on: /home/miislab/livecc_gui/examples/basketball_1080p_02.mp4
INFO:root:[LiveCCWorker] Cleared cached video readers
INFO:root:[LiveCCWorker] Stop requested, breaking inference loop
INFO:root:[LiveCCWorker] LiveCC inference finished. Took 85.17 s
INFO:root:[LiveCCWorker] Cleared cached video readers after inference
INFO:root:[LiveCCWorker] Cleared cached video readers on stop request
INFO:root:[LiveCCWorker] Loading LiveCCInfer (device_id=0)...
INFO:root:[LiveCCWorker] LiveCCInfer loaded. Took 15.38 s
INFO:root:[LiveCCWorker] Start LiveCC inference on: /home/miislab/livecc_gui/examples/basketball_1080p_02.mp4
INFO:root:[LiveCCWorker] Cleared cached video readers
ERROR:root:[LiveCCWorker] Error during inference
Traceback (most recent call last):
  File "/home/miislab/livecc_gui/src/miis_broadcast/workers/livecc.py", line 87, in runInference
    for (start_t, stop_t), response, state in self.livecc.live_cc(query, state):
  File "/home/miislab/livecc_gui/src/miis_broadcast/core/models/livecc_transformers.py", line 283, in live_cc
    outputs = self.model.generate(
  File "/home/miislab/miniforge3/envs/livecc_tts/lib/python3.10/site-packages/torch/utils/_contextlib.py", line 120, in decorate_context
    return func(*args, **kwargs)
  File "/home/miislab/miniforge3/envs/livecc_tts/lib/python3.10/site-packages/transformers/generation/utils.py", line 2514, in generate
    self._validate_generated_length(generation_config, input_ids_length, has_default_max_length)
  File "/home/miislab/miniforge3/envs/livecc_tts/lib/python3.10/site-packages/transformers/generation/utils.py", line 1617, in _validate_generated_length
    raise ValueError(
ValueError: Input length of input_ids is 33088, but `max_length` is set to 32768. This can lead to unexpected behavior. You should consider increasing `max_length` or, better yet, setting `max_new_tokens`.
INFO:root:[LiveCCWorker] Cleared cached video readers after inference
INFO:root:[LiveCCWorker] Cleared cached video readers on stop request
INFO:root:[LiveCCWorker] Loading LiveCCInfer (device_id=0)...
INFO:root:[LiveCCWorker] LiveCCInfer loaded. Took 14.91 s
INFO:root:[LiveCCWorker] Start LiveCC inference on: /home/miislab/livecc_gui/examples/basketball_1080p_02.mp4
INFO:root:[LiveCCWorker] Cleared cached video readers
ERROR:root:[LiveCCWorker] Error during inference
Traceback (most recent call last):
  File "/home/miislab/livecc_gui/src/miis_broadcast/workers/livecc.py", line 87, in runInference
    for (start_t, stop_t), response, state in self.livecc.live_cc(query, state):
  File "/home/miislab/livecc_gui/src/miis_broadcast/core/models/livecc_transformers.py", line 283, in live_cc
    outputs = self.model.generate(
  File "/home/miislab/miniforge3/envs/livecc_tts/lib/python3.10/site-packages/torch/utils/_contextlib.py", line 120, in decorate_context
    return func(*args, **kwargs)
  File "/home/miislab/miniforge3/envs/livecc_tts/lib/python3.10/site-packages/transformers/generation/utils.py", line 2514, in generate
    self._validate_generated_length(generation_config, input_ids_length, has_default_max_length)
  File "/home/miislab/miniforge3/envs/livecc_tts/lib/python3.10/site-packages/transformers/generation/utils.py", line 1617, in _validate_generated_length
    raise ValueError(
ValueError: Input length of input_ids is 33137, but `max_length` is set to 32768. This can lead to unexpected behavior. You should consider increasing `max_length` or, better yet, setting `max_new_tokens`.
INFO:root:[LiveCCWorker] Cleared cached video readers after inference
INFO:root:[LiveCCWorker] Cleared cached video readers on stop request
INFO:root:[LiveCCWorker] Loading LiveCCInfer (device_id=0)...
INFO:root:[LiveCCWorker] LiveCCInfer loaded. Took 15.48 s
INFO:root:[LiveCCWorker] Start LiveCC inference on: /home/miislab/livecc_gui/examples/basketball_1080p_02.mp4
INFO:root:[LiveCCWorker] Cleared cached video readers
ERROR:root:[LiveCCWorker] Error during inference
Traceback (most recent call last):
  File "/home/miislab/livecc_gui/src/miis_broadcast/workers/livecc.py", line 87, in runInference
    for (start_t, stop_t), response, state in self.livecc.live_cc(query, state):
  File "/home/miislab/livecc_gui/src/miis_broadcast/core/models/livecc_transformers.py", line 283, in live_cc
    outputs = self.model.generate(
  File "/home/miislab/miniforge3/envs/livecc_tts/lib/python3.10/site-packages/torch/utils/_contextlib.py", line 120, in decorate_context
    return func(*args, **kwargs)
  File "/home/miislab/miniforge3/envs/livecc_tts/lib/python3.10/site-packages/transformers/generation/utils.py", line 2514, in generate
    self._validate_generated_length(generation_config, input_ids_length, has_default_max_length)
  File "/home/miislab/miniforge3/envs/livecc_tts/lib/python3.10/site-packages/transformers/generation/utils.py", line 1617, in _validate_generated_length
    raise ValueError(
ValueError: Input length of input_ids is 33102, but `max_length` is set to 32768. This can lead to unexpected behavior. You should consider increasing `max_length` or, better yet, setting `max_new_tokens`.
INFO:root:[LiveCCWorker] Cleared cached video readers after inference
INFO:root:[LiveCCWorker] Cleared cached video readers on stop request
INFO:root:[LiveCCWorker] Loading LiveCCInfer (device_id=0)...
INFO:root:[LiveCCWorker] LiveCCInfer loaded. Took 15.52 s
INFO:root:[LiveCCWorker] Start LiveCC inference on: /home/miislab/livecc_gui/examples/basketball_1080p_02.mp4
INFO:root:[LiveCCWorker] Cleared cached video readers
INFO:root:[LiveCCWorker] Cleared cached video readers on stop request
INFO:root:[LiveCCWorker] Stop requested, breaking inference loop
INFO:root:[LiveCCWorker] LiveCC inference finished. Took 62.51 s
INFO:root:[LiveCCWorker] Cleared cached video readers after inference
INFO:root:[LiveCCWorker] Loading LiveCCInfer (device_id=0)...
INFO:root:[LiveCCWorker] LiveCCInfer loaded. Took 14.13 s
INFO:root:[LiveCCWorker] Start LiveCC inference on: /home/miislab/livecc_gui/examples/Taekwondo_1080p.mp4
INFO:root:[LiveCCWorker] Cleared cached video readers
INFO:root:[LiveCCWorker] Cleared cached video readers on stop request
INFO:root:[LiveCCWorker] Stop requested, breaking inference loop
INFO:root:[LiveCCWorker] LiveCC inference finished. Took 80.77 s
INFO:root:[LiveCCWorker] Cleared cached video readers after inference
INFO:root:[LiveCCWorker] Loading LiveCCInfer (device_id=0)...
INFO:root:[LiveCCWorker] LiveCCInfer loaded. Took 16.00 s
INFO:root:[LiveCCWorker] Start LiveCC inference on: /home/miislab/livecc_gui/examples/basketball_1080p_02.mp4
INFO:root:[LiveCCWorker] Cleared cached video readers
INFO:root:[LiveCCWorker] Stop requested, breaking inference loop
INFO:root:[LiveCCWorker] LiveCC inference finished. Took 65.66 s
INFO:root:[LiveCCWorker] Cleared cached video readers after inference
INFO:root:[LiveCCWorker] Cleared cached video readers on stop request
INFO:root:[LiveCCWorker] Loading LiveCCInfer (device_id=0)...
INFO:root:[LiveCCWorker] LiveCCInfer loaded. Took 15.58 s
INFO:root:[LiveCCWorker] Start LiveCC inference on: /home/miislab/livecc_gui/examples/wheelchair_short.mp4
INFO:root:[LiveCCWorker] Cleared cached video readers
INFO:root:[LiveCCWorker] Video ended
INFO:root:[LiveCCWorker] LiveCC inference finished. Took 25.10 s
INFO:root:[LiveCCWorker] Cleared cached video readers after inference
INFO:root:[LiveCCWorker] Start LiveCC inference on: /home/miislab/livecc_gui/examples/Taekwondo_1080p.mp4
INFO:root:[LiveCCWorker] Cleared cached video readers
INFO:root:[LiveCCWorker] Cleared cached video readers on stop request
INFO:root:[LiveCCWorker] Stop requested, breaking inference loop
INFO:root:[LiveCCWorker] LiveCC inference finished. Took 67.86 s
INFO:root:[LiveCCWorker] Cleared cached video readers after inference
INFO:root:[LiveCCWorker] Loading LiveCCInfer (device_id=0)...
INFO:root:[LiveCCWorker] LiveCCInfer loaded. Took 15.55 s
INFO:root:[LiveCCWorker] Start LiveCC inference on: /home/miislab/livecc_gui/examples/wheelchair_short.mp4
INFO:root:[LiveCCWorker] Cleared cached video readers
INFO:root:[LiveCCWorker] Video ended
INFO:root:[LiveCCWorker] LiveCC inference finished. Took 24.97 s
INFO:root:[LiveCCWorker] Cleared cached video readers after inference
INFO:root:[LiveCCWorker] Start LiveCC inference on: /home/miislab/livecc_gui/examples/Taekwondo_1080p.mp4
INFO:root:[LiveCCWorker] Cleared cached video readers
INFO:root:[LiveCCWorker] Cleared cached video readers on stop request
INFO:root:[LiveCCWorker] Stop requested, breaking inference loop
INFO:root:[LiveCCWorker] LiveCC inference finished. Took 67.55 s
INFO:root:[LiveCCWorker] Cleared cached video readers after inference
INFO:root:[LiveCCWorker] Loading LiveCCInfer (device_id=0)...
INFO:root:[LiveCCWorker] LiveCCInfer loaded. Took 16.61 s
INFO:root:[LiveCCWorker] Start LiveCC inference on: /home/miislab/livecc_gui/examples/Taekwondo_1080p.mp4
INFO:root:[LiveCCWorker] Cleared cached video readers
ERROR:root:[LiveCCWorker] Error during inference
Traceback (most recent call last):
  File "/home/miislab/livecc_gui/src/miis_broadcast/workers/livecc.py", line 87, in runInference
    for (start_t, stop_t), response, state in self.livecc.live_cc(query, state):
  File "/home/miislab/livecc_gui/src/miis_broadcast/core/models/livecc_transformers.py", line 283, in live_cc
    outputs = self.model.generate(
  File "/home/miislab/miniforge3/envs/livecc_tts/lib/python3.10/site-packages/torch/utils/_contextlib.py", line 120, in decorate_context
    return func(*args, **kwargs)
  File "/home/miislab/miniforge3/envs/livecc_tts/lib/python3.10/site-packages/transformers/generation/utils.py", line 2514, in generate
    self._validate_generated_length(generation_config, input_ids_length, has_default_max_length)
  File "/home/miislab/miniforge3/envs/livecc_tts/lib/python3.10/site-packages/transformers/generation/utils.py", line 1617, in _validate_generated_length
    raise ValueError(
ValueError: Input length of input_ids is 33408, but `max_length` is set to 32768. This can lead to unexpected behavior. You should consider increasing `max_length` or, better yet, setting `max_new_tokens`.
INFO:root:[LiveCCWorker] Cleared cached video readers after inference
INFO:root:[LiveCCWorker] Cleared cached video readers on stop request
INFO:root:[LiveCCWorker] Loading LiveCCInfer (device_id=0)...
INFO:root:[LiveCCWorker] LiveCCInfer loaded. Took 16.17 s
INFO:root:[LiveCCWorker] Start LiveCC inference on: /home/miislab/livecc_gui/examples/wheelchair_short.mp4
INFO:root:[LiveCCWorker] Cleared cached video readers
INFO:root:[LiveCCWorker] Video ended
INFO:root:[LiveCCWorker] LiveCC inference finished. Took 24.15 s
INFO:root:[LiveCCWorker] Cleared cached video readers after inference
INFO:root:[LiveCCWorker] Start LiveCC inference on: /home/miislab/livecc_gui/examples/Taekwondo_1080p.mp4
INFO:root:[LiveCCWorker] Cleared cached video readers
ERROR:root:[LiveCCWorker] Error during inference
Traceback (most recent call last):
  File "/home/miislab/livecc_gui/src/miis_broadcast/workers/livecc.py", line 87, in runInference
    for (start_t, stop_t), response, state in self.livecc.live_cc(query, state):
  File "/home/miislab/livecc_gui/src/miis_broadcast/core/models/livecc_transformers.py", line 283, in live_cc
    outputs = self.model.generate(
  File "/home/miislab/miniforge3/envs/livecc_tts/lib/python3.10/site-packages/torch/utils/_contextlib.py", line 120, in decorate_context
    return func(*args, **kwargs)
  File "/home/miislab/miniforge3/envs/livecc_tts/lib/python3.10/site-packages/transformers/generation/utils.py", line 2514, in generate
    self._validate_generated_length(generation_config, input_ids_length, has_default_max_length)
  File "/home/miislab/miniforge3/envs/livecc_tts/lib/python3.10/site-packages/transformers/generation/utils.py", line 1617, in _validate_generated_length
    raise ValueError(
ValueError: Input length of input_ids is 33176, but `max_length` is set to 32768. This can lead to unexpected behavior. You should consider increasing `max_length` or, better yet, setting `max_new_tokens`.
INFO:root:[LiveCCWorker] Cleared cached video readers after inference
INFO:root:[LiveCCWorker] Cleared cached video readers on stop request
INFO:root:[LiveCCWorker] Loading LiveCCInfer (device_id=0)...
INFO:root:[LiveCCWorker] LiveCCInfer loaded. Took 15.04 s
INFO:root:[LiveCCWorker] Start LiveCC inference on: /home/miislab/livecc_gui/examples/wheelchair_short.mp4
INFO:root:[LiveCCWorker] Cleared cached video readers
INFO:root:[LiveCCWorker] Video ended
INFO:root:[LiveCCWorker] LiveCC inference finished. Took 24.98 s
INFO:root:[LiveCCWorker] Cleared cached video readers after inference
INFO:root:[LiveCCWorker] Start LiveCC inference on: /home/miislab/livecc_gui/examples/wheelchair_short.mp4
INFO:root:[LiveCCWorker] Cleared cached video readers
INFO:root:[LiveCCWorker] Video ended
INFO:root:[LiveCCWorker] LiveCC inference finished. Took 24.85 s
INFO:root:[LiveCCWorker] Cleared cached video readers after inference
INFO:root:[LiveCCWorker] Start LiveCC inference on: /home/miislab/livecc_gui/examples/wheelchair_short.mp4
INFO:root:[LiveCCWorker] Cleared cached video readers
INFO:root:[LiveCCWorker] Video ended
INFO:root:[LiveCCWorker] LiveCC inference finished. Took 25.41 s
INFO:root:[LiveCCWorker] Cleared cached video readers after inference
INFO:root:[LiveCCWorker] Start LiveCC inference on: /home/miislab/livecc_gui/examples/wheelchair_short.mp4
INFO:root:[LiveCCWorker] Cleared cached video readers
INFO:root:[LiveCCWorker] Video ended
INFO:root:[LiveCCWorker] LiveCC inference finished. Took 24.14 s
INFO:root:[LiveCCWorker] Cleared cached video readers after inference
INFO:root:[LiveCCWorker] Start LiveCC inference on: /home/miislab/livecc_gui/examples/basketball_1080p_02.mp4
INFO:root:[LiveCCWorker] Cleared cached video readers
INFO:root:[LiveCCWorker] Cleared cached video readers on stop request
INFO:root:[LiveCCWorker] Stop requested, breaking inference loop
INFO:root:[LiveCCWorker] LiveCC inference finished. Took 55.41 s
INFO:root:[LiveCCWorker] Cleared cached video readers after inference
INFO:root:[LiveCCWorker] Loading LiveCCInfer (device_id=0)...
INFO:root:[LiveCCWorker] LiveCCInfer loaded. Took 16.84 s
INFO:root:[LiveCCWorker] Start LiveCC inference on: /home/miislab/livecc_gui/examples/wheelchair_short.mp4
INFO:root:[LiveCCWorker] Cleared cached video readers
ERROR:root:[LiveCCWorker] Error during inference
Traceback (most recent call last):
  File "/home/miislab/livecc_gui/src/miis_broadcast/workers/livecc.py", line 87, in runInference
    for (start_t, stop_t), response, state in self.livecc.live_cc(query, state):
  File "/home/miislab/livecc_gui/src/miis_broadcast/core/models/livecc_transformers.py", line 212, in live_cc
    state["last_video_pts_index"] = clip_idxs[-1]
IndexError: list index out of range
INFO:root:[LiveCCWorker] Cleared cached video readers after inference
INFO:root:[LiveCCWorker] Start LiveCC inference on: /home/miislab/livecc_gui/examples/basketball_1080p_02.mp4
INFO:root:[LiveCCWorker] Cleared cached video readers
INFO:root:[LiveCCWorker] Cleared cached video readers on stop request
INFO:root:[LiveCCWorker] Stop requested, breaking inference loop
INFO:root:[LiveCCWorker] LiveCC inference finished. Took 39.73 s
INFO:root:[LiveCCWorker] Cleared cached video readers after inference
INFO:root:[LiveCCWorker] Loading LiveCCInfer (device_id=0)...
INFO:root:[LiveCCWorker] LiveCCInfer loaded. Took 15.06 s
INFO:root:[LiveCCWorker] Start LiveCC inference on: /home/miislab/livecc_gui/examples/wheelchair_short.mp4
INFO:root:[LiveCCWorker] Cleared cached video readers
INFO:root:[LiveCCWorker] Video ended
INFO:root:[LiveCCWorker] LiveCC inference finished. Took 25.28 s
INFO:root:[LiveCCWorker] Cleared cached video readers after inference
INFO:root:[LiveCCWorker] Start LiveCC inference on: /home/miislab/livecc_gui/examples/basketball_1080p_02.mp4
INFO:root:[LiveCCWorker] Cleared cached video readers
ERROR:root:[LiveCCWorker] Error during inference
Traceback (most recent call last):
  File "/home/miislab/livecc_gui/src/miis_broadcast/workers/livecc.py", line 87, in runInference
    for (start_t, stop_t), response, state in self.livecc.live_cc(query, state):
  File "/home/miislab/livecc_gui/src/miis_broadcast/core/models/livecc_transformers.py", line 283, in live_cc
    outputs = self.model.generate(
  File "/home/miislab/miniforge3/envs/livecc_tts/lib/python3.10/site-packages/torch/utils/_contextlib.py", line 120, in decorate_context
    return func(*args, **kwargs)
  File "/home/miislab/miniforge3/envs/livecc_tts/lib/python3.10/site-packages/transformers/generation/utils.py", line 2514, in generate
    self._validate_generated_length(generation_config, input_ids_length, has_default_max_length)
  File "/home/miislab/miniforge3/envs/livecc_tts/lib/python3.10/site-packages/transformers/generation/utils.py", line 1617, in _validate_generated_length
    raise ValueError(
ValueError: Input length of input_ids is 33218, but `max_length` is set to 32768. This can lead to unexpected behavior. You should consider increasing `max_length` or, better yet, setting `max_new_tokens`.
INFO:root:[LiveCCWorker] Cleared cached video readers after inference
INFO:root:[LiveCCWorker] Cleared cached video readers on stop request
INFO:root:[LiveCCWorker] Loading LiveCCInfer (device_id=0)...
INFO:root:[LiveCCWorker] LiveCCInfer loaded. Took 15.48 s
INFO:root:[LiveCCWorker] Start LiveCC inference on: /home/miislab/livecc_gui/examples/wheelchair_short.mp4
INFO:root:[LiveCCWorker] Cleared cached video readers
INFO:root:[LiveCCWorker] Video ended
INFO:root:[LiveCCWorker] LiveCC inference finished. Took 25.53 s
INFO:root:[LiveCCWorker] Cleared cached video readers after inference
INFO:root:[LiveCCWorker] Start LiveCC inference on: /home/miislab/livecc_gui/examples/Taekwondo_1080p.mp4
INFO:root:[LiveCCWorker] Cleared cached video readers
INFO:root:[LiveCCWorker] Cleared cached video readers on stop request
INFO:root:[LiveCCWorker] Stop requested, breaking inference loop
INFO:root:[LiveCCWorker] LiveCC inference finished. Took 19.38 s
INFO:root:[LiveCCWorker] Cleared cached video readers after inference
INFO:root:[LiveCCWorker] Loading LiveCCInfer (device_id=0)...
INFO:root:[LiveCCWorker] LiveCCInfer loaded. Took 16.35 s
INFO:root:[LiveCCWorker] Start LiveCC inference on: /home/miislab/livecc_gui/examples/basketball_1080p_02.mp4
INFO:root:[LiveCCWorker] Cleared cached video readers
INFO:root:[LiveCCWorker] Cleared cached video readers on stop request
INFO:root:[LiveCCWorker] Stop requested, breaking inference loop
INFO:root:[LiveCCWorker] LiveCC inference finished. Took 33.72 s
INFO:root:[LiveCCWorker] Cleared cached video readers after inference
INFO:root:[LiveCCWorker] Loading LiveCCInfer (device_id=0)...
INFO:root:[LiveCCWorker] LiveCCInfer loaded. Took 22.50 s
INFO:root:[LiveCCWorker] Start LiveCC inference on: /home/miislab/livecc_gui/examples/wheelchair_short.mp4
INFO:root:[LiveCCWorker] Cleared cached video readers
INFO:root:[LiveCCWorker] Cleared cached video readers on stop request
INFO:root:[LiveCCWorker] Stop requested, breaking inference loop
INFO:root:[LiveCCWorker] LiveCC inference finished. Took 20.37 s
INFO:root:[LiveCCWorker] Cleared cached video readers after inference
INFO:root:[LiveCCWorker] Loading LiveCCInfer (device_id=0)...
INFO:root:[LiveCCWorker] LiveCCInfer loaded. Took 14.07 s
INFO:root:[LiveCCWorker] Start LiveCC inference on: /home/miislab/livecc_gui/examples/wheelchair_short.mp4
INFO:root:[LiveCCWorker] Cleared cached video readers
INFO:root:[LiveCCWorker] Video ended
INFO:root:[LiveCCWorker] LiveCC inference finished. Took 24.68 s
INFO:root:[LiveCCWorker] Cleared cached video readers after inference
INFO:root:[LiveCCWorker] Cleared cached video readers on stop request
INFO:root:[LiveCCWorker] Loading LiveCCInfer (device_id=0)...
INFO:root:[LiveCCWorker] LiveCCInfer loaded. Took 15.73 s
INFO:root:[LiveCCWorker] Loading LiveCCInfer (device_id=0)...
INFO:root:[LiveCCCameraWorker] Loading LiveCC model (camera mode)...
INFO:root:[LiveCCCameraWorker] Model loaded in 23.53 seconds
INFO:root:[LiveCCWorker] LiveCCInfer loaded. Took 23.68 s
INFO:root:[LiveCCCameraWorker] Start camera inference loop
INFO:root:[LiveCCWorker] Cleared cached video readers on stop request
INFO:root:[LiveCCCameraWorker] Camera inference loop finished
INFO:root:[LiveCCWorker] Loading LiveCCInfer (device_id=0)...
INFO:root:[LiveCCCameraWorker] Loading LiveCC model (camera mode)...
INFO:root:[LiveCCWorker] LiveCCInfer loaded. Took 23.17 s
INFO:root:[LiveCCCameraWorker] Model loaded in 23.17 seconds
INFO:root:[LiveCCCameraWorker] Start camera inference loop
ERROR:root:[LiveCCCameraWorker] Error during camera inference
Traceback (most recent call last):
  File "/home/miislab/livecc_gui/src/miis_broadcast/workers/livecc.py", line 283, in runCameraInference
    for (start_ts, stop_ts), text, self._state in self.livecc.live_cc_from_frames(
AttributeError: 'LiveCCInfer' object has no attribute 'live_cc_from_frames'
INFO:root:[LiveCCCameraWorker] Camera inference loop finished
INFO:root:[LiveCCWorker] Cleared cached video readers on stop request
INFO:root:[LiveCCWorker] Loading LiveCCInfer (device_id=0)...
INFO:root:[LiveCCCameraWorker] Loading LiveCC model (camera mode)...
INFO:root:[LiveCCWorker] LiveCCInfer loaded. Took 19.21 s
INFO:root:[LiveCCCameraWorker] Model loaded in 19.22 seconds
INFO:root:[LiveCCCameraWorker] Start camera inference loop
ERROR:root:[LiveCCCameraWorker] Error during camera inference
Traceback (most recent call last):
  File "/home/miislab/livecc_gui/src/miis_broadcast/workers/livecc.py", line 283, in runCameraInference
    for (start_ts, stop_ts), text, self._state in self.livecc.live_cc_from_frames(
AttributeError: 'LiveCCInfer' object has no attribute 'live_cc_from_frames'
INFO:root:[LiveCCCameraWorker] Camera inference loop finished
INFO:root:[LiveCCWorker] Cleared cached video readers on stop request
INFO:root:[LiveCCWorker] Loading LiveCCInfer (device_id=0)...
INFO:root:[LiveCCCameraWorker] Loading LiveCC model (camera mode)...
INFO:root:[LiveCCCameraWorker] Model loaded in 15.33 seconds
ERROR:root:[LiveCCWorker] Error while loading LiveCC model
Traceback (most recent call last):
  File "/home/miislab/livecc_gui/src/miis_broadcast/workers/livecc.py", line 39, in loadModel
    self.livecc = LiveCCInfer(device_id=self.device_id)
  File "/home/miislab/livecc_gui/src/miis_broadcast/core/models/livecc_transformers.py", line 95, in __init__
    self.model = Qwen2VLForConditionalGeneration.from_pretrained(
  File "/home/miislab/miniforge3/envs/livecc/lib/python3.10/site-packages/transformers/modeling_utils.py", line 277, in _wrapper
    return func(*args, **kwargs)
  File "/home/miislab/miniforge3/envs/livecc/lib/python3.10/site-packages/transformers/modeling_utils.py", line 5140, in from_pretrained
    dispatch_model(model, **device_map_kwargs)
  File "/home/miislab/miniforge3/envs/livecc/lib/python3.10/site-packages/accelerate/big_modeling.py", line 502, in dispatch_model
    model.to(device)
  File "/home/miislab/miniforge3/envs/livecc/lib/python3.10/site-packages/transformers/modeling_utils.py", line 4343, in to
    return super().to(*args, **kwargs)
  File "/home/miislab/miniforge3/envs/livecc/lib/python3.10/site-packages/torch/nn/modules/module.py", line 1369, in to
    return self._apply(convert)
  File "/home/miislab/miniforge3/envs/livecc/lib/python3.10/site-packages/torch/nn/modules/module.py", line 928, in _apply
    module._apply(fn)
  File "/home/miislab/miniforge3/envs/livecc/lib/python3.10/site-packages/torch/nn/modules/module.py", line 928, in _apply
    module._apply(fn)
  File "/home/miislab/miniforge3/envs/livecc/lib/python3.10/site-packages/torch/nn/modules/module.py", line 928, in _apply
    module._apply(fn)
  [Previous line repeated 1 more time]
  File "/home/miislab/miniforge3/envs/livecc/lib/python3.10/site-packages/torch/nn/modules/module.py", line 955, in _apply
    param_applied = fn(param)
  File "/home/miislab/miniforge3/envs/livecc/lib/python3.10/site-packages/torch/nn/modules/module.py", line 1362, in convert
    raise NotImplementedError(
NotImplementedError: Cannot copy out of meta tensor; no data! Please use torch.nn.Module.to_empty() instead of torch.nn.Module.to() when moving module from meta to a different device.
INFO:root:[LiveCCCameraWorker] Start camera inference loop
INFO:root:[LiveCCCameraWorker] Camera inference loop finished
INFO:root:[LiveCCWorker] Loading LiveCCInfer (device_id=0)...
INFO:root:[LiveCCCameraWorker] Loading LiveCC model (camera mode)...
INFO:root:[LiveCCCameraWorker] Model loaded in 22.05 seconds
INFO:root:[LiveCCWorker] LiveCCInfer loaded. Took 22.06 s
INFO:root:[LiveCCCameraWorker] Start camera inference loop
INFO:root:[LiveCCWorker] Cleared cached video readers on stop request
INFO:root:[LiveCCCameraWorker] Camera inference loop finished
INFO:root:[LiveCCWorker] Loading LiveCCInfer (device_id=0)...
INFO:root:[LiveCCCameraWorker] Loading LiveCC model (camera mode)...
INFO:root:[LiveCCCameraWorker] Model loaded in 22.33 seconds
INFO:root:[LiveCCWorker] LiveCCInfer loaded. Took 22.34 s
INFO:root:[LiveCCCameraWorker] Start camera inference loop
INFO:root:[LiveCCWorker] Cleared cached video readers on stop request
ERROR:root:[LiveCCCameraWorker] Error during camera inference
Traceback (most recent call last):
  File "/home/miislab/livecc_gui/src/miis_broadcast/workers/livecc.py", line 283, in runCameraInference
    for (start_ts, stop_ts), text, self._state in self.livecc.live_cc_from_frames(
  File "/home/miislab/livecc_gui/src/miis_broadcast/core/models/livecc_transformers.py", line 410, in live_cc_from_frames
    outputs.sequences[0, inputs.input_ids.size(1) :],
AttributeError: 'dict' object has no attribute 'input_ids'
INFO:root:[LiveCCCameraWorker] Camera inference loop finished
INFO:root:[LiveCCWorker] Loading LiveCCInfer (device_id=0)...
INFO:root:[LiveCCCameraWorker] Loading LiveCC model (camera mode)...
INFO:root:[LiveCCWorker] LiveCCInfer loaded. Took 20.46 s
INFO:root:[LiveCCCameraWorker] Model loaded in 20.80 seconds
INFO:root:[LiveCCCameraWorker] Start camera inference loop
INFO:root:[LiveCCWorker] Cleared cached video readers on stop request
ERROR:root:[LiveCCCameraWorker] Error during camera inference
Traceback (most recent call last):
  File "/home/miislab/livecc_gui/src/miis_broadcast/workers/livecc.py", line 283, in runCameraInference
    for (start_ts, stop_ts), text, self._state in self.livecc.live_cc_from_frames(
  File "/home/miislab/livecc_gui/src/miis_broadcast/core/models/livecc_transformers.py", line 440, in live_cc_from_frames
    outputs.sequences[0, inputs.input_ids.size(1) :],
AttributeError: 'dict' object has no attribute 'input_ids'
INFO:root:[LiveCCCameraWorker] Camera inference loop finished
INFO:root:[LiveCCCameraWorker] Loading LiveCC model (camera mode)...
INFO:root:[LiveCCWorker] Loading LiveCCInfer (device_id=0)...
INFO:root:[LiveCCCameraWorker] Model loaded in 20.23 seconds
INFO:root:[LiveCCWorker] LiveCCInfer loaded. Took 20.28 s
INFO:root:[LiveCCCameraWorker] Start camera inference loop
INFO:root:[LiveCCWorker] Cleared cached video readers on stop request
INFO:root:[LiveCCCameraWorker] Camera inference loop finished
INFO:root:[LiveCCWorker] Loading LiveCCInfer (device_id=0)...
INFO:root:[LiveCCCameraWorker] Loading LiveCC model (camera mode)...
INFO:root:[LiveCCWorker] LiveCCInfer loaded. Took 20.34 s
INFO:root:[LiveCCCameraWorker] Model loaded in 20.75 seconds
INFO:root:[LiveCCCameraWorker] Start camera inference loop
INFO:root:[LiveCCWorker] Cleared cached video readers on stop request
INFO:root:[LiveCCCameraWorker] Camera inference loop finished
INFO:root:[LiveCCWorker] Loading LiveCCInfer (device_id=0)...
INFO:root:[LiveCCCameraWorker] Loading LiveCC model (camera mode)...
INFO:root:[LiveCCWorker] LiveCCInfer loaded. Took 17.21 s
ERROR:root:[LiveCCCameraWorker] Failed to load LiveCC (camera mode)
Traceback (most recent call last):
  File "/home/miislab/livecc_gui/src/miis_broadcast/workers/livecc.py", line 234, in loadModel
    self.livecc = LiveCCInfer(device_id=self.device_id)
  File "/home/miislab/livecc_gui/src/miis_broadcast/core/models/livecc_transformers.py", line 95, in __init__
    self.model = Qwen2VLForConditionalGeneration.from_pretrained(
  File "/home/miislab/miniforge3/envs/livecc/lib/python3.10/site-packages/transformers/modeling_utils.py", line 277, in _wrapper
    return func(*args, **kwargs)
  File "/home/miislab/miniforge3/envs/livecc/lib/python3.10/site-packages/transformers/modeling_utils.py", line 5140, in from_pretrained
    dispatch_model(model, **device_map_kwargs)
  File "/home/miislab/miniforge3/envs/livecc/lib/python3.10/site-packages/accelerate/big_modeling.py", line 502, in dispatch_model
    model.to(device)
  File "/home/miislab/miniforge3/envs/livecc/lib/python3.10/site-packages/transformers/modeling_utils.py", line 4343, in to
    return super().to(*args, **kwargs)
  File "/home/miislab/miniforge3/envs/livecc/lib/python3.10/site-packages/torch/nn/modules/module.py", line 1369, in to
    return self._apply(convert)
  File "/home/miislab/miniforge3/envs/livecc/lib/python3.10/site-packages/torch/nn/modules/module.py", line 928, in _apply
    module._apply(fn)
  File "/home/miislab/miniforge3/envs/livecc/lib/python3.10/site-packages/torch/nn/modules/module.py", line 928, in _apply
    module._apply(fn)
  File "/home/miislab/miniforge3/envs/livecc/lib/python3.10/site-packages/torch/nn/modules/module.py", line 928, in _apply
    module._apply(fn)
  [Previous line repeated 1 more time]
  File "/home/miislab/miniforge3/envs/livecc/lib/python3.10/site-packages/torch/nn/modules/module.py", line 955, in _apply
    param_applied = fn(param)
  File "/home/miislab/miniforge3/envs/livecc/lib/python3.10/site-packages/torch/nn/modules/module.py", line 1362, in convert
    raise NotImplementedError(
NotImplementedError: Cannot copy out of meta tensor; no data! Please use torch.nn.Module.to_empty() instead of torch.nn.Module.to() when moving module from meta to a different device.
INFO:root:[LiveCCWorker] Cleared cached video readers on stop request
INFO:root:[LiveCCCameraWorker] Start camera inference loop
INFO:root:[LiveCCWorker] Cleared cached video readers on stop request
INFO:root:[LiveCCCameraWorker] Camera inference loop finished
INFO:root:[LiveCCCameraWorker] Start camera inference loop
ERROR:root:[LiveCCCameraWorker] Error during camera inference
Traceback (most recent call last):
  File "/home/miislab/livecc_gui/src/miis_broadcast/workers/livecc.py", line 283, in runCameraInference
    for (start_ts, stop_ts), text, self._state in self.livecc.live_cc_from_frames(
  File "/home/miislab/livecc_gui/src/miis_broadcast/core/models/livecc_transformers.py", line 386, in live_cc_from_frames
    outputs = self.model.generate(
  File "/home/miislab/miniforge3/envs/livecc/lib/python3.10/site-packages/torch/utils/_contextlib.py", line 120, in decorate_context
    return func(*args, **kwargs)
  File "/home/miislab/miniforge3/envs/livecc/lib/python3.10/site-packages/transformers/generation/utils.py", line 2514, in generate
    self._validate_generated_length(generation_config, input_ids_length, has_default_max_length)
  File "/home/miislab/miniforge3/envs/livecc/lib/python3.10/site-packages/transformers/generation/utils.py", line 1617, in _validate_generated_length
    raise ValueError(
ValueError: Input length of input_ids is 33721, but `max_length` is set to 32768. This can lead to unexpected behavior. You should consider increasing `max_length` or, better yet, setting `max_new_tokens`.
INFO:root:[LiveCCCameraWorker] Camera inference loop finished
INFO:root:[LiveCCWorker] Cleared cached video readers on stop request
INFO:root:[LiveCCWorker] Start LiveCC inference on: /home/miislab/livecc_gui/examples/basketball_1080p.mp4
INFO:root:[LiveCCWorker] Cleared cached video readers
ERROR:root:[LiveCCWorker] Error during inference
Traceback (most recent call last):
  File "/home/miislab/livecc_gui/src/miis_broadcast/workers/livecc.py", line 87, in runInference
    for (start_t, stop_t), response, state in self.livecc.live_cc(query, state):
  File "/home/miislab/livecc_gui/src/miis_broadcast/core/models/livecc_transformers.py", line 283, in live_cc
    outputs = self.model.generate(
  File "/home/miislab/miniforge3/envs/livecc/lib/python3.10/site-packages/torch/utils/_contextlib.py", line 120, in decorate_context
    return func(*args, **kwargs)
  File "/home/miislab/miniforge3/envs/livecc/lib/python3.10/site-packages/transformers/generation/utils.py", line 2514, in generate
    self._validate_generated_length(generation_config, input_ids_length, has_default_max_length)
  File "/home/miislab/miniforge3/envs/livecc/lib/python3.10/site-packages/transformers/generation/utils.py", line 1617, in _validate_generated_length
    raise ValueError(
ValueError: Input length of input_ids is 32833, but `max_length` is set to 32768. This can lead to unexpected behavior. You should consider increasing `max_length` or, better yet, setting `max_new_tokens`.
INFO:root:[LiveCCWorker] Cleared cached video readers after inference
INFO:root:[LiveCCCameraWorker] Start camera inference loop
INFO:root:[LiveCCWorker] Cleared cached video readers on stop request
INFO:root:[LiveCCCameraWorker] Camera inference loop finished
INFO:root:[LiveCCCameraWorker] Start camera inference loop
INFO:root:[LiveCCWorker] Cleared cached video readers on stop request
INFO:root:[LiveCCCameraWorker] Camera inference loop finished
INFO:root:[LiveCCCameraWorker] Start camera inference loop
INFO:root:[LiveCCWorker] Cleared cached video readers on stop request
INFO:root:[LiveCCCameraWorker] Camera inference loop finished
INFO:root:[LiveCCCameraWorker] Start camera inference loop
INFO:root:[LiveCCWorker] Cleared cached video readers on stop request
INFO:root:[LiveCCCameraWorker] Camera inference loop finished
INFO:root:[LiveCCCameraWorker] Start camera inference loop
ERROR:root:[LiveCCCameraWorker] Error during camera inference
Traceback (most recent call last):
  File "/home/miislab/livecc_gui/src/miis_broadcast/workers/livecc.py", line 288, in runCameraInference
    for (start_ts, stop_ts), text, self._state in self.livecc.live_cc_from_frames(
  File "/home/miislab/livecc_gui/src/miis_broadcast/core/models/livecc_transformers.py", line 387, in live_cc_from_frames
    logging.warning(f"[LiveCC] Input too long ({input_length} tokens), clearing past context")
NameError: name 'logging' is not defined
INFO:root:[LiveCCCameraWorker] Camera inference loop finished
INFO:root:[LiveCCWorker] Cleared cached video readers on stop request
INFO:root:[LiveCCCameraWorker] Start camera inference loop
ERROR:root:[LiveCCCameraWorker] Error during camera inference
Traceback (most recent call last):
  File "/home/miislab/livecc_gui/src/miis_broadcast/workers/livecc.py", line 288, in runCameraInference
    for (start_ts, stop_ts), text, self._state in self.livecc.live_cc_from_frames(
  File "/home/miislab/livecc_gui/src/miis_broadcast/core/models/livecc_transformers.py", line 387, in live_cc_from_frames
    logging.warning(f"[LiveCC] Input too long ({input_length} tokens), clearing past context")
NameError: name 'logging' is not defined
INFO:root:[LiveCCCameraWorker] Camera inference loop finished
INFO:root:[LiveCCWorker] Cleared cached video readers on stop request
INFO:root:[LiveCCCameraWorker] Start camera inference loop
INFO:root:[LiveCCWorker] Cleared cached video readers on stop request
INFO:root:[LiveCCCameraWorker] Camera inference loop finished
INFO:root:[LiveCCCameraWorker] Start camera inference loop
WARNING:root:[LiveCC] Input too long (31029 tokens), clearing past context
ERROR:root:[LiveCCCameraWorker] Error during camera inference
Traceback (most recent call last):
  File "/home/miislab/livecc_gui/src/miis_broadcast/workers/livecc.py", line 289, in runCameraInference
    for (start_ts, stop_ts), text, self._state in self.livecc.live_cc_from_frames(
  File "/home/miislab/livecc_gui/src/miis_broadcast/core/models/livecc_transformers.py", line 395, in live_cc_from_frames
    outputs = self.model.generate(
  File "/home/miislab/miniforge3/envs/livecc/lib/python3.10/site-packages/torch/utils/_contextlib.py", line 120, in decorate_context
    return func(*args, **kwargs)
  File "/home/miislab/miniforge3/envs/livecc/lib/python3.10/site-packages/transformers/generation/utils.py", line 2564, in generate
    result = decoding_method(
  File "/home/miislab/miniforge3/envs/livecc/lib/python3.10/site-packages/transformers/generation/utils.py", line 2784, in _sample
    outputs = self(**model_inputs, return_dict=True)
  File "/home/miislab/miniforge3/envs/livecc/lib/python3.10/site-packages/torch/nn/modules/module.py", line 1773, in _wrapped_call_impl
    return self._call_impl(*args, **kwargs)
  File "/home/miislab/miniforge3/envs/livecc/lib/python3.10/site-packages/torch/nn/modules/module.py", line 1784, in _call_impl
    return forward_call(*args, **kwargs)
  File "/home/miislab/miniforge3/envs/livecc/lib/python3.10/site-packages/transformers/utils/generic.py", line 918, in wrapper
    output = func(self, *args, **kwargs)
  File "/home/miislab/miniforge3/envs/livecc/lib/python3.10/site-packages/transformers/models/qwen2_vl/modeling_qwen2_vl.py", line 1356, in forward
    outputs = self.model(
  File "/home/miislab/miniforge3/envs/livecc/lib/python3.10/site-packages/torch/nn/modules/module.py", line 1773, in _wrapped_call_impl
    return self._call_impl(*args, **kwargs)
  File "/home/miislab/miniforge3/envs/livecc/lib/python3.10/site-packages/torch/nn/modules/module.py", line 1784, in _call_impl
    return forward_call(*args, **kwargs)
  File "/home/miislab/miniforge3/envs/livecc/lib/python3.10/site-packages/transformers/models/qwen2_vl/modeling_qwen2_vl.py", line 1197, in forward
    _, video_mask = self.get_placeholder_mask(
  File "/home/miislab/miniforge3/envs/livecc/lib/python3.10/site-packages/transformers/models/qwen2_vl/modeling_qwen2_vl.py", line 1142, in get_placeholder_mask
    raise ValueError(
ValueError: Videos features and video tokens do not match: tokens: 30107, features 1564
INFO:root:[LiveCCCameraWorker] Camera inference loop finished
INFO:root:[LiveCCWorker] Cleared cached video readers on stop request
INFO:root:[LiveCCCameraWorker] Start camera inference loop
WARNING:root:[LiveCC] Input too long (30348 tokens), clearing past context
ERROR:root:[LiveCCCameraWorker] Error during camera inference
Traceback (most recent call last):
  File "/home/miislab/livecc_gui/src/miis_broadcast/workers/livecc.py", line 289, in runCameraInference
    for (start_ts, stop_ts), text, self._state in self.livecc.live_cc_from_frames(
  File "/home/miislab/livecc_gui/src/miis_broadcast/core/models/livecc_transformers.py", line 395, in live_cc_from_frames
    outputs = self.model.generate(
  File "/home/miislab/miniforge3/envs/livecc/lib/python3.10/site-packages/torch/utils/_contextlib.py", line 120, in decorate_context
    return func(*args, **kwargs)
  File "/home/miislab/miniforge3/envs/livecc/lib/python3.10/site-packages/transformers/generation/utils.py", line 2564, in generate
    result = decoding_method(
  File "/home/miislab/miniforge3/envs/livecc/lib/python3.10/site-packages/transformers/generation/utils.py", line 2784, in _sample
    outputs = self(**model_inputs, return_dict=True)
  File "/home/miislab/miniforge3/envs/livecc/lib/python3.10/site-packages/torch/nn/modules/module.py", line 1773, in _wrapped_call_impl
    return self._call_impl(*args, **kwargs)
  File "/home/miislab/miniforge3/envs/livecc/lib/python3.10/site-packages/torch/nn/modules/module.py", line 1784, in _call_impl
    return forward_call(*args, **kwargs)
  File "/home/miislab/miniforge3/envs/livecc/lib/python3.10/site-packages/transformers/utils/generic.py", line 918, in wrapper
    output = func(self, *args, **kwargs)
  File "/home/miislab/miniforge3/envs/livecc/lib/python3.10/site-packages/transformers/models/qwen2_vl/modeling_qwen2_vl.py", line 1356, in forward
    outputs = self.model(
  File "/home/miislab/miniforge3/envs/livecc/lib/python3.10/site-packages/torch/nn/modules/module.py", line 1773, in _wrapped_call_impl
    return self._call_impl(*args, **kwargs)
  File "/home/miislab/miniforge3/envs/livecc/lib/python3.10/site-packages/torch/nn/modules/module.py", line 1784, in _call_impl
    return forward_call(*args, **kwargs)
  File "/home/miislab/miniforge3/envs/livecc/lib/python3.10/site-packages/transformers/models/qwen2_vl/modeling_qwen2_vl.py", line 1197, in forward
    _, video_mask = self.get_placeholder_mask(
  File "/home/miislab/miniforge3/envs/livecc/lib/python3.10/site-packages/transformers/models/qwen2_vl/modeling_qwen2_vl.py", line 1142, in get_placeholder_mask
    raise ValueError(
ValueError: Videos features and video tokens do not match: tokens: 29716, features 1955
INFO:root:[LiveCCCameraWorker] Camera inference loop finished
INFO:root:[LiveCCWorker] Cleared cached video readers on stop request
INFO:root:[LiveCCCameraWorker] Start camera inference loop
INFO:root:[LiveCCWorker] Cleared cached video readers on stop request
INFO:root:[LiveCCCameraWorker] Camera inference loop finished
INFO:root:[LiveCCCameraWorker] Start camera inference loop
WARNING:root:[LiveCC] Input too long (30032 tokens), clearing past context
ERROR:root:[LiveCCCameraWorker] Error during camera inference
Traceback (most recent call last):
  File "/home/miislab/livecc_gui/src/miis_broadcast/workers/livecc.py", line 289, in runCameraInference
    for (start_ts, stop_ts), text, self._state in self.livecc.live_cc_from_frames(
  File "/home/miislab/livecc_gui/src/miis_broadcast/core/models/livecc_transformers.py", line 395, in live_cc_from_frames
    outputs = self.model.generate(
  File "/home/miislab/miniforge3/envs/livecc/lib/python3.10/site-packages/torch/utils/_contextlib.py", line 120, in decorate_context
    return func(*args, **kwargs)
  File "/home/miislab/miniforge3/envs/livecc/lib/python3.10/site-packages/transformers/generation/utils.py", line 2564, in generate
    result = decoding_method(
  File "/home/miislab/miniforge3/envs/livecc/lib/python3.10/site-packages/transformers/generation/utils.py", line 2784, in _sample
    outputs = self(**model_inputs, return_dict=True)
  File "/home/miislab/miniforge3/envs/livecc/lib/python3.10/site-packages/torch/nn/modules/module.py", line 1773, in _wrapped_call_impl
    return self._call_impl(*args, **kwargs)
  File "/home/miislab/miniforge3/envs/livecc/lib/python3.10/site-packages/torch/nn/modules/module.py", line 1784, in _call_impl
    return forward_call(*args, **kwargs)
  File "/home/miislab/miniforge3/envs/livecc/lib/python3.10/site-packages/transformers/utils/generic.py", line 918, in wrapper
    output = func(self, *args, **kwargs)
  File "/home/miislab/miniforge3/envs/livecc/lib/python3.10/site-packages/transformers/models/qwen2_vl/modeling_qwen2_vl.py", line 1356, in forward
    outputs = self.model(
  File "/home/miislab/miniforge3/envs/livecc/lib/python3.10/site-packages/torch/nn/modules/module.py", line 1773, in _wrapped_call_impl
    return self._call_impl(*args, **kwargs)
  File "/home/miislab/miniforge3/envs/livecc/lib/python3.10/site-packages/torch/nn/modules/module.py", line 1784, in _call_impl
    return forward_call(*args, **kwargs)
  File "/home/miislab/miniforge3/envs/livecc/lib/python3.10/site-packages/transformers/models/qwen2_vl/modeling_qwen2_vl.py", line 1197, in forward
    _, video_mask = self.get_placeholder_mask(
  File "/home/miislab/miniforge3/envs/livecc/lib/python3.10/site-packages/transformers/models/qwen2_vl/modeling_qwen2_vl.py", line 1142, in get_placeholder_mask
    raise ValueError(
ValueError: Videos features and video tokens do not match: tokens: 29325, features 1955
INFO:root:[LiveCCCameraWorker] Camera inference loop finished
INFO:root:[LiveCCWorker] Cleared cached video readers on stop request
INFO:root:[LiveCCCameraWorker] Start camera inference loop
ERROR:root:[LiveCCCameraWorker] Error during camera inference
Traceback (most recent call last):
  File "/home/miislab/livecc_gui/src/miis_broadcast/workers/livecc.py", line 289, in runCameraInference
    for (start_ts, stop_ts), text, self._state in self.livecc.live_cc_from_frames(
  File "/home/miislab/livecc_gui/src/miis_broadcast/core/models/livecc_transformers.py", line 395, in live_cc_from_frames
    outputs = self.model.generate(
  File "/home/miislab/miniforge3/envs/livecc/lib/python3.10/site-packages/torch/utils/_contextlib.py", line 120, in decorate_context
    return func(*args, **kwargs)
  File "/home/miislab/miniforge3/envs/livecc/lib/python3.10/site-packages/transformers/generation/utils.py", line 2564, in generate
    result = decoding_method(
  File "/home/miislab/miniforge3/envs/livecc/lib/python3.10/site-packages/transformers/generation/utils.py", line 2781, in _sample
    model_inputs = self.prepare_inputs_for_generation(input_ids, **model_kwargs)
  File "/home/miislab/miniforge3/envs/livecc/lib/python3.10/site-packages/livecc_utils/generation_patch.py", line 19, in prepare_multiturn_multimodal_inputs_for_generation
    model_inputs = super(self.__class__, self).prepare_inputs_for_generation(
  File "/home/miislab/miniforge3/envs/livecc/lib/python3.10/site-packages/transformers/generation/utils.py", line 574, in prepare_inputs_for_generation
    inputs_embeds, input_ids = self._cache_dependant_input_preparation(
  File "/home/miislab/miniforge3/envs/livecc/lib/python3.10/site-packages/transformers/generation/utils.py", line 476, in _cache_dependant_input_preparation
    or (cache_position[-1] >= input_ids.shape[1])  # Exception 3
IndexError: index -1 is out of bounds for dimension 0 with size 0
INFO:root:[LiveCCCameraWorker] Camera inference loop finished
INFO:root:[LiveCCWorker] Cleared cached video readers on stop request
INFO:root:[LiveCCCameraWorker] Start camera inference loop
ERROR:root:[LiveCCCameraWorker] Error during camera inference
Traceback (most recent call last):
  File "/home/miislab/livecc_gui/src/miis_broadcast/workers/livecc.py", line 289, in runCameraInference
    for (start_ts, stop_ts), text, self._state in self.livecc.live_cc_from_frames(
  File "/home/miislab/livecc_gui/src/miis_broadcast/core/models/livecc_transformers.py", line 395, in live_cc_from_frames
    outputs = self.model.generate(
  File "/home/miislab/miniforge3/envs/livecc/lib/python3.10/site-packages/torch/utils/_contextlib.py", line 120, in decorate_context
    return func(*args, **kwargs)
  File "/home/miislab/miniforge3/envs/livecc/lib/python3.10/site-packages/transformers/generation/utils.py", line 2564, in generate
    result = decoding_method(
  File "/home/miislab/miniforge3/envs/livecc/lib/python3.10/site-packages/transformers/generation/utils.py", line 2784, in _sample
    outputs = self(**model_inputs, return_dict=True)
  File "/home/miislab/miniforge3/envs/livecc/lib/python3.10/site-packages/torch/nn/modules/module.py", line 1773, in _wrapped_call_impl
    return self._call_impl(*args, **kwargs)
  File "/home/miislab/miniforge3/envs/livecc/lib/python3.10/site-packages/torch/nn/modules/module.py", line 1784, in _call_impl
    return forward_call(*args, **kwargs)
  File "/home/miislab/miniforge3/envs/livecc/lib/python3.10/site-packages/transformers/utils/generic.py", line 918, in wrapper
    output = func(self, *args, **kwargs)
  File "/home/miislab/miniforge3/envs/livecc/lib/python3.10/site-packages/transformers/models/qwen2_vl/modeling_qwen2_vl.py", line 1356, in forward
    outputs = self.model(
  File "/home/miislab/miniforge3/envs/livecc/lib/python3.10/site-packages/torch/nn/modules/module.py", line 1773, in _wrapped_call_impl
    return self._call_impl(*args, **kwargs)
  File "/home/miislab/miniforge3/envs/livecc/lib/python3.10/site-packages/torch/nn/modules/module.py", line 1784, in _call_impl
    return forward_call(*args, **kwargs)
  File "/home/miislab/miniforge3/envs/livecc/lib/python3.10/site-packages/transformers/models/qwen2_vl/modeling_qwen2_vl.py", line 1197, in forward
    _, video_mask = self.get_placeholder_mask(
  File "/home/miislab/miniforge3/envs/livecc/lib/python3.10/site-packages/transformers/models/qwen2_vl/modeling_qwen2_vl.py", line 1142, in get_placeholder_mask
    raise ValueError(
ValueError: Videos features and video tokens do not match: tokens: 3910, features 1955
INFO:root:[LiveCCCameraWorker] Camera inference loop finished
INFO:root:[LiveCCWorker] Cleared cached video readers on stop request
INFO:root:[LiveCCWorker] Start LiveCC inference on: /home/miislab/livecc_gui/examples/basketball_1080p.mp4
INFO:root:[LiveCCWorker] Cleared cached video readers
ERROR:root:[LiveCCWorker] Error during inference
Traceback (most recent call last):
  File "/home/miislab/livecc_gui/src/miis_broadcast/workers/livecc.py", line 87, in runInference
    for (start_t, stop_t), response, state in self.livecc.live_cc(query, state):
  File "/home/miislab/livecc_gui/src/miis_broadcast/core/models/livecc_transformers.py", line 285, in live_cc
    outputs = self.model.generate(
  File "/home/miislab/miniforge3/envs/livecc/lib/python3.10/site-packages/torch/utils/_contextlib.py", line 120, in decorate_context
    return func(*args, **kwargs)
  File "/home/miislab/miniforge3/envs/livecc/lib/python3.10/site-packages/transformers/generation/utils.py", line 2514, in generate
    self._validate_generated_length(generation_config, input_ids_length, has_default_max_length)
  File "/home/miislab/miniforge3/envs/livecc/lib/python3.10/site-packages/transformers/generation/utils.py", line 1617, in _validate_generated_length
    raise ValueError(
ValueError: Input length of input_ids is 33246, but `max_length` is set to 32768. This can lead to unexpected behavior. You should consider increasing `max_length` or, better yet, setting `max_new_tokens`.
INFO:root:[LiveCCWorker] Cleared cached video readers after inference
INFO:root:[LiveCCWorker] Cleared cached video readers on stop request
INFO:root:[LiveCCWorker] Cleared cached video readers on stop request
INFO:root:[LiveCCCameraWorker] Start camera inference loop
ERROR:root:[LiveCCCameraWorker] Error during camera inference
Traceback (most recent call last):
  File "/home/miislab/livecc_gui/src/miis_broadcast/workers/livecc.py", line 289, in runCameraInference
    for (start_ts, stop_ts), text, self._state in self.livecc.live_cc_from_frames(
  File "/home/miislab/livecc_gui/src/miis_broadcast/core/models/livecc_transformers.py", line 301, in live_cc_from_frames
    outputs = self.model.generate(
  File "/home/miislab/miniforge3/envs/livecc/lib/python3.10/site-packages/torch/utils/_contextlib.py", line 120, in decorate_context
    return func(*args, **kwargs)
  File "/home/miislab/miniforge3/envs/livecc/lib/python3.10/site-packages/transformers/generation/utils.py", line 2564, in generate
    result = decoding_method(
  File "/home/miislab/miniforge3/envs/livecc/lib/python3.10/site-packages/transformers/generation/utils.py", line 2781, in _sample
    model_inputs = self.prepare_inputs_for_generation(input_ids, **model_kwargs)
  File "/home/miislab/miniforge3/envs/livecc/lib/python3.10/site-packages/livecc_utils/generation_patch.py", line 19, in prepare_multiturn_multimodal_inputs_for_generation
    model_inputs = super(self.__class__, self).prepare_inputs_for_generation(
  File "/home/miislab/miniforge3/envs/livecc/lib/python3.10/site-packages/transformers/generation/utils.py", line 574, in prepare_inputs_for_generation
    inputs_embeds, input_ids = self._cache_dependant_input_preparation(
  File "/home/miislab/miniforge3/envs/livecc/lib/python3.10/site-packages/transformers/generation/utils.py", line 476, in _cache_dependant_input_preparation
    or (cache_position[-1] >= input_ids.shape[1])  # Exception 3
IndexError: index -1 is out of bounds for dimension 0 with size 0
INFO:root:[LiveCCCameraWorker] Camera inference loop finished
INFO:root:[LiveCCWorker] Cleared cached video readers on stop request
INFO:root:[LiveCCWorker] Start LiveCC inference on: /home/miislab/livecc_gui/examples/basketball_1080p.mp4
INFO:root:[LiveCCWorker] Cleared cached video readers
ERROR:root:[LiveCCWorker] Error during inference
Traceback (most recent call last):
  File "/home/miislab/livecc_gui/src/miis_broadcast/workers/livecc.py", line 87, in runInference
    for (start_t, stop_t), response, state in self.livecc.live_cc(query, state):
  File "/home/miislab/livecc_gui/src/miis_broadcast/core/models/livecc_transformers.py", line 285, in live_cc
    outputs = self.model.generate(
  File "/home/miislab/miniforge3/envs/livecc/lib/python3.10/site-packages/torch/utils/_contextlib.py", line 120, in decorate_context
    return func(*args, **kwargs)
  File "/home/miislab/miniforge3/envs/livecc/lib/python3.10/site-packages/transformers/generation/utils.py", line 2514, in generate
    self._validate_generated_length(generation_config, input_ids_length, has_default_max_length)
  File "/home/miislab/miniforge3/envs/livecc/lib/python3.10/site-packages/transformers/generation/utils.py", line 1617, in _validate_generated_length
    raise ValueError(
ValueError: Input length of input_ids is 32875, but `max_length` is set to 32768. This can lead to unexpected behavior. You should consider increasing `max_length` or, better yet, setting `max_new_tokens`.
INFO:root:[LiveCCWorker] Cleared cached video readers after inference
INFO:root:[LiveCCWorker] Cleared cached video readers on stop request
INFO:root:[LiveCCCameraWorker] Start camera inference loop
WARNING:root:[LiveCC] Input too long (30458 tokens), clearing past context
ERROR:root:[LiveCCCameraWorker] Error during camera inference
Traceback (most recent call last):
  File "/home/miislab/livecc_gui/src/miis_broadcast/workers/livecc.py", line 289, in runCameraInference
    for (start_ts, stop_ts), text, self._state in self.livecc.live_cc_from_frames(
  File "/home/miislab/livecc_gui/src/miis_broadcast/core/models/livecc_transformers.py", line 395, in live_cc_from_frames
    outputs = self.model.generate(
  File "/home/miislab/miniforge3/envs/livecc/lib/python3.10/site-packages/torch/utils/_contextlib.py", line 120, in decorate_context
    return func(*args, **kwargs)
  File "/home/miislab/miniforge3/envs/livecc/lib/python3.10/site-packages/transformers/generation/utils.py", line 2564, in generate
    result = decoding_method(
  File "/home/miislab/miniforge3/envs/livecc/lib/python3.10/site-packages/transformers/generation/utils.py", line 2784, in _sample
    outputs = self(**model_inputs, return_dict=True)
  File "/home/miislab/miniforge3/envs/livecc/lib/python3.10/site-packages/torch/nn/modules/module.py", line 1773, in _wrapped_call_impl
    return self._call_impl(*args, **kwargs)
  File "/home/miislab/miniforge3/envs/livecc/lib/python3.10/site-packages/torch/nn/modules/module.py", line 1784, in _call_impl
    return forward_call(*args, **kwargs)
  File "/home/miislab/miniforge3/envs/livecc/lib/python3.10/site-packages/transformers/utils/generic.py", line 918, in wrapper
    output = func(self, *args, **kwargs)
  File "/home/miislab/miniforge3/envs/livecc/lib/python3.10/site-packages/transformers/models/qwen2_vl/modeling_qwen2_vl.py", line 1356, in forward
    outputs = self.model(
  File "/home/miislab/miniforge3/envs/livecc/lib/python3.10/site-packages/torch/nn/modules/module.py", line 1773, in _wrapped_call_impl
    return self._call_impl(*args, **kwargs)
  File "/home/miislab/miniforge3/envs/livecc/lib/python3.10/site-packages/torch/nn/modules/module.py", line 1784, in _call_impl
    return forward_call(*args, **kwargs)
  File "/home/miislab/miniforge3/envs/livecc/lib/python3.10/site-packages/transformers/models/qwen2_vl/modeling_qwen2_vl.py", line 1197, in forward
    _, video_mask = self.get_placeholder_mask(
  File "/home/miislab/miniforge3/envs/livecc/lib/python3.10/site-packages/transformers/models/qwen2_vl/modeling_qwen2_vl.py", line 1142, in get_placeholder_mask
    raise ValueError(
ValueError: Videos features and video tokens do not match: tokens: 29716, features 1955
INFO:root:[LiveCCCameraWorker] Camera inference loop finished
INFO:root:[LiveCCWorker] Cleared cached video readers on stop request
INFO:root:[LiveCCCameraWorker] Start camera inference loop
ERROR:root:[LiveCCCameraWorker] Error during camera inference
Traceback (most recent call last):
  File "/home/miislab/livecc_gui/src/miis_broadcast/workers/livecc.py", line 289, in runCameraInference
    for (start_ts, stop_ts), text, self._state in self.livecc.live_cc_from_frames(
TypeError: LiveCCInfer.live_cc_from_frames() got an unexpected keyword argument 'query'
INFO:root:[LiveCCCameraWorker] Camera inference loop finished
INFO:root:[LiveCCWorker] Cleared cached video readers on stop request
INFO:root:[LiveCCCameraWorker] Start camera inference loop
ERROR:root:[LiveCCCameraWorker] Error during camera inference
Traceback (most recent call last):
  File "/home/miislab/livecc_gui/src/miis_broadcast/workers/livecc.py", line 289, in runCameraInference
    for (start_ts, stop_ts), text, self._state in self.livecc.live_cc_from_frames(
  File "/home/miislab/livecc_gui/src/miis_broadcast/core/models/livecc_transformers.py", line 411, in live_cc_from_frames
    outputs = self.model.generate(
  File "/home/miislab/miniforge3/envs/livecc/lib/python3.10/site-packages/torch/utils/_contextlib.py", line 120, in decorate_context
    return func(*args, **kwargs)
  File "/home/miislab/miniforge3/envs/livecc/lib/python3.10/site-packages/transformers/generation/utils.py", line 2564, in generate
    result = decoding_method(
  File "/home/miislab/miniforge3/envs/livecc/lib/python3.10/site-packages/transformers/generation/utils.py", line 2781, in _sample
    model_inputs = self.prepare_inputs_for_generation(input_ids, **model_kwargs)
  File "/home/miislab/miniforge3/envs/livecc/lib/python3.10/site-packages/livecc_utils/generation_patch.py", line 19, in prepare_multiturn_multimodal_inputs_for_generation
    model_inputs = super(self.__class__, self).prepare_inputs_for_generation(
  File "/home/miislab/miniforge3/envs/livecc/lib/python3.10/site-packages/transformers/generation/utils.py", line 574, in prepare_inputs_for_generation
    inputs_embeds, input_ids = self._cache_dependant_input_preparation(
  File "/home/miislab/miniforge3/envs/livecc/lib/python3.10/site-packages/transformers/generation/utils.py", line 476, in _cache_dependant_input_preparation
    or (cache_position[-1] >= input_ids.shape[1])  # Exception 3
IndexError: index -1 is out of bounds for dimension 0 with size 0
INFO:root:[LiveCCCameraWorker] Camera inference loop finished
INFO:root:[LiveCCWorker] Cleared cached video readers on stop request
INFO:root:[LiveCCCameraWorker] Start camera inference loop
ERROR:root:[LiveCCCameraWorker] Error during camera inference
Traceback (most recent call last):
  File "/home/miislab/livecc_gui/src/miis_broadcast/workers/livecc.py", line 289, in runCameraInference
    for (start_ts, stop_ts), text, self._state in self.livecc.live_cc_from_frames(
  File "/home/miislab/livecc_gui/src/miis_broadcast/core/models/livecc_transformers.py", line 411, in live_cc_from_frames
    outputs = self.model.generate(
  File "/home/miislab/miniforge3/envs/livecc/lib/python3.10/site-packages/torch/utils/_contextlib.py", line 120, in decorate_context
    return func(*args, **kwargs)
  File "/home/miislab/miniforge3/envs/livecc/lib/python3.10/site-packages/transformers/generation/utils.py", line 2564, in generate
    result = decoding_method(
  File "/home/miislab/miniforge3/envs/livecc/lib/python3.10/site-packages/transformers/generation/utils.py", line 2781, in _sample
    model_inputs = self.prepare_inputs_for_generation(input_ids, **model_kwargs)
  File "/home/miislab/miniforge3/envs/livecc/lib/python3.10/site-packages/livecc_utils/generation_patch.py", line 19, in prepare_multiturn_multimodal_inputs_for_generation
    model_inputs = super(self.__class__, self).prepare_inputs_for_generation(
  File "/home/miislab/miniforge3/envs/livecc/lib/python3.10/site-packages/transformers/generation/utils.py", line 574, in prepare_inputs_for_generation
    inputs_embeds, input_ids = self._cache_dependant_input_preparation(
  File "/home/miislab/miniforge3/envs/livecc/lib/python3.10/site-packages/transformers/generation/utils.py", line 476, in _cache_dependant_input_preparation
    or (cache_position[-1] >= input_ids.shape[1])  # Exception 3
IndexError: index -1 is out of bounds for dimension 0 with size 0
INFO:root:[LiveCCCameraWorker] Camera inference loop finished
INFO:root:[LiveCCWorker] Start LiveCC inference on: /home/miislab/livecc_gui/examples/basketball_1080p.mp4
INFO:root:[LiveCCWorker] Cleared cached video readers
ERROR:root:[LiveCCWorker] Error during inference
Traceback (most recent call last):
  File "/home/miislab/livecc_gui/src/miis_broadcast/workers/livecc.py", line 87, in runInference
    for (start_t, stop_t), response, state in self.livecc.live_cc(query, state):
  File "/home/miislab/livecc_gui/src/miis_broadcast/core/models/livecc_transformers.py", line 283, in live_cc
    outputs = self.model.generate(
  File "/home/miislab/miniforge3/envs/livecc/lib/python3.10/site-packages/torch/utils/_contextlib.py", line 120, in decorate_context
    return func(*args, **kwargs)
  File "/home/miislab/miniforge3/envs/livecc/lib/python3.10/site-packages/transformers/generation/utils.py", line 2514, in generate
    self._validate_generated_length(generation_config, input_ids_length, has_default_max_length)
  File "/home/miislab/miniforge3/envs/livecc/lib/python3.10/site-packages/transformers/generation/utils.py", line 1617, in _validate_generated_length
    raise ValueError(
ValueError: Input length of input_ids is 32885, but `max_length` is set to 32768. This can lead to unexpected behavior. You should consider increasing `max_length` or, better yet, setting `max_new_tokens`.
INFO:root:[LiveCCWorker] Cleared cached video readers after inference
INFO:root:[LiveCCWorker] Cleared cached video readers on stop request
INFO:root:[LiveCCCameraWorker] Start camera inference loop
INFO:root:[LiveCCWorker] Cleared cached video readers on stop request
INFO:root:[LiveCCCameraWorker] Camera inference loop finished
INFO:root:[LiveCCCameraWorker] Start camera inference loop
INFO:root:[LiveCCWorker] Cleared cached video readers on stop request
INFO:root:[LiveCCCameraWorker] Camera inference loop finished
INFO:root:[LiveCCCameraWorker] Start camera inference loop
INFO:root:[LiveCCWorker] Cleared cached video readers on stop request
INFO:root:[LiveCCCameraWorker] Camera inference loop finished
INFO:root:[LiveCCWorker] Start LiveCC inference on: /home/miislab/livecc_gui/examples/basketball_1080p.mp4
INFO:root:[LiveCCWorker] Cleared cached video readers
ERROR:root:[LiveCCWorker] Error during inference
Traceback (most recent call last):
  File "/home/miislab/livecc_gui/src/miis_broadcast/workers/livecc.py", line 87, in runInference
    for (start_t, stop_t), response, state in self.livecc.live_cc(query, state):
  File "/home/miislab/livecc_gui/src/miis_broadcast/core/models/livecc_transformers.py", line 283, in live_cc
    outputs = self.model.generate(
  File "/home/miislab/miniforge3/envs/livecc/lib/python3.10/site-packages/torch/utils/_contextlib.py", line 120, in decorate_context
    return func(*args, **kwargs)
  File "/home/miislab/miniforge3/envs/livecc/lib/python3.10/site-packages/transformers/generation/utils.py", line 2514, in generate
    self._validate_generated_length(generation_config, input_ids_length, has_default_max_length)
  File "/home/miislab/miniforge3/envs/livecc/lib/python3.10/site-packages/transformers/generation/utils.py", line 1617, in _validate_generated_length
    raise ValueError(
ValueError: Input length of input_ids is 32893, but `max_length` is set to 32768. This can lead to unexpected behavior. You should consider increasing `max_length` or, better yet, setting `max_new_tokens`.
INFO:root:[LiveCCWorker] Cleared cached video readers after inference
INFO:root:[LiveCCWorker] Cleared cached video readers on stop request
INFO:root:[LiveCCWorker] Start LiveCC inference on: /home/miislab/livecc_gui/examples/basketball_1080p.mp4
INFO:root:[LiveCCWorker] Cleared cached video readers
INFO:root:[LiveCCWorker] Cleared cached video readers on stop request
INFO:root:[LiveCCWorker] Stop requested, breaking inference loop
INFO:root:[LiveCCWorker] LiveCC inference finished. Took 37.04 s
INFO:root:[LiveCCWorker] Cleared cached video readers after inference
INFO:root:[LiveCCWorker] Start LiveCC inference on: /home/miislab/livecc_gui/examples/basketball_1080p_02.mp4
INFO:root:[LiveCCWorker] Cleared cached video readers
ERROR:root:[LiveCCWorker] Error during inference
Traceback (most recent call last):
  File "/home/miislab/livecc_gui/src/miis_broadcast/workers/livecc.py", line 87, in runInference
    for (start_t, stop_t), response, state in self.livecc.live_cc(query, state):
  File "/home/miislab/livecc_gui/src/miis_broadcast/core/models/livecc_transformers.py", line 283, in live_cc
    outputs = self.model.generate(
  File "/home/miislab/miniforge3/envs/livecc/lib/python3.10/site-packages/torch/utils/_contextlib.py", line 120, in decorate_context
    return func(*args, **kwargs)
  File "/home/miislab/miniforge3/envs/livecc/lib/python3.10/site-packages/transformers/generation/utils.py", line 2514, in generate
    self._validate_generated_length(generation_config, input_ids_length, has_default_max_length)
  File "/home/miislab/miniforge3/envs/livecc/lib/python3.10/site-packages/transformers/generation/utils.py", line 1617, in _validate_generated_length
    raise ValueError(
ValueError: Input length of input_ids is 32802, but `max_length` is set to 32768. This can lead to unexpected behavior. You should consider increasing `max_length` or, better yet, setting `max_new_tokens`.
INFO:root:[LiveCCWorker] Cleared cached video readers after inference
INFO:root:[LiveCCWorker] Cleared cached video readers on stop request
INFO:root:[LiveCCCameraWorker] Start camera inference loop
INFO:root:[LiveCCWorker] Cleared cached video readers on stop request
INFO:root:[LiveCCCameraWorker] Camera inference loop finished
INFO:root:[LiveCCCameraWorker] Start camera inference loop
INFO:root:[LiveCCWorker] Cleared cached video readers on stop request
INFO:root:[LiveCCCameraWorker] Camera inference loop finished
INFO:root:[LiveCCCameraWorker] Start camera inference loop
INFO:root:[LiveCCWorker] Cleared cached video readers on stop request
INFO:root:[LiveCCCameraWorker] Camera inference loop finished
INFO:root:[LiveCCCameraWorker] Start camera inference loop
ERROR:root:[LiveCCCameraWorker] Error during camera inference
Traceback (most recent call last):
  File "/home/miislab/livecc_gui/src/miis_broadcast/workers/livecc.py", line 289, in runCameraInference
    for (start_ts, stop_ts), text, self._state in self.livecc.live_cc_from_frames(
AttributeError: 'LiveCCInfer' object has no attribute 'live_cc_from_frames'
INFO:root:[LiveCCCameraWorker] Camera inference loop finished
INFO:root:[LiveCCCameraWorker] Start camera inference loop
INFO:root:[LiveCCWorker] Cleared cached video readers on stop request
INFO:root:[LiveCCCameraWorker] Camera inference loop finished
INFO:root:[LiveCCCameraWorker] Start camera inference loop
INFO:root:[LiveCCWorker] Cleared cached video readers on stop request
INFO:root:[LiveCCCameraWorker] Camera inference loop finished
INFO:root:[LiveCCCameraWorker] Start camera inference loop
INFO:root:[LiveCCWorker] Cleared cached video readers on stop request
INFO:root:[LiveCCCameraWorker] Camera inference loop finished
INFO:root:[LiveCCCameraWorker] Start camera inference loop
INFO:root:[LiveCCWorker] Cleared cached video readers on stop request
INFO:root:[LiveCCCameraWorker] Camera inference loop finished
INFO:root:[LiveCCCameraWorker] Start camera inference loop
INFO:root:[LiveCCWorker] Cleared cached video readers on stop request
INFO:root:[LiveCCCameraWorker] Camera inference loop finished
INFO:root:[LiveCCCameraWorker] Start camera inference loop
INFO:root:[LiveCCWorker] Cleared cached video readers on stop request
INFO:root:[LiveCCCameraWorker] Camera inference loop finished
INFO:root:[LiveCCCameraWorker] Start camera inference loop
INFO:root:[LiveCCWorker] Cleared cached video readers on stop request
INFO:root:[LiveCCCameraWorker] Camera inference loop finished
INFO:root:[LiveCCCameraWorker] Start camera inference loop
INFO:root:[LiveCCWorker] Cleared cached video readers on stop request
INFO:root:[LiveCCCameraWorker] Camera inference loop finished
INFO:root:[LiveCCCameraWorker] Start camera inference loop
INFO:root:[LiveCCWorker] Cleared cached video readers on stop request
INFO:root:[LiveCCCameraWorker] Camera inference loop finished
INFO:root:[LiveCCCameraWorker] Start camera inference loop
INFO:root:[LiveCCWorker] Cleared cached video readers on stop request
INFO:root:[LiveCCCameraWorker] Camera inference loop finished
INFO:root:[LiveCCCameraWorker] Start camera inference loop
INFO:root:[LiveCCWorker] Cleared cached video readers on stop request
INFO:root:[LiveCCCameraWorker] Camera inference loop finished
INFO:root:[LiveCCCameraWorker] Start camera inference loop
INFO:root:[LiveCCWorker] Cleared cached video readers on stop request
INFO:root:[LiveCCCameraWorker] Camera inference loop finished
INFO:root:[LiveCCCameraWorker] Start camera inference loop
INFO:root:[LiveCCWorker] Cleared cached video readers on stop request
INFO:root:[LiveCCCameraWorker] Camera inference loop finished
INFO:root:[LiveCCCameraWorker] Start camera inference loop
INFO:root:[LiveCCWorker] Cleared cached video readers on stop request
INFO:root:[LiveCCCameraWorker] Camera inference loop finished
INFO:root:[LiveCCWorker] Cleared cached video readers on stop request
INFO:root:[LiveCCCameraWorker] Start camera inference loop
INFO:root:[LiveCCWorker] Cleared cached video readers on stop request
INFO:root:[LiveCCCameraWorker] Camera inference loop finished
INFO:root:[LiveCCCameraWorker] Start camera inference loop
INFO:root:[LiveCCWorker] Cleared cached video readers on stop request
INFO:root:[LiveCCCameraWorker] Camera inference loop finished
INFO:root:[LiveCCCameraWorker] Start camera inference loop
INFO:root:[LiveCCWorker] Cleared cached video readers on stop request
INFO:root:[LiveCCCameraWorker] Camera inference loop finished
INFO:root:[LiveCCCameraWorker] Start camera inference loop
INFO:root:[LiveCCWorker] Cleared cached video readers on stop request
INFO:root:[LiveCCCameraWorker] Camera inference loop finished
INFO:root:[LiveCCWorker] Start LiveCC inference on: /home/miislab/livecc_gui/examples/basketball_1080p_02.mp4
INFO:root:[LiveCCWorker] Cleared cached video readers
ERROR:root:[LiveCCWorker] Error during inference
Traceback (most recent call last):
  File "/home/miislab/livecc_gui/src/miis_broadcast/workers/livecc.py", line 87, in runInference
    for (start_t, stop_t), response, state in self.livecc.live_cc(query, state):
  File "/home/miislab/livecc_gui/src/miis_broadcast/core/models/livecc_transformers.py", line 283, in live_cc
    outputs = self.model.generate(
  File "/home/miislab/miniforge3/envs/livecc/lib/python3.10/site-packages/torch/utils/_contextlib.py", line 120, in decorate_context
    return func(*args, **kwargs)
  File "/home/miislab/miniforge3/envs/livecc/lib/python3.10/site-packages/transformers/generation/utils.py", line 2514, in generate
    self._validate_generated_length(generation_config, input_ids_length, has_default_max_length)
  File "/home/miislab/miniforge3/envs/livecc/lib/python3.10/site-packages/transformers/generation/utils.py", line 1617, in _validate_generated_length
    raise ValueError(
ValueError: Input length of input_ids is 33498, but `max_length` is set to 32768. This can lead to unexpected behavior. You should consider increasing `max_length` or, better yet, setting `max_new_tokens`.
INFO:root:[LiveCCWorker] Cleared cached video readers on stop request
INFO:root:[LiveCCWorker] Cleared cached video readers after inference
INFO:root:[LiveCCCameraWorker] Start camera inference loop
INFO:root:[LiveCCWorker] Cleared cached video readers on stop request
INFO:root:[LiveCCCameraWorker] Camera inference loop finished
INFO:root:[LiveCCCameraWorker] Start camera inference loop
INFO:root:[LiveCCWorker] Cleared cached video readers on stop request
INFO:root:[LiveCCCameraWorker] Camera inference loop finished
INFO:root:[LiveCCCameraWorker] Start camera inference loop
INFO:root:[LiveCCWorker] Cleared cached video readers on stop request
INFO:root:[LiveCCCameraWorker] Camera inference loop finished
INFO:root:[LiveCCCameraWorker] Start camera inference loop
INFO:root:[LiveCCWorker] Cleared cached video readers on stop request
INFO:root:[LiveCCCameraWorker] Camera inference loop finished
INFO:root:[LiveCCCameraWorker] Start camera inference loop
INFO:root:[LiveCCWorker] Cleared cached video readers on stop request
INFO:root:[LiveCCCameraWorker] Camera inference loop finished
INFO:root:[LiveCCWorker] Cleared cached video readers on stop request
INFO:root:[LiveCCCameraWorker] Start camera inference loop
ERROR:root:[LiveCCCameraWorker] Error during camera inference
Traceback (most recent call last):
  File "/home/miislab/livecc_gui/src/miis_broadcast/workers/livecc.py", line 293, in runCameraInference
    for (start_ts, stop_ts), text, self._state in self.livecc.live_cc_from_frames(
  File "/home/miislab/livecc_gui/src/miis_broadcast/core/models/livecc_transformers.py", line 370, in live_cc_from_frames
    inputs = inputs.to(self.device)
AttributeError: 'LiveCCInfer' object has no attribute 'device'
INFO:root:[LiveCCCameraWorker] Camera inference loop finished
INFO:root:[LiveCCWorker] Cleared cached video readers on stop request
INFO:root:[LiveCCCameraWorker] Start camera inference loop
ERROR:root:[LiveCCCameraWorker] Error during camera inference
Traceback (most recent call last):
  File "/home/miislab/livecc_gui/src/miis_broadcast/workers/livecc.py", line 293, in runCameraInference
    for (start_ts, stop_ts), text, self._state in self.livecc.live_cc_from_frames(
  File "/home/miislab/livecc_gui/src/miis_broadcast/core/models/livecc_transformers.py", line 370, in live_cc_from_frames
    inputs = inputs.to(self.device)
AttributeError: 'LiveCCInfer' object has no attribute 'device'
INFO:root:[LiveCCCameraWorker] Camera inference loop finished
INFO:root:[LiveCCWorker] Cleared cached video readers on stop request
INFO:root:[LiveCCWorker] Cleared cached video readers on stop request
INFO:root:[LiveCCCameraWorker] Start camera inference loop
ERROR:root:[LiveCCCameraWorker] Error during camera inference
Traceback (most recent call last):
  File "/home/miislab/livecc_gui/src/miis_broadcast/workers/livecc.py", line 293, in runCameraInference
    for (start_ts, stop_ts), text, self._state in self.livecc.live_cc_from_frames(
  File "/home/miislab/livecc_gui/src/miis_broadcast/core/models/livecc_transformers.py", line 366, in live_cc_from_frames
    inputs = inputs.to(self.device)
AttributeError: 'LiveCCInfer' object has no attribute 'device'
INFO:root:[LiveCCCameraWorker] Camera inference loop finished
INFO:root:[LiveCCWorker] Cleared cached video readers on stop request
INFO:root:[LiveCCWorker] Cleared cached video readers on stop request
INFO:root:[LiveCCCameraWorker] Start camera inference loop
INFO:root:[LiveCCWorker] Cleared cached video readers on stop request
INFO:root:[LiveCCCameraWorker] Camera inference loop finished
INFO:root:[LiveCCCameraWorker] Start camera inference loop
INFO:root:[LiveCCWorker] Cleared cached video readers on stop request
INFO:root:[LiveCCCameraWorker] Camera inference loop finished
INFO:root:[LiveCCWorker] Cleared cached video readers on stop request
INFO:root:[LiveCCCameraWorker] Start camera inference loop
INFO:root:[LiveCCWorker] Cleared cached video readers on stop request
INFO:root:[LiveCCCameraWorker] Camera inference loop finished
INFO:root:[LiveCCCameraWorker] Start camera inference loop
INFO:root:[LiveCCWorker] Cleared cached video readers on stop request
INFO:root:[LiveCCCameraWorker] Camera inference loop finished
INFO:root:[LiveCCCameraWorker] Start camera inference loop
INFO:root:[LiveCCWorker] Cleared cached video readers on stop request
INFO:root:[LiveCCCameraWorker] Camera inference loop finished
INFO:root:[LiveCCCameraWorker] Start camera inference loop
INFO:root:[LiveCCWorker] Cleared cached video readers on stop request
INFO:root:[LiveCCCameraWorker] Camera inference loop finished
INFO:root:[LiveCCCameraWorker] Start camera inference loop
INFO:root:[LiveCCWorker] Cleared cached video readers on stop request
INFO:root:[LiveCCCameraWorker] Camera inference loop finished
INFO:root:[LiveCCCameraWorker] Start camera inference loop
INFO:root:[LiveCCWorker] Cleared cached video readers on stop request
INFO:root:[LiveCCCameraWorker] Camera inference loop finished
INFO:root:[LiveCCCameraWorker] Start camera inference loop
INFO:root:[LiveCCWorker] Cleared cached video readers on stop request
INFO:root:[LiveCCCameraWorker] Camera inference loop finished
INFO:root:[LiveCCCameraWorker] Start camera inference loop
INFO:root:[LiveCCWorker] Cleared cached video readers on stop request
INFO:root:[LiveCCCameraWorker] Camera inference loop finished
INFO:root:[LiveCCCameraWorker] Start camera inference loop
INFO:root:[LiveCCWorker] Cleared cached video readers on stop request
INFO:root:[LiveCCCameraWorker] Camera inference loop finished
INFO:root:[LiveCCCameraWorker] Start camera inference loop
INFO:root:[LiveCCWorker] Cleared cached video readers on stop request
INFO:root:[LiveCCCameraWorker] Camera inference loop finished
INFO:root:[LiveCCCameraWorker] Start camera inference loop
INFO:root:[LiveCCWorker] Cleared cached video readers on stop request
INFO:root:[LiveCCCameraWorker] Camera inference loop finished
INFO:root:[LiveCCWorker] Cleared cached video readers on stop request
INFO:root:[LiveCCCameraWorker] Start camera inference loop
INFO:root:[LiveCCWorker] Cleared cached video readers on stop request
INFO:root:[LiveCCCameraWorker] Camera inference loop finished
INFO:root:[LiveCCCameraWorker] Start camera inference loop
INFO:root:[LiveCCWorker] Cleared cached video readers on stop request
INFO:root:[LiveCCCameraWorker] Camera inference loop finished
INFO:root:[LiveCCWorker] Cleared cached video readers on stop request
INFO:root:[LiveCCCameraWorker] Start camera inference loop
INFO:root:[LiveCCWorker] Cleared cached video readers on stop request
INFO:root:[LiveCCCameraWorker] Camera inference loop finished
INFO:root:[LiveCCWorker] Cleared cached video readers on stop request
INFO:root:[LiveCCCameraWorker] Start camera inference loop
INFO:root:[LiveCCCameraWorker] Camera inference loop finished
INFO:root:[LiveCCCameraWorker] Start camera inference loop
INFO:root:[LiveCCCameraWorker] Camera inference loop finished
INFO:root:[LiveCCCameraWorker] Start camera inference loop
INFO:root:[LiveCCCameraWorker] Camera inference loop finished
INFO:root:[LiveCCCameraWorker] Start camera inference loop
INFO:root:[LiveCCWorker] Cleared cached video readers on stop request
INFO:root:[LiveCCCameraWorker] Camera inference loop finished
INFO:root:[LiveCCCameraWorker] Start camera inference loop
INFO:root:[LiveCCWorker] Cleared cached video readers on stop request
INFO:root:[LiveCCCameraWorker] Camera inference loop finished
INFO:root:[LiveCCCameraWorker] Start camera inference loop
INFO:root:[LiveCCWorker] Cleared cached video readers on stop request
INFO:root:[LiveCCCameraWorker] Camera inference loop finished
INFO:root:[LiveCCWorker] Cleared cached video readers on stop request
INFO:root:[LiveCCCameraWorker] Start camera inference loop
INFO:root:[LiveCCWorker] Cleared cached video readers on stop request
INFO:root:[LiveCCCameraWorker] Camera inference loop finished
INFO:root:[LiveCCCameraWorker] Start camera inference loop
INFO:root:[LiveCCWorker] Cleared cached video readers on stop request
INFO:root:[LiveCCCameraWorker] Camera inference loop finished
INFO:root:[LiveCCCameraWorker] Start camera inference loop
INFO:root:[LiveCCWorker] Cleared cached video readers on stop request
INFO:root:[LiveCCCameraWorker] Camera inference loop finished
INFO:root:[LiveCCWorker] Cleared cached video readers on stop request
INFO:root:[LiveCCCameraWorker] Start camera inference loop
INFO:root:[LiveCCWorker] Cleared cached video readers on stop request
INFO:root:[LiveCCCameraWorker] Camera inference loop finished
INFO:root:[LiveCCCameraWorker] Start camera inference loop
INFO:root:[LiveCCWorker] Cleared cached video readers on stop request
INFO:root:[LiveCCCameraWorker] Camera inference loop finished
INFO:root:[LiveCCCameraWorker] Start camera inference loop
INFO:root:[LiveCCWorker] Cleared cached video readers on stop request
INFO:root:[LiveCCCameraWorker] Camera inference loop finished
INFO:root:[LiveCCCameraWorker] Start camera inference loop
INFO:root:[LiveCCWorker] Cleared cached video readers on stop request
INFO:root:[LiveCCCameraWorker] Camera inference loop finished
INFO:root:[LiveCCCameraWorker] Start camera inference loop
INFO:root:[LiveCCWorker] Cleared cached video readers on stop request
INFO:root:[LiveCCCameraWorker] Camera inference loop finished
INFO:root:[LiveCCCameraWorker] Start camera inference loop
INFO:root:[LiveCCWorker] Cleared cached video readers on stop request
INFO:root:[LiveCCCameraWorker] Camera inference loop finished
INFO:root:[LiveCCWorker] Cleared cached video readers on stop request
INFO:root:[LiveCCCameraWorker] Start camera inference loop
INFO:root:[LiveCCWorker] Cleared cached video readers on stop request
INFO:root:[LiveCCCameraWorker] Camera inference loop finished
INFO:root:[LiveCCCameraWorker] Start camera inference loop
INFO:root:[LiveCCWorker] Cleared cached video readers on stop request
INFO:root:[LiveCCCameraWorker] Camera inference loop finished
INFO:root:[LiveCCCameraWorker] Start camera inference loop
INFO:root:[LiveCCWorker] Cleared cached video readers on stop request
INFO:root:[LiveCCCameraWorker] Camera inference loop finished
INFO:root:[LiveCCWorker] Start LiveCC inference on: /home/miislab/livecc_gui/examples/basketball_1080p_02.mp4
INFO:root:[LiveCCWorker] Cleared cached video readers
INFO:root:[LiveCCWorker] Cleared cached video readers on stop request
INFO:root:[LiveCCWorker] Stop requested, breaking inference loop
INFO:root:[LiveCCWorker] LiveCC inference finished. Took 22.01 s
INFO:root:[LiveCCWorker] Cleared cached video readers after inference
INFO:root:[LiveCCWorker] Cleared cached video readers on stop request
INFO:root:[LiveCCCameraWorker] Start camera inference loop
ERROR:root:[LiveCCCameraWorker] Error during camera inference
Traceback (most recent call last):
  File "/home/miislab/livecc_gui/src/miis_broadcast/workers/livecc.py", line 316, in runCameraInference
    for (start_ts, stop_ts), text, self._state in self.livecc.live_cc_from_frames(
AttributeError: 'LiveCCInfer' object has no attribute 'live_cc_from_frames'
INFO:root:[LiveCCCameraWorker] Camera inference loop finished
INFO:root:[LiveCCWorker] Cleared cached video readers on stop request
INFO:root:[LiveCCWorker] Cleared cached video readers on stop request
INFO:root:[LiveCCCameraWorker] Start camera inference loop
ERROR:root:[LiveCCCameraWorker] Error during camera inference
Traceback (most recent call last):
  File "/home/miislab/livecc_gui/src/miis_broadcast/workers/livecc.py", line 293, in runCameraInference
    for (start_ts, stop_ts), text, self._state in self.livecc.live_cc_from_frames(
AttributeError: 'LiveCCInfer' object has no attribute 'live_cc_from_frames'
INFO:root:[LiveCCCameraWorker] Camera inference loop finished
INFO:root:[LiveCCWorker] Cleared cached video readers on stop request
INFO:root:[LiveCCWorker] Cleared cached video readers on stop request
INFO:root:[LiveCCCameraWorker] Start camera inference loop
INFO:root:[LiveCCWorker] Cleared cached video readers on stop request
INFO:root:[LiveCCCameraWorker] Camera inference loop finished
INFO:root:[LiveCCWorker] Cleared cached video readers on stop request
INFO:root:[LiveCCCameraWorker] Start camera inference loop
INFO:root:[LiveCCWorker] Cleared cached video readers on stop request
INFO:root:[LiveCCCameraWorker] Camera inference loop finished
INFO:root:[LiveCCCameraWorker] Start camera inference loop
INFO:root:[LiveCCWorker] Cleared cached video readers on stop request
INFO:root:[LiveCCCameraWorker] Camera inference loop finished
INFO:root:[LiveCCCameraWorker] Start camera inference loop
INFO:root:[LiveCCWorker] Cleared cached video readers on stop request
INFO:root:[LiveCCCameraWorker] Camera inference loop finished
INFO:root:[LiveCCWorker] Cleared cached video readers on stop request
INFO:root:[LiveCCWorker] Cleared cached video readers on stop request
INFO:root:[LiveCCWorker] Cleared cached video readers on stop request
INFO:root:[LiveCCCameraWorker] Start camera inference loop
INFO:root:[LiveCCWorker] Cleared cached video readers on stop request
INFO:root:[LiveCCCameraWorker] Camera inference loop finished
INFO:root:[LiveCCCameraWorker] Start camera inference loop
INFO:root:[LiveCCWorker] Cleared cached video readers on stop request
INFO:root:[LiveCCCameraWorker] Camera inference loop finished
INFO:root:[LiveCCWorker] Start LiveCC inference on: /home/miislab/livecc_gui/examples/basketball_1080p_02.mp4
INFO:root:[LiveCCWorker] Cleared cached video readers
INFO:root:[LiveCCWorker] Cleared cached video readers on stop request
INFO:root:[LiveCCWorker] Stop requested, breaking inference loop
INFO:root:[LiveCCWorker] LiveCC inference finished. Took 11.71 s
INFO:root:[LiveCCWorker] Cleared cached video readers after inference
INFO:root:[LiveCCWorker] Cleared cached video readers on stop request
INFO:root:[LiveCCWorker] Cleared cached video readers on stop request
INFO:root:[LiveCCCameraWorker] Start camera inference loop
INFO:root:[LiveCCWorker] Cleared cached video readers on stop request
INFO:root:[LiveCCCameraWorker] Camera inference loop finished
INFO:root:[LiveCCCameraWorker] Start camera inference loop
INFO:root:[LiveCCWorker] Cleared cached video readers on stop request
INFO:root:[LiveCCCameraWorker] Camera inference loop finished
INFO:root:[LiveCCCameraWorker] Start camera inference loop
INFO:root:[LiveCCWorker] Cleared cached video readers on stop request
INFO:root:[LiveCCCameraWorker] Camera inference loop finished
INFO:root:[LiveCCWorker] Cleared cached video readers on stop request
INFO:root:[LiveCCCameraWorker] Start camera inference loop
INFO:root:[LiveCCCameraWorker] Memory Reset (Count=5)
INFO:root:[LiveCCCameraWorker] Memory Reset (Count=10)
INFO:root:[LiveCCCameraWorker] Memory Reset (Count=15)
INFO:root:[LiveCCCameraWorker] Memory Reset (Count=20)
INFO:root:[LiveCCCameraWorker] Memory Reset (Count=25)
INFO:root:[LiveCCCameraWorker] Memory Reset (Count=30)
INFO:root:[LiveCCWorker] Cleared cached video readers on stop request
INFO:root:[LiveCCCameraWorker] Camera inference loop finished
INFO:root:[LiveCCCameraWorker] Start camera inference loop
INFO:root:[LiveCCCameraWorker] Memory Reset (Count=5)
INFO:root:[LiveCCCameraWorker] Memory Reset (Count=10)
INFO:root:[LiveCCCameraWorker] Memory Reset (Count=15)
INFO:root:[LiveCCCameraWorker] Memory Reset (Count=20)
INFO:root:[LiveCCCameraWorker] Memory Reset (Count=25)
INFO:root:[LiveCCWorker] Cleared cached video readers on stop request
INFO:root:[LiveCCCameraWorker] Camera inference loop finished
INFO:root:[LiveCCCameraWorker] Start camera inference loop
INFO:root:[LiveCCCameraWorker] Memory Reset (Count=5)
INFO:root:[LiveCCCameraWorker] Memory Reset (Count=10)
INFO:root:[LiveCCCameraWorker] Memory Reset (Count=15)
INFO:root:[LiveCCCameraWorker] Memory Reset (Count=20)
INFO:root:[LiveCCCameraWorker] Memory Reset (Count=25)
INFO:root:[LiveCCCameraWorker] Memory Reset (Count=30)
INFO:root:[LiveCCCameraWorker] Memory Reset (Count=35)
INFO:root:[LiveCCCameraWorker] Memory Reset (Count=40)
INFO:root:[LiveCCCameraWorker] Memory Reset (Count=45)
INFO:root:[LiveCCCameraWorker] Memory Reset (Count=50)
INFO:root:[LiveCCWorker] Cleared cached video readers on stop request
INFO:root:[LiveCCCameraWorker] Camera inference loop finished
INFO:root:[LiveCCCameraWorker] Start camera inference loop
INFO:root:[LiveCCCameraWorker] Memory Reset (Count=5)
INFO:root:[LiveCCCameraWorker] Memory Reset (Count=10)
INFO:root:[LiveCCCameraWorker] Memory Reset (Count=15)
INFO:root:[LiveCCCameraWorker] Memory Reset (Count=20)
INFO:root:[LiveCCWorker] Cleared cached video readers on stop request
INFO:root:[LiveCCCameraWorker] Camera inference loop finished
INFO:root:[LiveCCCameraWorker] Start camera inference loop
INFO:root:[LiveCCCameraWorker] Memory Reset (Count=5)
INFO:root:[LiveCCCameraWorker] Memory Reset (Count=10)
INFO:root:[LiveCCCameraWorker] Memory Reset (Count=15)
INFO:root:[LiveCCCameraWorker] Memory Reset (Count=20)
INFO:root:[LiveCCCameraWorker] Memory Reset (Count=25)
INFO:root:[LiveCCCameraWorker] Memory Reset (Count=30)
INFO:root:[LiveCCCameraWorker] Memory Reset (Count=35)
INFO:root:[LiveCCCameraWorker] Memory Reset (Count=40)
INFO:root:[LiveCCWorker] Cleared cached video readers on stop request
INFO:root:[LiveCCCameraWorker] Camera inference loop finished
INFO:root:[LiveCCCameraWorker] Start camera inference loop
INFO:root:[LiveCCCameraWorker] Memory Reset (Count=5)
INFO:root:[LiveCCCameraWorker] Memory Reset (Count=10)
INFO:root:[LiveCCWorker] Cleared cached video readers on stop request
INFO:root:[LiveCCCameraWorker] Camera inference loop finished
INFO:root:[LiveCCCameraWorker] Start camera inference loop
INFO:root:[LiveCCCameraWorker] Memory Reset (Count=5)
INFO:root:[LiveCCCameraWorker] Memory Reset (Count=10)
INFO:root:[LiveCCCameraWorker] Memory Reset (Count=15)
INFO:root:[LiveCCCameraWorker] Memory Reset (Count=20)
INFO:root:[LiveCCCameraWorker] Memory Reset (Count=25)
INFO:root:[LiveCCCameraWorker] Memory Reset (Count=30)
INFO:root:[LiveCCCameraWorker] Memory Reset (Count=35)
INFO:root:[LiveCCCameraWorker] Memory Reset (Count=40)
INFO:root:[LiveCCCameraWorker] Memory Reset (Count=45)
INFO:root:[LiveCCCameraWorker] Memory Reset (Count=50)
INFO:root:[LiveCCWorker] Cleared cached video readers on stop request
INFO:root:[LiveCCCameraWorker] Camera inference loop finished
INFO:root:[LiveCCCameraWorker] Start camera inference loop
INFO:root:[LiveCCCameraWorker] Memory Reset (Count=5)
INFO:root:[LiveCCCameraWorker] Memory Reset (Count=10)
INFO:root:[LiveCCCameraWorker] Memory Reset (Count=15)
INFO:root:[LiveCCCameraWorker] Memory Reset (Count=20)
INFO:root:[LiveCCCameraWorker] Memory Reset (Count=25)
INFO:root:[LiveCCCameraWorker] Memory Reset (Count=30)
INFO:root:[LiveCCWorker] Cleared cached video readers on stop request
INFO:root:[LiveCCCameraWorker] Camera inference loop finished
INFO:root:[LiveCCCameraWorker] Start camera inference loop
INFO:root:[LiveCCCameraWorker] Memory Reset (Count=5)
INFO:root:[LiveCCCameraWorker] Memory Reset (Count=10)
INFO:root:[LiveCCWorker] Cleared cached video readers on stop request
INFO:root:[LiveCCCameraWorker] Camera inference loop finished
INFO:root:[LiveCCCameraWorker] Start camera inference loop
INFO:root:[LiveCCCameraWorker] Memory Reset (Count=5)
INFO:root:[LiveCCWorker] Cleared cached video readers on stop request
INFO:root:[LiveCCCameraWorker] Camera inference loop finished
INFO:root:[LiveCCCameraWorker] Start camera inference loop
INFO:root:[LiveCCCameraWorker] Memory Reset (Count=5)
INFO:root:[LiveCCCameraWorker] Memory Reset (Count=10)
INFO:root:[LiveCCWorker] Cleared cached video readers on stop request
INFO:root:[LiveCCCameraWorker] Camera inference loop finished
INFO:root:[LiveCCCameraWorker] Start camera inference loop
INFO:root:[LiveCCCameraWorker] Memory Reset (Count=5)
INFO:root:[LiveCCCameraWorker] Memory Reset (Count=10)
INFO:root:[LiveCCWorker] Cleared cached video readers on stop request
INFO:root:[LiveCCCameraWorker] Camera inference loop finished
INFO:root:[LiveCCCameraWorker] Start camera inference loop
INFO:root:[LiveCCCameraWorker] Memory Reset (Count=5)
INFO:root:[LiveCCCameraWorker] Memory Reset (Count=10)
INFO:root:[LiveCCCameraWorker] Memory Reset (Count=15)
INFO:root:[LiveCCCameraWorker] Memory Reset (Count=20)
INFO:root:[LiveCCCameraWorker] Memory Reset (Count=25)
INFO:root:[LiveCCCameraWorker] Memory Reset (Count=30)
INFO:root:[LiveCCCameraWorker] Memory Reset (Count=35)
INFO:root:[LiveCCWorker] Cleared cached video readers on stop request
INFO:root:[LiveCCCameraWorker] Camera inference loop finished
INFO:root:[LiveCCCameraWorker] Start camera inference loop
INFO:root:[LiveCCWorker] Cleared cached video readers on stop request
INFO:root:[LiveCCCameraWorker] Camera inference loop finished
INFO:root:[LiveCCCameraWorker] Start camera inference loop
INFO:root:[LiveCCCameraWorker] Memory Reset (Count=5)
INFO:root:[LiveCCCameraWorker] Memory Reset (Count=10)
INFO:root:[LiveCCCameraWorker] Memory Reset (Count=15)
INFO:root:[LiveCCCameraWorker] Memory Reset (Count=20)
INFO:root:[LiveCCCameraWorker] Memory Reset (Count=25)
INFO:root:[LiveCCCameraWorker] Memory Reset (Count=30)
INFO:root:[LiveCCCameraWorker] Memory Reset (Count=35)
INFO:root:[LiveCCCameraWorker] Memory Reset (Count=40)
INFO:root:[LiveCCCameraWorker] Memory Reset (Count=45)
INFO:root:[LiveCCCameraWorker] Memory Reset (Count=50)
INFO:root:[LiveCCWorker] Cleared cached video readers on stop request
INFO:root:[LiveCCCameraWorker] Camera inference loop finished
INFO:root:[LiveCCCameraWorker] Start camera inference loop
INFO:root:[LiveCCCameraWorker] Memory Reset (Count=5)
INFO:root:[LiveCCCameraWorker] Memory Reset (Count=10)
INFO:root:[LiveCCCameraWorker] Memory Reset (Count=15)
INFO:root:[LiveCCCameraWorker] Memory Reset (Count=20)
INFO:root:[LiveCCCameraWorker] Memory Reset (Count=25)
INFO:root:[LiveCCWorker] Cleared cached video readers on stop request
INFO:root:[LiveCCCameraWorker] Camera inference loop finished
INFO:root:[LiveCCCameraWorker] Start camera inference loop
INFO:root:[LiveCCCameraWorker] Memory Reset (Count=5)
INFO:root:[LiveCCCameraWorker] Memory Reset (Count=10)
INFO:root:[LiveCCCameraWorker] Memory Reset (Count=15)
INFO:root:[LiveCCCameraWorker] Memory Reset (Count=20)
INFO:root:[LiveCCCameraWorker] Memory Reset (Count=25)
INFO:root:[LiveCCWorker] Cleared cached video readers on stop request
INFO:root:[LiveCCCameraWorker] Camera inference loop finished
INFO:root:[LiveCCWorker] Cleared cached video readers on stop request
INFO:root:[LiveCCCameraWorker] Start camera inference loop
INFO:root:[LiveCCCameraWorker] Memory Reset (Count=5)
INFO:root:[LiveCCCameraWorker] Memory Reset (Count=10)
INFO:root:[LiveCCCameraWorker] Memory Reset (Count=15)
INFO:root:[LiveCCCameraWorker] Memory Reset (Count=20)
INFO:root:[LiveCCWorker] Cleared cached video readers on stop request
INFO:root:[LiveCCCameraWorker] Camera inference loop finished
INFO:root:[LiveCCCameraWorker] Start camera inference loop
INFO:root:[LiveCCCameraWorker] Memory Reset (Count=5)
INFO:root:[LiveCCCameraWorker] Memory Reset (Count=10)
INFO:root:[LiveCCCameraWorker] Memory Reset (Count=15)
INFO:root:[LiveCCCameraWorker] Memory Reset (Count=20)
INFO:root:[LiveCCCameraWorker] Memory Reset (Count=25)
INFO:root:[LiveCCCameraWorker] Memory Reset (Count=30)
INFO:root:[LiveCCCameraWorker] Memory Reset (Count=35)
INFO:root:[LiveCCCameraWorker] Memory Reset (Count=40)
INFO:root:[LiveCCCameraWorker] Memory Reset (Count=45)
INFO:root:[LiveCCCameraWorker] Memory Reset (Count=50)
INFO:root:[LiveCCWorker] Cleared cached video readers on stop request
INFO:root:[LiveCCCameraWorker] Camera inference loop finished
INFO:root:[LiveCCWorker] Cleared cached video readers on stop request
INFO:root:[LiveCCCameraWorker] Start camera inference loop
INFO:root:[LiveCCCameraWorker] Memory Reset (Count=5)
INFO:root:[LiveCCCameraWorker] Memory Reset (Count=10)
INFO:root:[LiveCCCameraWorker] Memory Reset (Count=15)
INFO:root:[LiveCCCameraWorker] Memory Reset (Count=20)
INFO:root:[LiveCCCameraWorker] Memory Reset (Count=25)
INFO:root:[LiveCCCameraWorker] Memory Reset (Count=30)
INFO:root:[LiveCCWorker] Cleared cached video readers on stop request
INFO:root:[LiveCCCameraWorker] Camera inference loop finished
INFO:root:[LiveCCWorker] Cleared cached video readers on stop request
INFO:root:[LiveCCWorker] Start LiveCC inference on: /home/miislab/livecc_gui/examples/basketball_1080p.mp4
INFO:root:[LiveCCWorker] Cleared cached video readers
INFO:root:[LiveCCWorker] Cleared cached video readers on stop request
INFO:root:[LiveCCWorker] Cleared cached video readers on stop request
INFO:root:[LiveCCWorker] Stop requested, breaking inference loop
INFO:root:[LiveCCWorker] LiveCC inference finished. Took 27.44 s
INFO:root:[LiveCCWorker] Cleared cached video readers after inference
INFO:root:[LiveCCWorker] Cleared cached video readers on stop request
INFO:root:[LiveCCWorker] Start LiveCC inference on: /home/miislab/livecc_gui/examples/wheelchair_short.mp4
INFO:root:[LiveCCWorker] Cleared cached video readers
INFO:root:[LiveCCWorker] Video ended
INFO:root:[LiveCCWorker] LiveCC inference finished. Took 24.76 s
INFO:root:[LiveCCWorker] Cleared cached video readers on stop request
INFO:root:[LiveCCWorker] Cleared cached video readers after inference
INFO:root:[LiveCCWorker] Cleared cached video readers on stop request
INFO:root:[LiveCCWorker] Start LiveCC inference on: /home/miislab/livecc_gui/examples/wheelchair_long.mp4
INFO:root:[LiveCCWorker] Cleared cached video readers
INFO:root:[LiveCCWorker] Video ended
INFO:root:[LiveCCWorker] LiveCC inference finished. Took 42.97 s
INFO:root:[LiveCCWorker] Cleared cached video readers on stop request
INFO:root:[LiveCCWorker] Cleared cached video readers after inference
INFO:root:[LiveCCWorker] Cleared cached video readers on stop request
INFO:root:[LiveCCWorker] Start LiveCC inference on: /home/miislab/livecc_gui/examples/wheelchair_long.mp4
INFO:root:[LiveCCWorker] Cleared cached video readers
ERROR:root:[LiveCCWorker] Error during inference
Traceback (most recent call last):
  File "/home/miislab/livecc_gui/src/miis_broadcast/workers/livecc.py", line 87, in runInference
    for (start_t, stop_t), response, state in self.livecc.live_cc(query, state):
  File "/home/miislab/livecc_gui/src/miis_broadcast/core/models/livecc_transformers.py", line 212, in live_cc
    state["last_video_pts_index"] = clip_idxs[-1]
IndexError: list index out of range
INFO:root:[LiveCCWorker] Cleared cached video readers on stop request
INFO:root:[LiveCCWorker] Cleared cached video readers after inference
INFO:root:[LiveCCWorker] Cleared cached video readers on stop request
INFO:root:[LiveCCWorker] Start LiveCC inference on: /home/miislab/livecc_gui/examples/wheelchair_long.mp4
INFO:root:[LiveCCWorker] Cleared cached video readers
INFO:root:[LiveCCWorker] Video ended
INFO:root:[LiveCCWorker] LiveCC inference finished. Took 42.36 s
INFO:root:[LiveCCWorker] Cleared cached video readers on stop request
INFO:root:[LiveCCWorker] Cleared cached video readers after inference
INFO:root:[LiveCCWorker] Cleared cached video readers on stop request
INFO:root:[LiveCCWorker] Start LiveCC inference on: /home/miislab/livecc_gui/examples/wheelchair_long.mp4
INFO:root:[LiveCCWorker] Cleared cached video readers
INFO:root:[LiveCCWorker] Video ended
INFO:root:[LiveCCWorker] LiveCC inference finished. Took 42.08 s
INFO:root:[LiveCCWorker] Cleared cached video readers on stop request
INFO:root:[LiveCCWorker] Cleared cached video readers after inference
INFO:root:[LiveCCWorker] Start LiveCC inference on: /home/miislab/livecc_gui/examples/basketball_1080p_02.mp4
INFO:root:[LiveCCWorker] Cleared cached video readers
ERROR:root:[LiveCCWorker] Error during inference
Traceback (most recent call last):
  File "/home/miislab/livecc_gui/src/miis_broadcast/workers/livecc.py", line 87, in runInference
    for (start_t, stop_t), response, state in self.livecc.live_cc(query, state):
  File "/home/miislab/livecc_gui/src/miis_broadcast/core/models/livecc_transformers.py", line 283, in live_cc
    outputs = self.model.generate(
  File "/home/miislab/miniforge3/envs/livecc/lib/python3.10/site-packages/torch/utils/_contextlib.py", line 120, in decorate_context
    return func(*args, **kwargs)
  File "/home/miislab/miniforge3/envs/livecc/lib/python3.10/site-packages/transformers/generation/utils.py", line 2514, in generate
    self._validate_generated_length(generation_config, input_ids_length, has_default_max_length)
  File "/home/miislab/miniforge3/envs/livecc/lib/python3.10/site-packages/transformers/generation/utils.py", line 1617, in _validate_generated_length
    raise ValueError(
ValueError: Input length of input_ids is 33361, but `max_length` is set to 32768. This can lead to unexpected behavior. You should consider increasing `max_length` or, better yet, setting `max_new_tokens`.
INFO:root:[LiveCCWorker] Cleared cached video readers on stop request
INFO:root:[LiveCCWorker] Cleared cached video readers after inference
INFO:root:[LiveCCWorker] Start LiveCC inference on: /home/miislab/livecc_gui/examples/basketball_1080p.mp4
INFO:root:[LiveCCWorker] Cleared cached video readers
ERROR:root:[LiveCCWorker] Error during inference
Traceback (most recent call last):
  File "/home/miislab/livecc_gui/src/miis_broadcast/workers/livecc.py", line 87, in runInference
    for (start_t, stop_t), response, state in self.livecc.live_cc(query, state):
  File "/home/miislab/livecc_gui/src/miis_broadcast/core/models/livecc_transformers.py", line 159, in live_cc
    self._cached_video_readers_with_hw[video_path] = get_smart_resized_video_reader(
  File "/home/miislab/miniforge3/envs/livecc/lib/python3.10/site-packages/livecc_utils/video_process_patch.py", line 112, in get_smart_resized_video_reader
    height, width, _ = video_reader.next().shape
  File "/home/miislab/miniforge3/envs/livecc/lib/python3.10/site-packages/decord/video_reader.py", line 117, in next
    arr = _CAPI_VideoReaderNextFrame(self._handle)
  File "/home/miislab/miniforge3/envs/livecc/lib/python3.10/site-packages/decord/_ffi/_ctypes/function.py", line 173, in __call__
    check_call(_LIB.DECORDFuncCall(
  File "/home/miislab/miniforge3/envs/livecc/lib/python3.10/site-packages/decord/_ffi/base.py", line 78, in check_call
    raise DECORDError(err_str)
decord._ffi.base.DECORDError: [19:03:51] /github/workspace/src/video/video_reader.cc:444: [/home/miislab/livecc_gui/examples/basketball_1080p.mp4]Unable to handle EOF because it takes too long to retrieve last few frames and `DECORD_EOF_RETRY_MAX=10240`. You may override the limit by `export DECORD_EOF_RETRY_MAX=20480` for example to allow more EOF retry attempts, exit...
INFO:root:[LiveCCWorker] Cleared cached video readers on stop request
INFO:root:[LiveCCWorker] Cleared cached video readers after inference
INFO:root:[LiveCCWorker] Cleared cached video readers on stop request
INFO:root:[LiveCCWorker] Start LiveCC inference on: /home/miislab/livecc_gui/examples/Taekwondo_1080p.mp4
INFO:root:[LiveCCWorker] Cleared cached video readers
INFO:root:[LiveCCWorker] Cleared cached video readers on stop request
INFO:root:[LiveCCWorker] Stop requested, breaking inference loop
INFO:root:[LiveCCWorker] LiveCC inference finished. Took 27.59 s
INFO:root:[LiveCCWorker] Cleared cached video readers on stop request
INFO:root:[LiveCCWorker] Cleared cached video readers after inference
INFO:root:[LiveCCWorker] Start LiveCC inference on: /home/miislab/livecc_gui/examples/Taekwondo_1080p.mp4
INFO:root:[LiveCCWorker] Cleared cached video readers
ERROR:root:[LiveCCWorker] Error during inference
Traceback (most recent call last):
  File "/home/miislab/livecc_gui/src/miis_broadcast/workers/livecc.py", line 87, in runInference
    for (start_t, stop_t), response, state in self.livecc.live_cc(query, state):
  File "/home/miislab/livecc_gui/src/miis_broadcast/core/models/livecc_transformers.py", line 283, in live_cc
    outputs = self.model.generate(
  File "/home/miislab/miniforge3/envs/livecc/lib/python3.10/site-packages/torch/utils/_contextlib.py", line 120, in decorate_context
    return func(*args, **kwargs)
  File "/home/miislab/miniforge3/envs/livecc/lib/python3.10/site-packages/transformers/generation/utils.py", line 2514, in generate
    self._validate_generated_length(generation_config, input_ids_length, has_default_max_length)
  File "/home/miislab/miniforge3/envs/livecc/lib/python3.10/site-packages/transformers/generation/utils.py", line 1617, in _validate_generated_length
    raise ValueError(
ValueError: Input length of input_ids is 32803, but `max_length` is set to 32768. This can lead to unexpected behavior. You should consider increasing `max_length` or, better yet, setting `max_new_tokens`.
INFO:root:[LiveCCWorker] Cleared cached video readers on stop request
INFO:root:[LiveCCWorker] Cleared cached video readers after inference
INFO:root:[LiveCCWorker] Start LiveCC inference on: /home/miislab/livecc_gui/examples/Taekwondo_1080p.mp4
INFO:root:[LiveCCWorker] Cleared cached video readers
INFO:root:[LiveCCWorker] Cleared cached video readers on stop request
INFO:root:[LiveCCWorker] Stop requested, breaking inference loop
INFO:root:[LiveCCWorker] LiveCC inference finished. Took 7.04 s
INFO:root:[LiveCCWorker] Cleared cached video readers after inference
INFO:root:[LiveCCWorker] Cleared cached video readers on stop request
INFO:root:[LiveCCWorker] Start LiveCC inference on: /home/miislab/livecc_gui/examples/Taekwondo_1080p.mp4
INFO:root:[LiveCCWorker] Cleared cached video readers
INFO:root:[LiveCCWorker] Cleared cached video readers on stop request
INFO:root:[LiveCCWorker] Stop requested, breaking inference loop
INFO:root:[LiveCCWorker] LiveCC inference finished. Took 15.63 s
INFO:root:[LiveCCWorker] Cleared cached video readers after inference
INFO:root:[LiveCCWorker] Cleared cached video readers on stop request
INFO:root:[LiveCCWorker] Start LiveCC inference on: /home/miislab/livecc_gui/examples/wheelchair_long.mp4
INFO:root:[LiveCCWorker] Cleared cached video readers
INFO:root:[LiveCCWorker] Video ended
INFO:root:[LiveCCWorker] LiveCC inference finished. Took 42.90 s
INFO:root:[LiveCCWorker] Cleared cached video readers on stop request
INFO:root:[LiveCCWorker] Cleared cached video readers after inference
INFO:root:[LiveCCWorker] Cleared cached video readers on stop request
INFO:root:[LiveCCWorker] Start LiveCC inference on: /home/miislab/livecc_gui/examples/basketball_1080p_02.mp4
INFO:root:[LiveCCWorker] Cleared cached video readers
ERROR:root:[LiveCCWorker] Error during inference
Traceback (most recent call last):
  File "/home/miislab/livecc_gui/src/miis_broadcast/workers/livecc.py", line 87, in runInference
    for (start_t, stop_t), response, state in self.livecc.live_cc(query, state):
  File "/home/miislab/livecc_gui/src/miis_broadcast/core/models/livecc_transformers.py", line 283, in live_cc
    outputs = self.model.generate(
  File "/home/miislab/miniforge3/envs/livecc/lib/python3.10/site-packages/torch/utils/_contextlib.py", line 120, in decorate_context
    return func(*args, **kwargs)
  File "/home/miislab/miniforge3/envs/livecc/lib/python3.10/site-packages/transformers/generation/utils.py", line 2514, in generate
    self._validate_generated_length(generation_config, input_ids_length, has_default_max_length)
  File "/home/miislab/miniforge3/envs/livecc/lib/python3.10/site-packages/transformers/generation/utils.py", line 1617, in _validate_generated_length
    raise ValueError(
ValueError: Input length of input_ids is 32852, but `max_length` is set to 32768. This can lead to unexpected behavior. You should consider increasing `max_length` or, better yet, setting `max_new_tokens`.
INFO:root:[LiveCCWorker] Cleared cached video readers on stop request
INFO:root:[LiveCCWorker] Cleared cached video readers after inference
INFO:root:[LiveCCWorker] Cleared cached video readers on stop request
INFO:root:[LiveCCWorker] Start LiveCC inference on: /home/miislab/livecc_gui/examples/wheelchair_long.mp4
INFO:root:[LiveCCWorker] Cleared cached video readers
INFO:root:[LiveCCWorker] Cleared cached video readers on stop request
INFO:root:[LiveCCWorker] Stop requested, breaking inference loop
INFO:root:[LiveCCWorker] LiveCC inference finished. Took 17.90 s
INFO:root:[LiveCCWorker] Cleared cached video readers after inference
INFO:root:[LiveCCWorker] Cleared cached video readers on stop request
INFO:root:[LiveCCWorker] Start LiveCC inference on: /home/miislab/livecc_gui/examples/wheelchair_long.mp4
INFO:root:[LiveCCWorker] Cleared cached video readers
INFO:root:[LiveCCWorker] Video ended
INFO:root:[LiveCCWorker] LiveCC inference finished. Took 42.47 s
INFO:root:[LiveCCWorker] Cleared cached video readers on stop request
INFO:root:[LiveCCWorker] Cleared cached video readers after inference
INFO:root:[LiveCCWorker] Start LiveCC inference on: /home/miislab/livecc_gui/examples/wheelchair_long.mp4
INFO:root:[LiveCCWorker] Cleared cached video readers
INFO:root:[LiveCCWorker] Video ended
INFO:root:[LiveCCWorker] LiveCC inference finished. Took 42.49 s
INFO:root:[LiveCCWorker] Cleared cached video readers on stop request
INFO:root:[LiveCCWorker] Cleared cached video readers after inference
INFO:root:[LiveCCWorker] Cleared cached video readers on stop request
INFO:root:[LiveCCWorker] Start LiveCC inference on: /home/miislab/livecc_gui/examples/boat.mp4
INFO:root:[LiveCCWorker] Cleared cached video readers
INFO:root:[LiveCCWorker] Video ended
INFO:root:[LiveCCWorker] LiveCC inference finished. Took 44.48 s
INFO:root:[LiveCCWorker] Cleared cached video readers on stop request
INFO:root:[LiveCCWorker] Cleared cached video readers after inference
INFO:root:[LiveCCWorker] Start LiveCC inference on: /home/miislab/livecc_gui/examples/boat.mp4
INFO:root:[LiveCCWorker] Cleared cached video readers
INFO:root:[LiveCCWorker] Video ended
INFO:root:[LiveCCWorker] LiveCC inference finished. Took 45.36 s
INFO:root:[LiveCCWorker] Cleared cached video readers after inference
INFO:root:[LiveCCWorker] Cleared cached video readers on stop request
INFO:root:[LiveCCWorker] Cleared cached video readers on stop request
INFO:root:[LiveCCWorker] Start LiveCC inference on: /home/miislab/livecc_gui/examples/Takendo_1080_.mp4
INFO:root:[LiveCCWorker] Cleared cached video readers
ERROR:root:[LiveCCWorker] Error during inference
Traceback (most recent call last):
  File "/home/miislab/livecc_gui/src/miis_broadcast/workers/livecc.py", line 87, in runInference
    for (start_t, stop_t), response, state in self.livecc.live_cc(query, state):
  File "/home/miislab/livecc_gui/src/miis_broadcast/core/models/livecc_transformers.py", line 283, in live_cc
    outputs = self.model.generate(
  File "/home/miislab/miniforge3/envs/livecc/lib/python3.10/site-packages/torch/utils/_contextlib.py", line 120, in decorate_context
    return func(*args, **kwargs)
  File "/home/miislab/miniforge3/envs/livecc/lib/python3.10/site-packages/transformers/generation/utils.py", line 2514, in generate
    self._validate_generated_length(generation_config, input_ids_length, has_default_max_length)
  File "/home/miislab/miniforge3/envs/livecc/lib/python3.10/site-packages/transformers/generation/utils.py", line 1617, in _validate_generated_length
    raise ValueError(
ValueError: Input length of input_ids is 34026, but `max_length` is set to 32768. This can lead to unexpected behavior. You should consider increasing `max_length` or, better yet, setting `max_new_tokens`.
INFO:root:[LiveCCWorker] Cleared cached video readers on stop request
INFO:root:[LiveCCWorker] Cleared cached video readers after inference
INFO:root:[LiveCCWorker] Start LiveCC inference on: /home/miislab/livecc_gui/examples/Takendo_1080_.mp4
INFO:root:[LiveCCWorker] Cleared cached video readers
ERROR:root:[LiveCCWorker] Error during inference
Traceback (most recent call last):
  File "/home/miislab/livecc_gui/src/miis_broadcast/workers/livecc.py", line 87, in runInference
    for (start_t, stop_t), response, state in self.livecc.live_cc(query, state):
  File "/home/miislab/livecc_gui/src/miis_broadcast/core/models/livecc_transformers.py", line 283, in live_cc
    outputs = self.model.generate(
  File "/home/miislab/miniforge3/envs/livecc/lib/python3.10/site-packages/torch/utils/_contextlib.py", line 120, in decorate_context
    return func(*args, **kwargs)
  File "/home/miislab/miniforge3/envs/livecc/lib/python3.10/site-packages/transformers/generation/utils.py", line 2514, in generate
    self._validate_generated_length(generation_config, input_ids_length, has_default_max_length)
  File "/home/miislab/miniforge3/envs/livecc/lib/python3.10/site-packages/transformers/generation/utils.py", line 1617, in _validate_generated_length
    raise ValueError(
ValueError: Input length of input_ids is 33643, but `max_length` is set to 32768. This can lead to unexpected behavior. You should consider increasing `max_length` or, better yet, setting `max_new_tokens`.
INFO:root:[LiveCCWorker] Cleared cached video readers after inference
INFO:root:[LiveCCWorker] Cleared cached video readers on stop request
INFO:root:[LiveCCWorker] Start LiveCC inference on: /home/miislab/livecc_gui/examples/Takendo_1080_.mp4
INFO:root:[LiveCCWorker] Cleared cached video readers
ERROR:root:[LiveCCWorker] Error during inference
Traceback (most recent call last):
  File "/home/miislab/livecc_gui/src/miis_broadcast/workers/livecc.py", line 87, in runInference
    for (start_t, stop_t), response, state in self.livecc.live_cc(query, state):
  File "/home/miislab/livecc_gui/src/miis_broadcast/core/models/livecc_transformers.py", line 283, in live_cc
    outputs = self.model.generate(
  File "/home/miislab/miniforge3/envs/livecc/lib/python3.10/site-packages/torch/utils/_contextlib.py", line 120, in decorate_context
    return func(*args, **kwargs)
  File "/home/miislab/miniforge3/envs/livecc/lib/python3.10/site-packages/transformers/generation/utils.py", line 2514, in generate
    self._validate_generated_length(generation_config, input_ids_length, has_default_max_length)
  File "/home/miislab/miniforge3/envs/livecc/lib/python3.10/site-packages/transformers/generation/utils.py", line 1617, in _validate_generated_length
    raise ValueError(
ValueError: Input length of input_ids is 34099, but `max_length` is set to 32768. This can lead to unexpected behavior. You should consider increasing `max_length` or, better yet, setting `max_new_tokens`.
INFO:root:[LiveCCWorker] Cleared cached video readers on stop request
INFO:root:[LiveCCWorker] Cleared cached video readers after inference
INFO:root:[LiveCCWorker] Start LiveCC inference on: /home/miislab/livecc_gui/examples/Takendo_1080_.mp4
INFO:root:[LiveCCWorker] Cleared cached video readers
ERROR:root:[LiveCCWorker] Error during inference
Traceback (most recent call last):
  File "/home/miislab/livecc_gui/src/miis_broadcast/workers/livecc.py", line 87, in runInference
    for (start_t, stop_t), response, state in self.livecc.live_cc(query, state):
  File "/home/miislab/livecc_gui/src/miis_broadcast/core/models/livecc_transformers.py", line 283, in live_cc
    outputs = self.model.generate(
  File "/home/miislab/miniforge3/envs/livecc/lib/python3.10/site-packages/torch/utils/_contextlib.py", line 120, in decorate_context
    return func(*args, **kwargs)
  File "/home/miislab/miniforge3/envs/livecc/lib/python3.10/site-packages/transformers/generation/utils.py", line 2514, in generate
    self._validate_generated_length(generation_config, input_ids_length, has_default_max_length)
  File "/home/miislab/miniforge3/envs/livecc/lib/python3.10/site-packages/transformers/generation/utils.py", line 1617, in _validate_generated_length
    raise ValueError(
ValueError: Input length of input_ids is 33580, but `max_length` is set to 32768. This can lead to unexpected behavior. You should consider increasing `max_length` or, better yet, setting `max_new_tokens`.
INFO:root:[LiveCCWorker] Cleared cached video readers after inference
INFO:root:[LiveCCWorker] Cleared cached video readers on stop request
INFO:root:[LiveCCWorker] Cleared cached video readers on stop request
INFO:root:[LiveCCWorker] Start LiveCC inference on: /home/miislab/livecc_gui/examples/basketball_1080p_02.mp4
INFO:root:[LiveCCWorker] Cleared cached video readers
INFO:root:[LiveCCWorker] Cleared cached video readers on stop request
INFO:root:[LiveCCWorker] Stop requested, breaking inference loop
INFO:root:[LiveCCWorker] LiveCC inference finished. Took 7.20 s
INFO:root:[LiveCCWorker] Cleared cached video readers after inference
INFO:root:[LiveCCWorker] Cleared cached video readers on stop request
INFO:root:[LiveCCWorker] Start LiveCC inference on: /home/miislab/livecc_gui/examples/basketball_1080p_02.mp4
INFO:root:[LiveCCWorker] Cleared cached video readers
INFO:root:[LiveCCWorker] Cleared cached video readers on stop request
INFO:root:[LiveCCWorker] Stop requested, breaking inference loop
INFO:root:[LiveCCWorker] LiveCC inference finished. Took 13.52 s
INFO:root:[LiveCCWorker] Cleared cached video readers after inference
INFO:root:[LiveCCWorker] Cleared cached video readers on stop request
INFO:root:[LiveCCWorker] Start LiveCC inference on: /home/miislab/livecc_gui/examples/basketball_1080p_02.mp4
INFO:root:[LiveCCWorker] Cleared cached video readers
ERROR:root:[LiveCCWorker] Error during inference
Traceback (most recent call last):
  File "/home/miislab/livecc_gui/src/miis_broadcast/workers/livecc.py", line 87, in runInference
    for (start_t, stop_t), response, state in self.livecc.live_cc(query, state):
  File "/home/miislab/livecc_gui/src/miis_broadcast/core/models/livecc_transformers.py", line 283, in live_cc
    outputs = self.model.generate(
  File "/home/miislab/miniforge3/envs/livecc/lib/python3.10/site-packages/torch/utils/_contextlib.py", line 120, in decorate_context
    return func(*args, **kwargs)
  File "/home/miislab/miniforge3/envs/livecc/lib/python3.10/site-packages/transformers/generation/utils.py", line 2514, in generate
    self._validate_generated_length(generation_config, input_ids_length, has_default_max_length)
  File "/home/miislab/miniforge3/envs/livecc/lib/python3.10/site-packages/transformers/generation/utils.py", line 1617, in _validate_generated_length
    raise ValueError(
ValueError: Input length of input_ids is 32921, but `max_length` is set to 32768. This can lead to unexpected behavior. You should consider increasing `max_length` or, better yet, setting `max_new_tokens`.
INFO:root:[LiveCCWorker] Cleared cached video readers on stop request
INFO:root:[LiveCCWorker] Cleared cached video readers after inference
INFO:root:[LiveCCWorker] Start LiveCC inference on: /home/miislab/livecc_gui/examples/basketball_1080p_02.mp4
INFO:root:[LiveCCWorker] Cleared cached video readers
INFO:root:[LiveCCWorker] Start LiveCC inference on: /home/miislab/livecc_gui/examples/basketball_1080p_02.mp4
INFO:root:[LiveCCWorker] Cleared cached video readers
ERROR:root:[LiveCCWorker] Error during inference
Traceback (most recent call last):
  File "/home/miislab/livecc_gui/src/miis_broadcast/workers/livecc.py", line 87, in runInference
    for (start_t, stop_t), response, state in self.livecc.live_cc(query, state):
  File "/home/miislab/livecc_gui/src/miis_broadcast/core/models/livecc_transformers.py", line 283, in live_cc
    outputs = self.model.generate(
  File "/home/miislab/miniforge3/envs/livecc/lib/python3.10/site-packages/torch/utils/_contextlib.py", line 120, in decorate_context
    return func(*args, **kwargs)
  File "/home/miislab/miniforge3/envs/livecc/lib/python3.10/site-packages/transformers/generation/utils.py", line 2514, in generate
    self._validate_generated_length(generation_config, input_ids_length, has_default_max_length)
  File "/home/miislab/miniforge3/envs/livecc/lib/python3.10/site-packages/transformers/generation/utils.py", line 1617, in _validate_generated_length
    raise ValueError(
ValueError: Input length of input_ids is 33984, but `max_length` is set to 32768. This can lead to unexpected behavior. You should consider increasing `max_length` or, better yet, setting `max_new_tokens`.
INFO:root:[LiveCCWorker] Cleared cached video readers on stop request
INFO:root:[LiveCCWorker] Cleared cached video readers after inference
INFO:root:[LiveCCWorker] Start LiveCC inference on: /home/miislab/livecc_gui/examples/basketball_1080p_02.mp4
INFO:root:[LiveCCWorker] Cleared cached video readers
INFO:root:[LiveCCWorker] Cleared cached video readers on stop request
INFO:root:[LiveCCWorker] Stop requested, breaking inference loop
INFO:root:[LiveCCWorker] LiveCC inference finished. Took 23.34 s
INFO:root:[LiveCCWorker] Cleared cached video readers after inference
INFO:root:[LiveCCWorker] Cleared cached video readers on stop request
INFO:root:[LiveCCWorker] Start LiveCC inference on: /home/miislab/livecc_gui/examples/basketball_1080p_02.mp4
INFO:root:[LiveCCWorker] Cleared cached video readers
INFO:root:[LiveCCWorker] Cleared cached video readers on stop request
INFO:root:[LiveCCWorker] Stop requested, breaking inference loop
INFO:root:[LiveCCWorker] LiveCC inference finished. Took 48.96 s
INFO:root:[LiveCCWorker] Cleared cached video readers after inference
INFO:root:[LiveCCWorker] Cleared cached video readers on stop request
INFO:root:[LiveCCWorker] Cleared cached video readers on stop request
INFO:root:[LiveCCWorker] Start LiveCC inference on: /home/miislab/livecc_gui/examples/basketball_1080p_02.mp4
INFO:root:[LiveCCWorker] Cleared cached video readers
ERROR:root:[LiveCCWorker] Error during inference
Traceback (most recent call last):
  File "/home/miislab/livecc_gui/src/miis_broadcast/workers/livecc.py", line 87, in runInference
    for (start_t, stop_t), response, state in self.livecc.live_cc(query, state):
  File "/home/miislab/livecc_gui/src/miis_broadcast/core/models/livecc_transformers.py", line 283, in live_cc
    outputs = self.model.generate(
  File "/home/miislab/miniforge3/envs/livecc/lib/python3.10/site-packages/torch/utils/_contextlib.py", line 120, in decorate_context
    return func(*args, **kwargs)
  File "/home/miislab/miniforge3/envs/livecc/lib/python3.10/site-packages/transformers/generation/utils.py", line 2514, in generate
    self._validate_generated_length(generation_config, input_ids_length, has_default_max_length)
  File "/home/miislab/miniforge3/envs/livecc/lib/python3.10/site-packages/transformers/generation/utils.py", line 1617, in _validate_generated_length
    raise ValueError(
ValueError: Input length of input_ids is 32902, but `max_length` is set to 32768. This can lead to unexpected behavior. You should consider increasing `max_length` or, better yet, setting `max_new_tokens`.
INFO:root:[LiveCCWorker] Cleared cached video readers after inference
INFO:root:[LiveCCWorker] Cleared cached video readers on stop request
INFO:root:[LiveCCWorker] Start LiveCC inference on: /home/miislab/livecc_gui/examples/basketball_1080p_02.mp4
INFO:root:[LiveCCWorker] Cleared cached video readers
INFO:root:[LiveCCWorker] Cleared cached video readers on stop request
INFO:root:[LiveCCWorker] Stop requested, breaking inference loop
INFO:root:[LiveCCWorker] LiveCC inference finished. Took 7.47 s
INFO:root:[LiveCCWorker] Cleared cached video readers after inference
INFO:root:[LiveCCWorker] Cleared cached video readers on stop request
INFO:root:[LiveCCWorker] Start LiveCC inference on: /home/miislab/livecc_gui/examples/basketball_1080p_02.mp4
INFO:root:[LiveCCWorker] Cleared cached video readers
ERROR:root:[LiveCCWorker] Error during inference
Traceback (most recent call last):
  File "/home/miislab/livecc_gui/src/miis_broadcast/workers/livecc.py", line 87, in runInference
    for (start_t, stop_t), response, state in self.livecc.live_cc(query, state):
  File "/home/miislab/livecc_gui/src/miis_broadcast/core/models/livecc_transformers.py", line 159, in live_cc
    self._cached_video_readers_with_hw[video_path] = get_smart_resized_video_reader(
  File "/home/miislab/miniforge3/envs/livecc/lib/python3.10/site-packages/livecc_utils/video_process_patch.py", line 112, in get_smart_resized_video_reader
    height, width, _ = video_reader.next().shape
  File "/home/miislab/miniforge3/envs/livecc/lib/python3.10/site-packages/decord/video_reader.py", line 117, in next
    arr = _CAPI_VideoReaderNextFrame(self._handle)
  File "/home/miislab/miniforge3/envs/livecc/lib/python3.10/site-packages/decord/_ffi/_ctypes/function.py", line 173, in __call__
    check_call(_LIB.DECORDFuncCall(
  File "/home/miislab/miniforge3/envs/livecc/lib/python3.10/site-packages/decord/_ffi/base.py", line 78, in check_call
    raise DECORDError(err_str)
decord._ffi.base.DECORDError: [19:55:06] /github/workspace/src/video/video_reader.cc:444: [/home/miislab/livecc_gui/examples/basketball_1080p_02.mp4]Unable to handle EOF because it takes too long to retrieve last few frames and `DECORD_EOF_RETRY_MAX=10240`. You may override the limit by `export DECORD_EOF_RETRY_MAX=20480` for example to allow more EOF retry attempts, exit...
INFO:root:[LiveCCWorker] Cleared cached video readers on stop request
INFO:root:[LiveCCWorker] Cleared cached video readers after inference
INFO:root:[LiveCCWorker] Start LiveCC inference on: /home/miislab/livecc_gui/examples/basketball_1080p_02.mp4
INFO:root:[LiveCCWorker] Cleared cached video readers
ERROR:root:[LiveCCWorker] Error during inference
Traceback (most recent call last):
  File "/home/miislab/livecc_gui/src/miis_broadcast/workers/livecc.py", line 87, in runInference
    for (start_t, stop_t), response, state in self.livecc.live_cc(query, state):
  File "/home/miislab/livecc_gui/src/miis_broadcast/core/models/livecc_transformers.py", line 283, in live_cc
    outputs = self.model.generate(
  File "/home/miislab/miniforge3/envs/livecc/lib/python3.10/site-packages/torch/utils/_contextlib.py", line 120, in decorate_context
    return func(*args, **kwargs)
  File "/home/miislab/miniforge3/envs/livecc/lib/python3.10/site-packages/transformers/generation/utils.py", line 2514, in generate
    self._validate_generated_length(generation_config, input_ids_length, has_default_max_length)
  File "/home/miislab/miniforge3/envs/livecc/lib/python3.10/site-packages/transformers/generation/utils.py", line 1617, in _validate_generated_length
    raise ValueError(
ValueError: Input length of input_ids is 33991, but `max_length` is set to 32768. This can lead to unexpected behavior. You should consider increasing `max_length` or, better yet, setting `max_new_tokens`.
INFO:root:[LiveCCWorker] Cleared cached video readers on stop request
INFO:root:[LiveCCWorker] Cleared cached video readers after inference
INFO:root:[LiveCCWorker] Start LiveCC inference on: /home/miislab/livecc_gui/examples/basketball_1080p.mp4
INFO:root:[LiveCCWorker] Cleared cached video readers
INFO:root:[LiveCCWorker] Cleared cached video readers on stop request
INFO:root:[LiveCCWorker] Stop requested, breaking inference loop
INFO:root:[LiveCCWorker] LiveCC inference finished. Took 24.10 s
INFO:root:[LiveCCWorker] Cleared cached video readers after inference
INFO:root:[LiveCCWorker] Cleared cached video readers on stop request
INFO:root:[LiveCCWorker] Cleared cached video readers on stop request
INFO:root:[LiveCCWorker] Start LiveCC inference on: /home/miislab/livecc_gui/examples/basketball_1080p_02.mp4
INFO:root:[LiveCCWorker] Cleared cached video readers
INFO:root:[LiveCCWorker] Cleared cached video readers on stop request
INFO:root:[LiveCCWorker] Stop requested, breaking inference loop
INFO:root:[LiveCCWorker] LiveCC inference finished. Took 51.72 s
INFO:root:[LiveCCWorker] Cleared cached video readers after inference
INFO:root:[LiveCCWorker] Cleared cached video readers on stop request
INFO:root:[LiveCCWorker] Start LiveCC inference on: /home/miislab/livecc_gui/examples/boat.mp4
INFO:root:[LiveCCWorker] Cleared cached video readers
ERROR:root:[LiveCCWorker] Error during inference
Traceback (most recent call last):
  File "/home/miislab/livecc_gui/src/miis_broadcast/workers/livecc.py", line 87, in runInference
    for (start_t, stop_t), response, state in self.livecc.live_cc(query, state):
  File "/home/miislab/livecc_gui/src/miis_broadcast/core/models/livecc_transformers.py", line 212, in live_cc
    state["last_video_pts_index"] = clip_idxs[-1]
IndexError: list index out of range
INFO:root:[LiveCCWorker] Cleared cached video readers on stop request
INFO:root:[LiveCCWorker] Cleared cached video readers after inference
INFO:root:[LiveCCWorker] Start LiveCC inference on: /home/miislab/livecc_gui/examples/boat.mp4
INFO:root:[LiveCCWorker] Cleared cached video readers
INFO:root:[LiveCCWorker] Cleared cached video readers on stop request
INFO:root:[LiveCCWorker] Stop requested, breaking inference loop
INFO:root:[LiveCCWorker] LiveCC inference finished. Took 51.47 s
INFO:root:[LiveCCWorker] Cleared cached video readers after inference
INFO:root:[LiveCCWorker] Cleared cached video readers on stop request
INFO:root:[LiveCCWorker] Cleared cached video readers on stop request
INFO:root:[LiveCCWorker] Start LiveCC inference on: /home/miislab/livecc_gui/examples/boat.mp4
INFO:root:[LiveCCWorker] Cleared cached video readers
INFO:root:[LiveCCWorker] Cleared cached video readers on stop request
INFO:root:[LiveCCWorker] Stop requested, breaking inference loop
INFO:root:[LiveCCWorker] LiveCC inference finished. Took 32.52 s
INFO:root:[LiveCCWorker] Cleared cached video readers after inference
INFO:root:[LiveCCWorker] Cleared cached video readers on stop request
INFO:root:[LiveCCWorker] Cleared cached video readers on stop request
INFO:root:[LiveCCWorker] Start LiveCC inference on: /home/miislab/livecc_gui/examples/wheelchair_long.mp4
INFO:root:[LiveCCWorker] Cleared cached video readers
INFO:root:[LiveCCWorker] Cleared cached video readers on stop request
INFO:root:[LiveCCWorker] Stop requested, breaking inference loop
INFO:root:[LiveCCWorker] LiveCC inference finished. Took 8.61 s
INFO:root:[LiveCCWorker] Cleared cached video readers after inference
INFO:root:[LiveCCWorker] Cleared cached video readers on stop request
INFO:root:[LiveCCWorker] Start LiveCC inference on: /home/miislab/livecc_gui/examples/wheelchair_long.mp4
INFO:root:[LiveCCWorker] Cleared cached video readers
INFO:root:[LiveCCWorker] Cleared cached video readers on stop request
INFO:root:[LiveCCWorker] Stop requested, breaking inference loop
INFO:root:[LiveCCWorker] LiveCC inference finished. Took 2.09 s
INFO:root:[LiveCCWorker] Cleared cached video readers after inference
INFO:root:[LiveCCWorker] Cleared cached video readers on stop request
INFO:root:[LiveCCWorker] Start LiveCC inference on: /home/miislab/livecc_gui/examples/wheelchair_long.mp4
INFO:root:[LiveCCWorker] Cleared cached video readers
INFO:root:[LiveCCWorker] Video ended
INFO:root:[LiveCCWorker] LiveCC inference finished. Took 41.89 s
INFO:root:[LiveCCWorker] Cleared cached video readers on stop request
INFO:root:[LiveCCWorker] Cleared cached video readers after inference
INFO:root:[LiveCCWorker] Cleared cached video readers on stop request
INFO:root:[LiveCCWorker] Cleared cached video readers on stop request
INFO:root:[LiveCCWorker] Cleared cached video readers on stop request
INFO:root:[LiveCCCameraWorker] Start camera inference loop (Cursor Mode)
INFO:root:[LiveCCWorker] Cleared cached video readers on stop request
INFO:root:[LiveCCCameraWorker] Camera inference loop finished
INFO:root:[LiveCCCameraWorker] Start camera inference loop (Cursor Mode)
INFO:root:[LiveCCWorker] Cleared cached video readers on stop request
INFO:root:[LiveCCCameraWorker] Camera inference loop finished
INFO:root:[LiveCCWorker] Cleared cached video readers on stop request
INFO:root:[LiveCCCameraWorker] Start camera inference loop
INFO:root:[LiveCCCameraWorker] Memory Reset (Count=5)
INFO:root:[LiveCCCameraWorker] Memory Reset (Count=10)
INFO:root:[LiveCCCameraWorker] Memory Reset (Count=15)
INFO:root:[LiveCCCameraWorker] Memory Reset (Count=20)
INFO:root:[LiveCCCameraWorker] Memory Reset (Count=25)
INFO:root:[LiveCCCameraWorker] Memory Reset (Count=30)
INFO:root:[LiveCCWorker] Cleared cached video readers on stop request
INFO:root:[LiveCCCameraWorker] Camera inference loop finished
INFO:root:[LiveCCWorker] Cleared cached video readers on stop request
INFO:root:[LiveCCCameraWorker] Start camera inference loop
INFO:root:[LiveCCCameraWorker] Memory Reset (Count=5)
INFO:root:[LiveCCCameraWorker] Memory Reset (Count=10)
INFO:root:[LiveCCCameraWorker] Memory Reset (Count=15)
INFO:root:[LiveCCCameraWorker] Memory Reset (Count=20)
INFO:root:[LiveCCCameraWorker] Memory Reset (Count=25)
INFO:root:[LiveCCCameraWorker] Memory Reset (Count=30)
INFO:root:[LiveCCCameraWorker] Memory Reset (Count=35)
INFO:root:[LiveCCWorker] Cleared cached video readers on stop request
INFO:root:[LiveCCCameraWorker] Camera inference loop finished
INFO:root:[LiveCCWorker] Cleared cached video readers on stop request
INFO:root:[LiveCCCameraWorker] Start camera inference loop
ERROR:root:[LiveCCCameraWorker] Error during camera inference
Traceback (most recent call last):
  File "/home/miislab/livecc_gui/src/miis_broadcast/workers/livecc.py", line 305, in runCameraInference
    for (start_ts, stop_ts), text, self._state in self.livecc.live_cc_from_frames(
  File "/home/miislab/livecc_gui/src/miis_broadcast/core/models/livecc_transformers.py", line 393, in live_cc_from_frames
    outputs = self.model.generate(
  File "/home/miislab/miniforge3/envs/livecc/lib/python3.10/site-packages/torch/utils/_contextlib.py", line 120, in decorate_context
    return func(*args, **kwargs)
  File "/home/miislab/miniforge3/envs/livecc/lib/python3.10/site-packages/transformers/generation/utils.py", line 2543, in generate
    prepared_logits_processor = self._get_logits_processor(
  File "/home/miislab/miniforge3/envs/livecc/lib/python3.10/site-packages/transformers/generation/utils.py", line 1142, in _get_logits_processor
    processors.append(RepetitionPenaltyLogitsProcessor(penalty=generation_config.repetition_penalty))
  File "/home/miislab/miniforge3/envs/livecc/lib/python3.10/site-packages/transformers/generation/logits_process.py", line 349, in __init__
    raise ValueError(f"`penalty` has to be a strictly positive float, but is {penalty}")
ValueError: `penalty` has to be a strictly positive float, but is 5
INFO:root:[LiveCCCameraWorker] Camera inference loop finished
INFO:root:[LiveCCWorker] Cleared cached video readers on stop request
INFO:root:[LiveCCWorker] Cleared cached video readers on stop request
INFO:root:[LiveCCCameraWorker] Start camera inference loop
ERROR:root:[LiveCCCameraWorker] Error during camera inference
Traceback (most recent call last):
  File "/home/miislab/livecc_gui/src/miis_broadcast/workers/livecc.py", line 305, in runCameraInference
    for (start_ts, stop_ts), text, self._state in self.livecc.live_cc_from_frames(
  File "/home/miislab/livecc_gui/src/miis_broadcast/core/models/livecc_transformers.py", line 393, in live_cc_from_frames
    outputs = self.model.generate(
  File "/home/miislab/miniforge3/envs/livecc/lib/python3.10/site-packages/torch/utils/_contextlib.py", line 120, in decorate_context
    return func(*args, **kwargs)
  File "/home/miislab/miniforge3/envs/livecc/lib/python3.10/site-packages/transformers/generation/utils.py", line 2543, in generate
    prepared_logits_processor = self._get_logits_processor(
  File "/home/miislab/miniforge3/envs/livecc/lib/python3.10/site-packages/transformers/generation/utils.py", line 1142, in _get_logits_processor
    processors.append(RepetitionPenaltyLogitsProcessor(penalty=generation_config.repetition_penalty))
  File "/home/miislab/miniforge3/envs/livecc/lib/python3.10/site-packages/transformers/generation/logits_process.py", line 349, in __init__
    raise ValueError(f"`penalty` has to be a strictly positive float, but is {penalty}")
ValueError: `penalty` has to be a strictly positive float, but is 2
INFO:root:[LiveCCCameraWorker] Camera inference loop finished
INFO:root:[LiveCCWorker] Cleared cached video readers on stop request
INFO:root:[LiveCCWorker] Cleared cached video readers on stop request
INFO:root:[LiveCCCameraWorker] Start camera inference loop
ERROR:root:[LiveCCCameraWorker] Error during camera inference
Traceback (most recent call last):
  File "/home/miislab/livecc_gui/src/miis_broadcast/workers/livecc.py", line 305, in runCameraInference
    for (start_ts, stop_ts), text, self._state in self.livecc.live_cc_from_frames(
  File "/home/miislab/livecc_gui/src/miis_broadcast/core/models/livecc_transformers.py", line 393, in live_cc_from_frames
    outputs = self.model.generate(
  File "/home/miislab/miniforge3/envs/livecc/lib/python3.10/site-packages/torch/utils/_contextlib.py", line 120, in decorate_context
    return func(*args, **kwargs)
  File "/home/miislab/miniforge3/envs/livecc/lib/python3.10/site-packages/transformers/generation/utils.py", line 2543, in generate
    prepared_logits_processor = self._get_logits_processor(
  File "/home/miislab/miniforge3/envs/livecc/lib/python3.10/site-packages/transformers/generation/utils.py", line 1142, in _get_logits_processor
    processors.append(RepetitionPenaltyLogitsProcessor(penalty=generation_config.repetition_penalty))
  File "/home/miislab/miniforge3/envs/livecc/lib/python3.10/site-packages/transformers/generation/logits_process.py", line 349, in __init__
    raise ValueError(f"`penalty` has to be a strictly positive float, but is {penalty}")
ValueError: `penalty` has to be a strictly positive float, but is 2
INFO:root:[LiveCCCameraWorker] Camera inference loop finished
INFO:root:[LiveCCWorker] Cleared cached video readers on stop request
INFO:root:[LiveCCCameraWorker] Start camera inference loop
INFO:root:[LiveCCWorker] Cleared cached video readers on stop request
INFO:root:[LiveCCCameraWorker] Camera inference loop finished
INFO:root:[LiveCCCameraWorker] Start camera inference loop
INFO:root:[LiveCCWorker] Cleared cached video readers on stop request
INFO:root:[LiveCCCameraWorker] Camera inference loop finished
INFO:root:[LiveCCCameraWorker] Start camera inference loop
ERROR:root:[LiveCCCameraWorker] Error during camera inference
Traceback (most recent call last):
  File "/home/miislab/livecc_gui/src/miis_broadcast/workers/livecc.py", line 305, in runCameraInference
    for (start_ts, stop_ts), text, self._state in self.livecc.live_cc_from_frames(
  File "/home/miislab/livecc_gui/src/miis_broadcast/core/models/livecc_transformers.py", line 393, in live_cc_from_frames
    outputs = self.model.generate(
  File "/home/miislab/miniforge3/envs/livecc/lib/python3.10/site-packages/torch/utils/_contextlib.py", line 120, in decorate_context
    return func(*args, **kwargs)
  File "/home/miislab/miniforge3/envs/livecc/lib/python3.10/site-packages/transformers/generation/utils.py", line 2543, in generate
    prepared_logits_processor = self._get_logits_processor(
  File "/home/miislab/miniforge3/envs/livecc/lib/python3.10/site-packages/transformers/generation/utils.py", line 1142, in _get_logits_processor
    processors.append(RepetitionPenaltyLogitsProcessor(penalty=generation_config.repetition_penalty))
  File "/home/miislab/miniforge3/envs/livecc/lib/python3.10/site-packages/transformers/generation/logits_process.py", line 349, in __init__
    raise ValueError(f"`penalty` has to be a strictly positive float, but is {penalty}")
ValueError: `penalty` has to be a strictly positive float, but is 2
INFO:root:[LiveCCCameraWorker] Camera inference loop finished
INFO:root:[LiveCCWorker] Cleared cached video readers on stop request
INFO:root:[LiveCCWorker] Cleared cached video readers on stop request
INFO:root:[LiveCCCameraWorker] Start camera inference loop
INFO:root:[LiveCCCameraWorker] Memory Reset (Count=5)
INFO:root:[LiveCCCameraWorker] Memory Reset (Count=10)
INFO:root:[LiveCCCameraWorker] Memory Reset (Count=15)
INFO:root:[LiveCCCameraWorker] Memory Reset (Count=20)
INFO:root:[LiveCCCameraWorker] Memory Reset (Count=25)
INFO:root:[LiveCCCameraWorker] Memory Reset (Count=30)
INFO:root:[LiveCCCameraWorker] Memory Reset (Count=35)
INFO:root:[LiveCCCameraWorker] Memory Reset (Count=40)
INFO:root:[LiveCCCameraWorker] Memory Reset (Count=45)
INFO:root:[LiveCCCameraWorker] Memory Reset (Count=50)
INFO:root:[LiveCCCameraWorker] Memory Reset (Count=55)
INFO:root:[LiveCCCameraWorker] Memory Reset (Count=60)
INFO:root:[LiveCCWorker] Cleared cached video readers on stop request
INFO:root:[LiveCCCameraWorker] Camera inference loop finished
INFO:root:[LiveCCWorker] Cleared cached video readers on stop request
INFO:root:[LiveCCCameraWorker] Start camera inference loop
INFO:root:[LiveCCCameraWorker] Memory Reset (Count=5)
INFO:root:[LiveCCCameraWorker] Memory Reset (Count=10)
INFO:root:[LiveCCCameraWorker] Memory Reset (Count=15)
INFO:root:[LiveCCCameraWorker] Memory Reset (Count=20)
INFO:root:[LiveCCCameraWorker] Memory Reset (Count=25)
INFO:root:[LiveCCCameraWorker] Memory Reset (Count=30)
INFO:root:[LiveCCWorker] Cleared cached video readers on stop request
INFO:root:[LiveCCCameraWorker] Camera inference loop finished
INFO:root:[LiveCCWorker] Cleared cached video readers on stop request
INFO:root:[LiveCCCameraWorker] Start camera inference loop
ERROR:root:[LiveCCCameraWorker] Error during camera inference
Traceback (most recent call last):
  File "/home/miislab/livecc_gui/src/miis_broadcast/workers/livecc.py", line 305, in runCameraInference
    for (start_ts, stop_ts), text, self._state in self.livecc.live_cc_from_frames(
  File "/home/miislab/livecc_gui/src/miis_broadcast/core/models/livecc_transformers.py", line 393, in live_cc_from_frames
    outputs = self.model.generate(
  File "/home/miislab/miniforge3/envs/livecc/lib/python3.10/site-packages/torch/utils/_contextlib.py", line 120, in decorate_context
    return func(*args, **kwargs)
  File "/home/miislab/miniforge3/envs/livecc/lib/python3.10/site-packages/transformers/generation/utils.py", line 2543, in generate
    prepared_logits_processor = self._get_logits_processor(
  File "/home/miislab/miniforge3/envs/livecc/lib/python3.10/site-packages/transformers/generation/utils.py", line 1142, in _get_logits_processor
    processors.append(RepetitionPenaltyLogitsProcessor(penalty=generation_config.repetition_penalty))
  File "/home/miislab/miniforge3/envs/livecc/lib/python3.10/site-packages/transformers/generation/logits_process.py", line 349, in __init__
    raise ValueError(f"`penalty` has to be a strictly positive float, but is {penalty}")
ValueError: `penalty` has to be a strictly positive float, but is 2
INFO:root:[LiveCCCameraWorker] Camera inference loop finished
INFO:root:[LiveCCWorker] Cleared cached video readers on stop request
INFO:root:[LiveCCWorker] Cleared cached video readers on stop request
INFO:root:[LiveCCCameraWorker] Start camera inference loop
INFO:root:[LiveCCCameraWorker] Memory Reset (Count=5)
INFO:root:[LiveCCCameraWorker] Memory Reset (Count=10)
INFO:root:[LiveCCCameraWorker] Memory Reset (Count=15)
INFO:root:[LiveCCCameraWorker] Memory Reset (Count=20)
INFO:root:[LiveCCCameraWorker] Memory Reset (Count=25)
INFO:root:[LiveCCWorker] Cleared cached video readers on stop request
INFO:root:[LiveCCCameraWorker] Camera inference loop finished
INFO:root:[LiveCCWorker] Cleared cached video readers on stop request
INFO:root:[LiveCCCameraWorker] Start camera inference loop
INFO:root:[LiveCCCameraWorker] Memory Reset (Count=5)
INFO:root:[LiveCCCameraWorker] Memory Reset (Count=10)
INFO:root:[LiveCCCameraWorker] Memory Reset (Count=15)
INFO:root:[LiveCCCameraWorker] Memory Reset (Count=20)
INFO:root:[LiveCCCameraWorker] Memory Reset (Count=25)
INFO:root:[LiveCCCameraWorker] Memory Reset (Count=30)
INFO:root:[LiveCCCameraWorker] Memory Reset (Count=35)
INFO:root:[LiveCCWorker] Cleared cached video readers on stop request
INFO:root:[LiveCCCameraWorker] Camera inference loop finished
INFO:root:[LiveCCWorker] Cleared cached video readers on stop request
INFO:root:[LiveCCCameraWorker] Start camera inference loop
INFO:root:[LiveCCCameraWorker] Memory Reset (Count=5)
INFO:root:[LiveCCCameraWorker] Memory Reset (Count=10)
INFO:root:[LiveCCCameraWorker] Memory Reset (Count=15)
INFO:root:[LiveCCCameraWorker] Memory Reset (Count=20)
INFO:root:[LiveCCCameraWorker] Memory Reset (Count=25)
INFO:root:[LiveCCWorker] Cleared cached video readers on stop request
INFO:root:[LiveCCCameraWorker] Camera inference loop finished
INFO:root:[LiveCCWorker] Cleared cached video readers on stop request
INFO:root:[LiveCCCameraWorker] Start camera inference loop
INFO:root:[LiveCCCameraWorker] Memory Reset (Count=5)
INFO:root:[LiveCCCameraWorker] Memory Reset (Count=10)
INFO:root:[LiveCCCameraWorker] Memory Reset (Count=15)
INFO:root:[LiveCCCameraWorker] Memory Reset (Count=20)
INFO:root:[LiveCCWorker] Cleared cached video readers on stop request
INFO:root:[LiveCCCameraWorker] Camera inference loop finished
INFO:root:[LiveCCWorker] Cleared cached video readers on stop request
INFO:root:[LiveCCCameraWorker] Start camera inference loop
INFO:root:[LiveCCCameraWorker] Memory Reset (Count=5)
INFO:root:[LiveCCCameraWorker] Memory Reset (Count=10)
INFO:root:[LiveCCCameraWorker] Memory Reset (Count=15)
INFO:root:[LiveCCCameraWorker] Memory Reset (Count=20)
INFO:root:[LiveCCWorker] Cleared cached video readers on stop request
INFO:root:[LiveCCCameraWorker] Camera inference loop finished
INFO:root:[LiveCCWorker] Cleared cached video readers on stop request
INFO:root:[LiveCCCameraWorker] Start camera inference loop
INFO:root:[LiveCCCameraWorker] Memory Reset (Count=5)
INFO:root:[LiveCCCameraWorker] Memory Reset (Count=10)
INFO:root:[LiveCCCameraWorker] Memory Reset (Count=15)
INFO:root:[LiveCCCameraWorker] Memory Reset (Count=20)
INFO:root:[LiveCCCameraWorker] Memory Reset (Count=25)
INFO:root:[LiveCCCameraWorker] Memory Reset (Count=30)
INFO:root:[LiveCCCameraWorker] Memory Reset (Count=35)
INFO:root:[LiveCCCameraWorker] Memory Reset (Count=40)
INFO:root:[LiveCCCameraWorker] Memory Reset (Count=45)
INFO:root:[LiveCCCameraWorker] Memory Reset (Count=50)
INFO:root:[LiveCCWorker] Cleared cached video readers on stop request
INFO:root:[LiveCCCameraWorker] Camera inference loop finished
INFO:root:[LiveCCWorker] Cleared cached video readers on stop request
INFO:root:[LiveCCCameraWorker] Start camera inference loop
INFO:root:[LiveCCCameraWorker] Memory Reset (Count=5)
INFO:root:[LiveCCCameraWorker] Memory Reset (Count=10)
INFO:root:[LiveCCCameraWorker] Memory Reset (Count=15)
INFO:root:[LiveCCWorker] Cleared cached video readers on stop request
INFO:root:[LiveCCCameraWorker] Camera inference loop finished
INFO:root:[LiveCCWorker] Cleared cached video readers on stop request
INFO:root:[LiveCCCameraWorker] Start camera inference loop
INFO:root:[LiveCCCameraWorker] Memory Reset (Count=5)
INFO:root:[LiveCCCameraWorker] Memory Reset (Count=10)
INFO:root:[LiveCCCameraWorker] Memory Reset (Count=15)
INFO:root:[LiveCCCameraWorker] Memory Reset (Count=20)
INFO:root:[LiveCCCameraWorker] Memory Reset (Count=25)
INFO:root:[LiveCCCameraWorker] Memory Reset (Count=30)
INFO:root:[LiveCCCameraWorker] Memory Reset (Count=35)
INFO:root:[LiveCCCameraWorker] Memory Reset (Count=40)
INFO:root:[LiveCCWorker] Cleared cached video readers on stop request
INFO:root:[LiveCCCameraWorker] Camera inference loop finished
INFO:root:[LiveCCWorker] Start LiveCC inference on: /home/miislab/livecc_gui/examples/basketball_1080p.mp4
INFO:root:[LiveCCWorker] Cleared cached video readers
ERROR:root:[LiveCCWorker] Error during inference
Traceback (most recent call last):
  File "/home/miislab/livecc_gui/src/miis_broadcast/workers/livecc.py", line 87, in runInference
    for (start_t, stop_t), response, state in self.livecc.live_cc(query, state):
  File "/home/miislab/livecc_gui/src/miis_broadcast/core/models/livecc_transformers.py", line 283, in live_cc
    outputs = self.model.generate(
  File "/home/miislab/miniforge3/envs/livecc/lib/python3.10/site-packages/torch/utils/_contextlib.py", line 120, in decorate_context
    return func(*args, **kwargs)
  File "/home/miislab/miniforge3/envs/livecc/lib/python3.10/site-packages/transformers/generation/utils.py", line 2514, in generate
    self._validate_generated_length(generation_config, input_ids_length, has_default_max_length)
  File "/home/miislab/miniforge3/envs/livecc/lib/python3.10/site-packages/transformers/generation/utils.py", line 1617, in _validate_generated_length
    raise ValueError(
ValueError: Input length of input_ids is 33021, but `max_length` is set to 32768. This can lead to unexpected behavior. You should consider increasing `max_length` or, better yet, setting `max_new_tokens`.
INFO:root:[LiveCCWorker] Cleared cached video readers on stop request
INFO:root:[LiveCCWorker] Cleared cached video readers after inference
INFO:root:[LiveCCWorker] Cleared cached video readers on stop request
INFO:root:[LiveCCWorker] Start LiveCC inference on: /home/miislab/livecc_gui/examples/basketball_1080p.mp4
INFO:root:[LiveCCWorker] Cleared cached video readers
INFO:root:[LiveCCWorker] Cleared cached video readers on stop request
INFO:root:[LiveCCWorker] Stop requested, breaking inference loop
INFO:root:[LiveCCWorker] LiveCC inference finished. Took 16.99 s
INFO:root:[LiveCCWorker] Cleared cached video readers after inference
INFO:root:[LiveCCWorker] Start LiveCC inference on: /home/miislab/livecc_gui/examples/basketball_1080p.mp4
INFO:root:[LiveCCWorker] Cleared cached video readers
INFO:root:[LiveCCWorker] Cleared cached video readers on stop request
INFO:root:[LiveCCWorker] Stop requested, breaking inference loop
INFO:root:[LiveCCWorker] LiveCC inference finished. Took 11.54 s
INFO:root:[LiveCCWorker] Cleared cached video readers after inference
INFO:root:[LiveCCWorker] Start LiveCC inference on: /home/miislab/livecc_gui/examples/basketball_1080p.mp4
INFO:root:[LiveCCWorker] Cleared cached video readers
INFO:root:[LiveCCWorker] Cleared cached video readers on stop request
INFO:root:[LiveCCWorker] Stop requested, breaking inference loop
INFO:root:[LiveCCWorker] LiveCC inference finished. Took 14.83 s
INFO:root:[LiveCCWorker] Cleared cached video readers after inference
INFO:root:[LiveCCWorker] Start LiveCC inference on: /home/miislab/livecc_gui/examples/basketball_1080p.mp4
INFO:root:[LiveCCWorker] Cleared cached video readers
INFO:root:[LiveCCWorker] Cleared cached video readers on stop request
INFO:root:[LiveCCWorker] Stop requested, breaking inference loop
INFO:root:[LiveCCWorker] LiveCC inference finished. Took 23.03 s
INFO:root:[LiveCCWorker] Cleared cached video readers after inference
INFO:root:[LiveCCWorker] Start LiveCC inference on: /home/miislab/livecc_gui/examples/basketball_1080p.mp4
INFO:root:[LiveCCWorker] Cleared cached video readers
INFO:root:[LiveCCWorker] Cleared cached video readers on stop request
INFO:root:[LiveCCWorker] Stop requested, breaking inference loop
INFO:root:[LiveCCWorker] LiveCC inference finished. Took 22.66 s
INFO:root:[LiveCCWorker] Cleared cached video readers after inference
INFO:root:[LiveCCWorker] Start LiveCC inference on: /home/miislab/livecc_gui/examples/basketball_1080p.mp4
INFO:root:[LiveCCWorker] Cleared cached video readers
INFO:root:[LiveCCWorker] Cleared cached video readers on stop request
INFO:root:[LiveCCWorker] Stop requested, breaking inference loop
INFO:root:[LiveCCWorker] LiveCC inference finished. Took 25.11 s
INFO:root:[LiveCCWorker] Cleared cached video readers after inference
INFO:root:[LiveCCWorker] Start LiveCC inference on: /home/miislab/livecc_gui/examples/basketball_1080p.mp4
INFO:root:[LiveCCWorker] Cleared cached video readers
INFO:root:[LiveCCWorker] Cleared cached video readers on stop request
INFO:root:[LiveCCWorker] Stop requested, breaking inference loop
INFO:root:[LiveCCWorker] LiveCC inference finished. Took 16.58 s
INFO:root:[LiveCCWorker] Cleared cached video readers after inference
INFO:root:[LiveCCWorker] Start LiveCC inference on: /home/miislab/livecc_gui/examples/basketball_1080p.mp4
INFO:root:[LiveCCWorker] Cleared cached video readers
INFO:root:[LiveCCWorker] Cleared cached video readers on stop request
INFO:root:[LiveCCWorker] Stop requested, breaking inference loop
INFO:root:[LiveCCWorker] LiveCC inference finished. Took 28.87 s
INFO:root:[LiveCCWorker] Cleared cached video readers after inference
INFO:root:[LiveCCWorker] Start LiveCC inference on: /home/miislab/livecc_gui/examples/basketball_1080p_02.mp4
INFO:root:[LiveCCWorker] Cleared cached video readers
INFO:root:[LiveCCWorker] Cleared cached video readers on stop request
INFO:root:[LiveCCWorker] Stop requested, breaking inference loop
INFO:root:[LiveCCWorker] LiveCC inference finished. Took 17.91 s
INFO:root:[LiveCCWorker] Cleared cached video readers after inference
INFO:root:[LiveCCWorker] Start LiveCC inference on: /home/miislab/livecc_gui/examples/basketball_1080p_02.mp4
INFO:root:[LiveCCWorker] Cleared cached video readers
INFO:root:[LiveCCWorker] Cleared cached video readers on stop request
INFO:root:[LiveCCWorker] Stop requested, breaking inference loop
INFO:root:[LiveCCWorker] LiveCC inference finished. Took 8.74 s
INFO:root:[LiveCCWorker] Cleared cached video readers after inference
INFO:root:[LiveCCWorker] Start LiveCC inference on: /home/miislab/livecc_gui/examples/basketball_1080p_02.mp4
INFO:root:[LiveCCWorker] Cleared cached video readers
INFO:root:[LiveCCWorker] Cleared cached video readers on stop request
INFO:root:[LiveCCWorker] Stop requested, breaking inference loop
INFO:root:[LiveCCWorker] LiveCC inference finished. Took 31.94 s
INFO:root:[LiveCCWorker] Cleared cached video readers after inference
INFO:root:[LiveCCCameraWorker] Start camera inference loop
INFO:root:[LiveCCCameraWorker] Memory Reset (Count=5)
INFO:root:[LiveCCCameraWorker] Memory Reset (Count=10)
INFO:root:[LiveCCWorker] Cleared cached video readers on stop request
INFO:root:[LiveCCCameraWorker] Camera inference loop finished
INFO:root:[LiveCCCameraWorker] Start camera inference loop
INFO:root:[LiveCCCameraWorker] Memory Reset (Count=5)
INFO:root:[LiveCCCameraWorker] Memory Reset (Count=10)
INFO:root:[LiveCCWorker] Cleared cached video readers on stop request
INFO:root:[LiveCCCameraWorker] Camera inference loop finished
INFO:root:[LiveCCCameraWorker] Start camera inference loop
INFO:root:[LiveCCWorker] Cleared cached video readers on stop request
INFO:root:[LiveCCCameraWorker] Camera inference loop finished
INFO:root:[LiveCCCameraWorker] Start camera inference loop
INFO:root:[LiveCCWorker] Cleared cached video readers on stop request
INFO:root:[LiveCCCameraWorker] Camera inference loop finished
INFO:root:[LiveCCWorker] Start LiveCC inference on: /home/miislab/livecc_gui/examples/basketball_1080p_02.mp4
INFO:root:[LiveCCWorker] Cleared cached video readers
INFO:root:[LiveCCWorker] Cleared cached video readers on stop request
INFO:root:[LiveCCWorker] Stop requested, breaking inference loop
INFO:root:[LiveCCWorker] LiveCC inference finished. Took 9.03 s
INFO:root:[LiveCCWorker] Cleared cached video readers after inference
INFO:root:[LiveCCWorker] Start LiveCC inference on: /home/miislab/livecc_gui/examples/basketball_1080p_02.mp4
INFO:root:[LiveCCWorker] Cleared cached video readers
INFO:root:[LiveCCWorker] Cleared cached video readers on stop request
INFO:root:[LiveCCWorker] Stop requested, breaking inference loop
INFO:root:[LiveCCWorker] LiveCC inference finished. Took 21.23 s
INFO:root:[LiveCCWorker] Cleared cached video readers after inference
INFO:root:[LiveCCWorker] Start LiveCC inference on: /home/miislab/livecc_gui/examples/basketball_1080p_02.mp4
INFO:root:[LiveCCWorker] Cleared cached video readers
INFO:root:[LiveCCWorker] Cleared cached video readers on stop request
INFO:root:[LiveCCWorker] Stop requested, breaking inference loop
INFO:root:[LiveCCWorker] LiveCC inference finished. Took 8.84 s
INFO:root:[LiveCCWorker] Cleared cached video readers after inference
INFO:root:[LiveCCWorker] Start LiveCC inference on: /home/miislab/livecc_gui/examples/basketball_1080p_02.mp4
INFO:root:[LiveCCWorker] Cleared cached video readers
INFO:root:[LiveCCWorker] Cleared cached video readers on stop request
INFO:root:[LiveCCWorker] Stop requested, breaking inference loop
INFO:root:[LiveCCWorker] LiveCC inference finished. Took 6.84 s
INFO:root:[LiveCCWorker] Cleared cached video readers after inference
INFO:root:[LiveCCWorker] Start LiveCC inference on: /home/miislab/livecc_gui/examples/basketball_1080p_02.mp4
INFO:root:[LiveCCWorker] Cleared cached video readers
INFO:root:[LiveCCWorker] Cleared cached video readers on stop request
INFO:root:[LiveCCWorker] Stop requested, breaking inference loop
INFO:root:[LiveCCWorker] LiveCC inference finished. Took 4.59 s
INFO:root:[LiveCCWorker] Cleared cached video readers after inference
INFO:root:[LiveCCWorker] Start LiveCC inference on: /home/miislab/livecc_gui/examples/basketball_1080p_02.mp4
INFO:root:[LiveCCWorker] Cleared cached video readers
INFO:root:[LiveCCWorker] Cleared cached video readers on stop request
INFO:root:[LiveCCWorker] Stop requested, breaking inference loop
INFO:root:[LiveCCWorker] LiveCC inference finished. Took 15.26 s
INFO:root:[LiveCCWorker] Cleared cached video readers after inference
INFO:root:[LiveCCWorker] Start LiveCC inference on: /home/miislab/livecc_gui/examples/basketball_1080p_02.mp4
INFO:root:[LiveCCWorker] Cleared cached video readers
INFO:root:[LiveCCWorker] Cleared cached video readers on stop request
INFO:root:[LiveCCWorker] Stop requested, breaking inference loop
INFO:root:[LiveCCWorker] LiveCC inference finished. Took 10.78 s
INFO:root:[LiveCCWorker] Cleared cached video readers after inference
INFO:root:[LiveCCWorker] Start LiveCC inference on: /home/miislab/livecc_gui/examples/basketball_1080p_02.mp4
INFO:root:[LiveCCWorker] Cleared cached video readers
INFO:root:[LiveCCWorker] Cleared cached video readers on stop request
INFO:root:[LiveCCWorker] Stop requested, breaking inference loop
INFO:root:[LiveCCWorker] LiveCC inference finished. Took 12.83 s
INFO:root:[LiveCCWorker] Cleared cached video readers after inference
INFO:root:[LiveCCWorker] Start LiveCC inference on: /home/miislab/livecc_gui/examples/basketball_1080p_02.mp4
INFO:root:[LiveCCWorker] Cleared cached video readers
INFO:root:[LiveCCWorker] Cleared cached video readers on stop request
INFO:root:[LiveCCWorker] Stop requested, breaking inference loop
INFO:root:[LiveCCWorker] LiveCC inference finished. Took 6.95 s
INFO:root:[LiveCCWorker] Cleared cached video readers after inference
INFO:root:[LiveCCWorker] Start LiveCC inference on: /home/miislab/livecc_gui/examples/basketball_1080p_02.mp4
INFO:root:[LiveCCWorker] Cleared cached video readers
INFO:root:[LiveCCWorker] Cleared cached video readers on stop request
INFO:root:[LiveCCWorker] Stop requested, breaking inference loop
INFO:root:[LiveCCWorker] LiveCC inference finished. Took 4.66 s
INFO:root:[LiveCCWorker] Cleared cached video readers after inference
INFO:root:[LiveCCWorker] Start LiveCC inference on: /home/miislab/livecc_gui/examples/basketball_1080p_02.mp4
INFO:root:[LiveCCWorker] Cleared cached video readers
INFO:root:[LiveCCWorker] Cleared cached video readers on stop request
INFO:root:[LiveCCWorker] Stop requested, breaking inference loop
INFO:root:[LiveCCWorker] LiveCC inference finished. Took 6.70 s
INFO:root:[LiveCCWorker] Cleared cached video readers after inference
INFO:root:[LiveCCWorker] Start LiveCC inference on: /home/miislab/livecc_gui/examples/wheelchair_long.mp4
INFO:root:[LiveCCWorker] Cleared cached video readers
INFO:root:[LiveCCWorker] Cleared cached video readers on stop request
INFO:root:[LiveCCWorker] Stop requested, breaking inference loop
INFO:root:[LiveCCWorker] LiveCC inference finished. Took 40.99 s
INFO:root:[LiveCCWorker] Cleared cached video readers after inference
INFO:root:[LiveCCWorker] Start LiveCC inference on: /home/miislab/livecc_gui/examples/wheelchair_long.mp4
INFO:root:[LiveCCWorker] Cleared cached video readers
INFO:root:[LiveCCWorker] Cleared cached video readers on stop request
INFO:root:[LiveCCWorker] Stop requested, breaking inference loop
INFO:root:[LiveCCWorker] LiveCC inference finished. Took 41.06 s
INFO:root:[LiveCCWorker] Cleared cached video readers after inference
INFO:root:[LiveCCWorker] Start LiveCC inference on: /home/miislab/livecc_gui/examples/wheelchair_long.mp4
INFO:root:[LiveCCWorker] Cleared cached video readers
INFO:root:[LiveCCWorker] Cleared cached video readers on stop request
INFO:root:[LiveCCWorker] Stop requested, breaking inference loop
INFO:root:[LiveCCWorker] LiveCC inference finished. Took 38.06 s
INFO:root:[LiveCCWorker] Cleared cached video readers after inference
INFO:root:[LiveCCWorker] Start LiveCC inference on: /home/miislab/livecc_gui/examples/wheelchair_long.mp4
INFO:root:[LiveCCWorker] Cleared cached video readers
INFO:root:[LiveCCWorker] Cleared cached video readers on stop request
INFO:root:[LiveCCWorker] Stop requested, breaking inference loop
INFO:root:[LiveCCWorker] LiveCC inference finished. Took 37.01 s
INFO:root:[LiveCCWorker] Cleared cached video readers after inference
INFO:root:[LiveCCWorker] Start LiveCC inference on: /home/miislab/livecc_gui/examples/wheelchair_long.mp4
INFO:root:[LiveCCWorker] Cleared cached video readers
INFO:root:[LiveCCWorker] Cleared cached video readers on stop request
INFO:root:[LiveCCWorker] Stop requested, breaking inference loop
INFO:root:[LiveCCWorker] LiveCC inference finished. Took 41.04 s
INFO:root:[LiveCCWorker] Cleared cached video readers after inference
INFO:root:[LiveCCWorker] Start LiveCC inference on: /home/miislab/livecc_gui/examples/wheelchair_long.mp4
INFO:root:[LiveCCWorker] Cleared cached video readers
INFO:root:[LiveCCWorker] Cleared cached video readers on stop request
INFO:root:[LiveCCWorker] Stop requested, breaking inference loop
INFO:root:[LiveCCWorker] LiveCC inference finished. Took 40.98 s
INFO:root:[LiveCCWorker] Cleared cached video readers after inference
INFO:root:input frame rate=25
INFO:root:[LiveCCWorker] Start LiveCC inference on: /home/miislab/livecc_gui/examples/wheelchair_long.mp4
INFO:root:[LiveCCWorker] Cleared cached video readers
ERROR:root:[LiveCCWorker] Error during inference
Traceback (most recent call last):
  File "/home/miislab/livecc_gui/src/miis_broadcast/workers/livecc.py", line 87, in runInference
    for (start_t, stop_t), response, state in self.livecc.live_cc(query, state):
  File "/home/miislab/livecc_gui/src/miis_broadcast/core/models/livecc_transformers.py", line 283, in live_cc
    outputs = self.model.generate(
  File "/home/miislab/miniforge3/envs/livecc_tts/lib/python3.10/site-packages/torch/utils/_contextlib.py", line 120, in decorate_context
    return func(*args, **kwargs)
  File "/home/miislab/miniforge3/envs/livecc_tts/lib/python3.10/site-packages/transformers/generation/utils.py", line 2068, in generate
    self._validate_generated_length(generation_config, input_ids_length, has_default_max_length)
  File "/home/miislab/miniforge3/envs/livecc_tts/lib/python3.10/site-packages/transformers/generation/utils.py", line 1383, in _validate_generated_length
    raise ValueError(
ValueError: Input length of input_ids is 1301, but `max_length` is set to 20. This can lead to unexpected behavior. You should consider increasing `max_length` or, better yet, setting `max_new_tokens`.
INFO:root:[LiveCCWorker] Cleared cached video readers after inference
INFO:root:[LiveCCWorker] Cleared cached video readers on stop request
INFO:root:[LiveCCWorker] Start LiveCC inference on: /home/miislab/livecc_gui/examples/wheelchair_long.mp4
INFO:root:[LiveCCWorker] Cleared cached video readers
ERROR:root:[LiveCCWorker] Error during inference
Traceback (most recent call last):
  File "/home/miislab/livecc_gui/src/miis_broadcast/workers/livecc.py", line 87, in runInference
    for (start_t, stop_t), response, state in self.livecc.live_cc(query, state):
  File "/home/miislab/livecc_gui/src/miis_broadcast/core/models/livecc_transformers.py", line 283, in live_cc
    outputs = self.model.generate(
  File "/home/miislab/miniforge3/envs/livecc_tts/lib/python3.10/site-packages/torch/utils/_contextlib.py", line 120, in decorate_context
    return func(*args, **kwargs)
  File "/home/miislab/miniforge3/envs/livecc_tts/lib/python3.10/site-packages/transformers/generation/utils.py", line 2068, in generate
    self._validate_generated_length(generation_config, input_ids_length, has_default_max_length)
  File "/home/miislab/miniforge3/envs/livecc_tts/lib/python3.10/site-packages/transformers/generation/utils.py", line 1383, in _validate_generated_length
    raise ValueError(
ValueError: Input length of input_ids is 1301, but `max_length` is set to 20. This can lead to unexpected behavior. You should consider increasing `max_length` or, better yet, setting `max_new_tokens`.
INFO:root:[LiveCCWorker] Cleared cached video readers on stop request
INFO:root:[LiveCCWorker] Cleared cached video readers after inference
INFO:root:[LiveCCWorker] Start LiveCC inference on: /home/miislab/livecc_gui/examples/boat.mp4
INFO:root:[LiveCCWorker] Cleared cached video readers
INFO:root:[LiveCCWorker] Cleared cached video readers on stop request
INFO:root:[LiveCCWorker] Stop requested, breaking inference loop
INFO:root:[LiveCCWorker] LiveCC inference finished. Took 17.43 s
INFO:root:[LiveCCWorker] Cleared cached video readers after inference
INFO:root:[LiveCCWorker] Start LiveCC inference on: /home/miislab/livecc_gui/examples/basketball_1080p_02.mp4
INFO:root:[LiveCCWorker] Cleared cached video readers
INFO:root:[LiveCCWorker] Cleared cached video readers on stop request
INFO:root:[LiveCCWorker] Stop requested, breaking inference loop
INFO:root:[LiveCCWorker] LiveCC inference finished. Took 15.18 s
INFO:root:[LiveCCWorker] Cleared cached video readers after inference
INFO:root:[LiveCCWorker] Start LiveCC inference on: /home/miislab/livecc_gui/examples/boat.mp4
INFO:root:[LiveCCWorker] Cleared cached video readers
INFO:root:[LiveCCWorker] Cleared cached video readers on stop request
INFO:root:[LiveCCWorker] Stop requested, breaking inference loop
INFO:root:[LiveCCWorker] LiveCC inference finished. Took 6.76 s
INFO:root:[LiveCCWorker] Cleared cached video readers after inference
INFO:root:[LiveCCWorker] Start LiveCC inference on: /home/miislab/livecc_gui/examples/basketball_1080p_02.mp4
INFO:root:[LiveCCWorker] Cleared cached video readers
INFO:root:[LiveCCWorker] Cleared cached video readers on stop request
INFO:root:[LiveCCWorker] Stop requested, breaking inference loop
INFO:root:[LiveCCWorker] LiveCC inference finished. Took 27.72 s
INFO:root:[LiveCCWorker] Cleared cached video readers after inference
INFO:root:[LiveCCWorker] Start LiveCC inference on: /home/miislab/livecc_gui/examples/basketball_1080p_02.mp4
INFO:root:[LiveCCWorker] Cleared cached video readers
INFO:root:[LiveCCWorker] Cleared cached video readers on stop request
INFO:root:[LiveCCWorker] Stop requested, breaking inference loop
INFO:root:[LiveCCWorker] LiveCC inference finished. Took 49.51 s
INFO:root:[LiveCCWorker] Cleared cached video readers after inference
INFO:root:[LiveCCWorker] Start LiveCC inference on: /home/miislab/livecc_gui/examples/wheelchair_long.mp4
INFO:root:[LiveCCWorker] Cleared cached video readers
INFO:root:[LiveCCWorker] Cleared cached video readers on stop request
INFO:root:[LiveCCWorker] Stop requested, breaking inference loop
INFO:root:[LiveCCWorker] LiveCC inference finished. Took 41.29 s
INFO:root:[LiveCCWorker] Cleared cached video readers after inference
INFO:root:[LiveCCCameraWorker] Start camera inference loop
INFO:root:[LiveCCCameraWorker] Memory Reset (Count=5)
INFO:root:[LiveCCCameraWorker] Memory Reset (Count=10)
INFO:root:[LiveCCCameraWorker] Memory Reset (Count=15)
INFO:root:[LiveCCWorker] Cleared cached video readers on stop request
INFO:root:[LiveCCCameraWorker] Camera inference loop finished
INFO:root:[LiveCCWorker] Start LiveCC inference on: /home/miislab/livecc_gui/examples/boat.mp4
INFO:root:[LiveCCWorker] Cleared cached video readers
INFO:root:[LiveCCWorker] Cleared cached video readers on stop request
INFO:root:[LiveCCWorker] Stop requested, breaking inference loop
INFO:root:[LiveCCWorker] LiveCC inference finished. Took 6.76 s
INFO:root:[LiveCCWorker] Cleared cached video readers after inference
INFO:root:[LiveCCWorker] Start LiveCC inference on: /home/miislab/livecc_gui/examples/wheelchair_long.mp4
INFO:root:[LiveCCWorker] Cleared cached video readers
INFO:root:[LiveCCWorker] Cleared cached video readers on stop request
INFO:root:[LiveCCWorker] Stop requested, breaking inference loop
INFO:root:[LiveCCWorker] LiveCC inference finished. Took 13.66 s
INFO:root:[LiveCCWorker] Cleared cached video readers after inference
INFO:root:[LiveCCWorker] Start LiveCC inference on: /home/miislab/livecc_gui/examples/wheelchair_long.mp4
INFO:root:[LiveCCWorker] Cleared cached video readers
INFO:root:[LiveCCWorker] Cleared cached video readers on stop request
INFO:root:[LiveCCWorker] Stop requested, breaking inference loop
INFO:root:[LiveCCWorker] LiveCC inference finished. Took 40.94 s
INFO:root:[LiveCCWorker] Cleared cached video readers after inference
INFO:root:[LiveCCWorker] Start LiveCC inference on: /home/miislab/livecc_gui/examples/basketball_1080p_02.mp4
INFO:root:[LiveCCWorker] Cleared cached video readers
INFO:root:[LiveCCWorker] Cleared cached video readers on stop request
INFO:root:[LiveCCWorker] Stop requested, breaking inference loop
INFO:root:[LiveCCWorker] LiveCC inference finished. Took 30.96 s
INFO:root:[LiveCCWorker] Cleared cached video readers after inference
INFO:root:[LiveCCCameraWorker] Start camera inference loop
INFO:root:[LiveCCCameraWorker] Memory Reset (Count=5)
INFO:root:[LiveCCCameraWorker] Memory Reset (Count=10)
INFO:root:[LiveCCCameraWorker] Memory Reset (Count=15)
INFO:root:[LiveCCCameraWorker] Memory Reset (Count=20)
INFO:root:[LiveCCWorker] Cleared cached video readers on stop request
INFO:root:[LiveCCCameraWorker] Camera inference loop finished
INFO:root:[LiveCCWorker] Start LiveCC inference on: /home/miislab/livecc_gui/examples/wheelchair_long.mp4
INFO:root:[LiveCCWorker] Cleared cached video readers
INFO:root:[LiveCCWorker] Cleared cached video readers on stop request
INFO:root:[LiveCCWorker] Stop requested, breaking inference loop
INFO:root:[LiveCCWorker] LiveCC inference finished. Took 2.99 s
INFO:root:[LiveCCWorker] Cleared cached video readers after inference
INFO:root:[LiveCCWorker] Start LiveCC inference on: /home/miislab/livecc_gui/examples/wheelchair_long.mp4
INFO:root:[LiveCCWorker] Cleared cached video readers
INFO:root:[LiveCCWorker] Cleared cached video readers on stop request
INFO:root:[LiveCCWorker] Stop requested, breaking inference loop
INFO:root:[LiveCCWorker] LiveCC inference finished. Took 41.02 s
INFO:root:[LiveCCWorker] Cleared cached video readers after inference
INFO:root:[LiveCCCameraWorker] Start camera inference loop
INFO:root:[LiveCCWorker] Cleared cached video readers on stop request
INFO:root:[LiveCCCameraWorker] Camera inference loop finished
INFO:root:[LiveCCCameraWorker] Start camera inference loop
INFO:root:[LiveCCWorker] Cleared cached video readers on stop request
INFO:root:[LiveCCCameraWorker] Camera inference loop finished
INFO:root:[LiveCCWorker] Start LiveCC inference on: /home/miislab/livecc_gui/examples/wheelchair_long.mp4
INFO:root:[LiveCCWorker] Cleared cached video readers
INFO:root:[LiveCCWorker] Cleared cached video readers on stop request
INFO:root:[LiveCCWorker] Stop requested, breaking inference loop
INFO:root:[LiveCCWorker] LiveCC inference finished. Took 26.90 s
INFO:root:[LiveCCWorker] Cleared cached video readers after inference
INFO:root:[LiveCCWorker] Start LiveCC inference on: /home/miislab/livecc_gui/examples/wheelchair_long.mp4
INFO:root:[LiveCCWorker] Cleared cached video readers
INFO:root:[LiveCCWorker] Cleared cached video readers on stop request
INFO:root:[LiveCCWorker] Stop requested, breaking inference loop
INFO:root:[LiveCCWorker] LiveCC inference finished. Took 26.86 s
INFO:root:[LiveCCWorker] Cleared cached video readers after inference
INFO:root:[LiveCCWorker] Start LiveCC inference on: /home/miislab/livecc_gui/examples/Takendo_1080_.mp4
INFO:root:[LiveCCWorker] Cleared cached video readers
INFO:root:[LiveCCWorker] Cleared cached video readers on stop request
INFO:root:[LiveCCWorker] Stop requested, breaking inference loop
INFO:root:[LiveCCWorker] LiveCC inference finished. Took 11.75 s
INFO:root:[LiveCCWorker] Cleared cached video readers after inference
INFO:root:[LiveCCWorker] Start LiveCC inference on: /home/miislab/livecc_gui/examples/wheelchair_long.mp4
INFO:root:[LiveCCWorker] Cleared cached video readers
INFO:root:[LiveCCWorker] Cleared cached video readers on stop request
INFO:root:[LiveCCWorker] Stop requested, breaking inference loop
INFO:root:[LiveCCWorker] LiveCC inference finished. Took 41.19 s
INFO:root:[LiveCCWorker] Cleared cached video readers after inference
INFO:root:[LiveCCWorker] Start LiveCC inference on: /home/miislab/livecc_gui/examples/wheelchair_long.mp4
INFO:root:[LiveCCWorker] Cleared cached video readers
INFO:root:[LiveCCWorker] Cleared cached video readers on stop request
INFO:root:[LiveCCWorker] Stop requested, breaking inference loop
INFO:root:[LiveCCWorker] LiveCC inference finished. Took 40.93 s
INFO:root:[LiveCCWorker] Cleared cached video readers after inference
INFO:root:[LiveCCWorker] Start LiveCC inference on: /home/miislab/livecc_gui/examples/wheelchair_long.mp4
INFO:root:[LiveCCWorker] Cleared cached video readers
INFO:root:[LiveCCWorker] Cleared cached video readers on stop request
INFO:root:[LiveCCWorker] Stop requested, breaking inference loop
INFO:root:[LiveCCWorker] LiveCC inference finished. Took 30.83 s
INFO:root:[LiveCCWorker] Cleared cached video readers after inference
INFO:root:[LiveCCWorker] Start LiveCC inference on: /home/miislab/livecc_gui/examples/wheelchair_long.mp4
INFO:root:[LiveCCWorker] Cleared cached video readers
INFO:root:[LiveCCWorker] Cleared cached video readers on stop request
INFO:root:[LiveCCWorker] Stop requested, breaking inference loop
INFO:root:[LiveCCWorker] LiveCC inference finished. Took 33.10 s
INFO:root:[LiveCCWorker] Cleared cached video readers after inference
INFO:root:[LiveCCWorker] Start LiveCC inference on: /home/miislab/livecc_gui/examples/boat.mp4
INFO:root:[LiveCCWorker] Cleared cached video readers
INFO:root:[LiveCCWorker] Cleared cached video readers on stop request
INFO:root:[LiveCCWorker] Stop requested, breaking inference loop
INFO:root:[LiveCCWorker] LiveCC inference finished. Took 4.88 s
INFO:root:[LiveCCWorker] Cleared cached video readers after inference
INFO:root:[LiveCCWorker] Start LiveCC inference on: /home/miislab/livecc_gui/examples/boat.mp4
INFO:root:[LiveCCWorker] Cleared cached video readers
INFO:root:[LiveCCWorker] Cleared cached video readers on stop request
INFO:root:[LiveCCWorker] Stop requested, breaking inference loop
INFO:root:[LiveCCWorker] LiveCC inference finished. Took 5.33 s
INFO:root:[LiveCCWorker] Cleared cached video readers after inference
INFO:root:[LiveCCWorker] Start LiveCC inference on: /home/miislab/livecc_gui/examples/boat.mp4
INFO:root:[LiveCCWorker] Cleared cached video readers
INFO:root:[LiveCCWorker] Cleared cached video readers on stop request
INFO:root:[LiveCCWorker] Stop requested, breaking inference loop
INFO:root:[LiveCCWorker] LiveCC inference finished. Took 4.58 s
INFO:root:[LiveCCWorker] Cleared cached video readers after inference
INFO:root:[LiveCCWorker] Start LiveCC inference on: /home/miislab/livecc_gui/examples/boat.mp4
INFO:root:[LiveCCWorker] Cleared cached video readers
INFO:root:[LiveCCWorker] Cleared cached video readers on stop request
INFO:root:[LiveCCWorker] Stop requested, breaking inference loop
INFO:root:[LiveCCWorker] LiveCC inference finished. Took 3.50 s
INFO:root:[LiveCCWorker] Cleared cached video readers after inference
INFO:root:[LiveCCWorker] Start LiveCC inference on: /home/miislab/livecc_gui/examples/boat.mp4
INFO:root:[LiveCCWorker] Cleared cached video readers
INFO:root:[LiveCCWorker] Cleared cached video readers on stop request
INFO:root:[LiveCCWorker] Stop requested, breaking inference loop
INFO:root:[LiveCCWorker] LiveCC inference finished. Took 5.71 s
INFO:root:[LiveCCWorker] Cleared cached video readers after inference
INFO:root:input frame rate=25
INFO:root:input frame rate=25
INFO:root:input frame rate=25
INFO:root:[LiveCCWorker] Start LiveCC inference on: /home/miislab/livecc_gui/examples/boat.mp4
INFO:root:[LiveCCWorker] Cleared cached video readers
INFO:root:[LiveCCWorker] Stop requested, breaking inference loop
INFO:root:[LiveCCWorker] LiveCC inference finished. Took 10.41 s
INFO:root:[LiveCCWorker] Cleared cached video readers after inference
INFO:root:[LiveCCWorker] Cleared cached video readers on stop request
INFO:root:input frame rate=25
INFO:root:input frame rate=25
INFO:root:[LiveCCWorker] Start LiveCC inference on: /home/miislab/livecc_gui/examples/boat.mp4
INFO:root:[LiveCCWorker] Cleared cached video readers
INFO:root:[LiveCCWorker] Cleared cached video readers on stop request
INFO:root:[LiveCCWorker] Stop requested, breaking inference loop
INFO:root:[LiveCCWorker] LiveCC inference finished. Took 40.67 s
INFO:root:[LiveCCWorker] Cleared cached video readers after inference
INFO:root:[LiveCCWorker] Start LiveCC inference on: /home/miislab/livecc_gui/examples/boat.mp4
INFO:root:[LiveCCWorker] Cleared cached video readers
INFO:root:[LiveCCWorker] Cleared cached video readers on stop request
INFO:root:[LiveCCWorker] Stop requested, breaking inference loop
INFO:root:[LiveCCWorker] LiveCC inference finished. Took 20.10 s
INFO:root:[LiveCCWorker] Cleared cached video readers after inference
INFO:root:[LiveCCWorker] Start LiveCC inference on: /home/miislab/livecc_gui/examples/wheelchair_short.mp4
INFO:root:[LiveCCWorker] Cleared cached video readers
INFO:root:[LiveCCWorker] Video ended
INFO:root:[LiveCCWorker] LiveCC inference finished. Took 24.36 s
INFO:root:[LiveCCWorker] Cleared cached video readers on stop request
INFO:root:[LiveCCWorker] Cleared cached video readers after inference
INFO:root:input frame rate=25
INFO:root:[LiveCCWorker] Start LiveCC inference on: /home/miislab/livecc_gui/examples/wheelchair_long.mp4
INFO:root:[LiveCCWorker] Cleared cached video readers
INFO:root:[LiveCCWorker] Video ended
INFO:root:[LiveCCWorker] LiveCC inference finished. Took 42.09 s
INFO:root:[LiveCCWorker] Cleared cached video readers after inference
INFO:root:[LiveCCWorker] Cleared cached video readers on stop request
INFO:root:[LiveCCWorker] Start LiveCC inference on: /home/miislab/livecc_gui/examples/wheelchair_long.mp4
INFO:root:[LiveCCWorker] Cleared cached video readers
INFO:root:[LiveCCWorker] Cleared cached video readers on stop request
INFO:root:[LiveCCWorker] Stop requested, breaking inference loop
INFO:root:[LiveCCWorker] LiveCC inference finished. Took 15.81 s
INFO:root:[LiveCCWorker] Cleared cached video readers after inference
INFO:root:input frame rate=25
INFO:root:[LiveCCWorker] Start LiveCC inference on: /home/miislab/livecc_gui/examples/wheelchair_long.mp4
INFO:root:[LiveCCWorker] Cleared cached video readers
ERROR:root:[LiveCCWorker] Error during inference
Traceback (most recent call last):
  File "/home/miislab/livecc_gui/src/miis_broadcast/workers/livecc.py", line 87, in runInference
    for (start_t, stop_t), response, state in self.livecc.live_cc(query, state):
  File "/home/miislab/livecc_gui/src/miis_broadcast/core/models/livecc_transformers.py", line 283, in live_cc
    outputs = self.model.generate(
  File "/home/miislab/miniforge3/envs/livecc_chatterboxtts/lib/python3.10/site-packages/torch/utils/_contextlib.py", line 120, in decorate_context
    return func(*args, **kwargs)
  File "/home/miislab/miniforge3/envs/livecc_chatterboxtts/lib/python3.10/site-packages/transformers/generation/utils.py", line 2564, in generate
    result = decoding_method(
  File "/home/miislab/miniforge3/envs/livecc_chatterboxtts/lib/python3.10/site-packages/transformers/generation/utils.py", line 2784, in _sample
    outputs = self(**model_inputs, return_dict=True)
  File "/home/miislab/miniforge3/envs/livecc_chatterboxtts/lib/python3.10/site-packages/torch/nn/modules/module.py", line 1773, in _wrapped_call_impl
    return self._call_impl(*args, **kwargs)
  File "/home/miislab/miniforge3/envs/livecc_chatterboxtts/lib/python3.10/site-packages/torch/nn/modules/module.py", line 1784, in _call_impl
    return forward_call(*args, **kwargs)
  File "/home/miislab/miniforge3/envs/livecc_chatterboxtts/lib/python3.10/site-packages/transformers/utils/generic.py", line 918, in wrapper
    output = func(self, *args, **kwargs)
  File "/home/miislab/miniforge3/envs/livecc_chatterboxtts/lib/python3.10/site-packages/transformers/models/qwen2_vl/modeling_qwen2_vl.py", line 1356, in forward
    outputs = self.model(
  File "/home/miislab/miniforge3/envs/livecc_chatterboxtts/lib/python3.10/site-packages/torch/nn/modules/module.py", line 1773, in _wrapped_call_impl
    return self._call_impl(*args, **kwargs)
  File "/home/miislab/miniforge3/envs/livecc_chatterboxtts/lib/python3.10/site-packages/torch/nn/modules/module.py", line 1784, in _call_impl
    return forward_call(*args, **kwargs)
  File "/home/miislab/miniforge3/envs/livecc_chatterboxtts/lib/python3.10/site-packages/transformers/models/qwen2_vl/modeling_qwen2_vl.py", line 1195, in forward
    video_embeds = self.get_video_features(pixel_values_videos, video_grid_thw)
  File "/home/miislab/miniforge3/envs/livecc_chatterboxtts/lib/python3.10/site-packages/transformers/models/qwen2_vl/modeling_qwen2_vl.py", line 1087, in get_video_features
    video_embeds = self.visual(pixel_values_videos, grid_thw=video_grid_thw)
  File "/home/miislab/miniforge3/envs/livecc_chatterboxtts/lib/python3.10/site-packages/torch/nn/modules/module.py", line 1773, in _wrapped_call_impl
    return self._call_impl(*args, **kwargs)
  File "/home/miislab/miniforge3/envs/livecc_chatterboxtts/lib/python3.10/site-packages/torch/nn/modules/module.py", line 1784, in _call_impl
    return forward_call(*args, **kwargs)
  File "/home/miislab/miniforge3/envs/livecc_chatterboxtts/lib/python3.10/site-packages/transformers/models/qwen2_vl/modeling_qwen2_vl.py", line 729, in forward
    hidden_states = blk(
  File "/home/miislab/miniforge3/envs/livecc_chatterboxtts/lib/python3.10/site-packages/transformers/modeling_layers.py", line 94, in __call__
    return super().__call__(*args, **kwargs)
  File "/home/miislab/miniforge3/envs/livecc_chatterboxtts/lib/python3.10/site-packages/torch/nn/modules/module.py", line 1773, in _wrapped_call_impl
    return self._call_impl(*args, **kwargs)
  File "/home/miislab/miniforge3/envs/livecc_chatterboxtts/lib/python3.10/site-packages/torch/nn/modules/module.py", line 1784, in _call_impl
    return forward_call(*args, **kwargs)
  File "/home/miislab/miniforge3/envs/livecc_chatterboxtts/lib/python3.10/site-packages/transformers/models/qwen2_vl/modeling_qwen2_vl.py", line 422, in forward
    hidden_states = hidden_states + self.attn(
  File "/home/miislab/miniforge3/envs/livecc_chatterboxtts/lib/python3.10/site-packages/torch/nn/modules/module.py", line 1773, in _wrapped_call_impl
    return self._call_impl(*args, **kwargs)
  File "/home/miislab/miniforge3/envs/livecc_chatterboxtts/lib/python3.10/site-packages/torch/nn/modules/module.py", line 1784, in _call_impl
    return forward_call(*args, **kwargs)
  File "/home/miislab/miniforge3/envs/livecc_chatterboxtts/lib/python3.10/site-packages/transformers/models/qwen2_vl/modeling_qwen2_vl.py", line 361, in forward
    attn_output, _ = attention_interface(
  File "/home/miislab/miniforge3/envs/livecc_chatterboxtts/lib/python3.10/site-packages/transformers/integrations/flash_attention.py", line 66, in flash_attention_forward
    attn_output = _flash_attention_forward(
  File "/home/miislab/miniforge3/envs/livecc_chatterboxtts/lib/python3.10/site-packages/transformers/modeling_flash_attention_utils.py", line 647, in _flash_attention_forward
    out = flash_varlen_fn(
  File "/home/miislab/miniforge3/envs/livecc_chatterboxtts/lib/python3.10/site-packages/flash_attn/flash_attn_interface.py", line 1443, in flash_attn_varlen_func
    return FlashAttnVarlenFunc.apply(
  File "/home/miislab/miniforge3/envs/livecc_chatterboxtts/lib/python3.10/site-packages/torch/autograd/function.py", line 576, in apply
    return super().apply(*args, **kwargs)  # type: ignore[misc]
  File "/home/miislab/miniforge3/envs/livecc_chatterboxtts/lib/python3.10/site-packages/flash_attn/flash_attn_interface.py", line 925, in forward
    out_padded, softmax_lse, S_dmask, rng_state = _wrapped_flash_attn_varlen_forward(
  File "/home/miislab/miniforge3/envs/livecc_chatterboxtts/lib/python3.10/site-packages/torch/_ops.py", line 1243, in __call__
    return self._op(*args, **kwargs)
  File "/home/miislab/miniforge3/envs/livecc_chatterboxtts/lib/python3.10/site-packages/torch/_tensor.py", line 590, in __repr__
    return torch._tensor_str._str(self, tensor_contents=tensor_contents)
  File "/home/miislab/miniforge3/envs/livecc_chatterboxtts/lib/python3.10/site-packages/torch/_tensor_str.py", line 726, in _str
    return _str_intern(self, tensor_contents=tensor_contents)
  File "/home/miislab/miniforge3/envs/livecc_chatterboxtts/lib/python3.10/site-packages/torch/_tensor_str.py", line 647, in _str_intern
    tensor_str = _tensor_str(self, indent)
  File "/home/miislab/miniforge3/envs/livecc_chatterboxtts/lib/python3.10/site-packages/torch/_tensor_str.py", line 379, in _tensor_str
    formatter = _Formatter(get_summarized_data(self) if summarize else self)
  File "/home/miislab/miniforge3/envs/livecc_chatterboxtts/lib/python3.10/site-packages/torch/_tensor_str.py", line 142, in __init__
    value_str = f"{value}"
  File "/home/miislab/miniforge3/envs/livecc_chatterboxtts/lib/python3.10/site-packages/torch/_tensor.py", line 1129, in __format__
    return self.detach().item().__format__(format_spec)
torch.AcceleratorError: CUDA error: device-side assert triggered
CUDA kernel errors might be asynchronously reported at some other API call, so the stacktrace below might be incorrect.
For debugging consider passing CUDA_LAUNCH_BLOCKING=1
Compile with `TORCH_USE_CUDA_DSA` to enable device-side assertions.

INFO:root:[LiveCCWorker] Cleared cached video readers on stop request
INFO:root:[LiveCCWorker] Cleared cached video readers after inference
INFO:root:input frame rate=25
INFO:root:[LiveCCWorker] Start LiveCC inference on: /home/miislab/livecc_gui/examples/wheelchair_long.mp4
INFO:root:[LiveCCWorker] Cleared cached video readers
INFO:root:[LiveCCWorker] Cleared cached video readers on stop request
INFO:root:[LiveCCWorker] Stop requested, breaking inference loop
INFO:root:[LiveCCWorker] LiveCC inference finished. Took 9.01 s
INFO:root:[LiveCCWorker] Cleared cached video readers after inference
INFO:root:input frame rate=25
INFO:root:[LiveCCWorker] Start LiveCC inference on: /home/miislab/livecc_gui/examples/boat.mp4
INFO:root:[LiveCCWorker] Cleared cached video readers
INFO:root:[LiveCCWorker] Cleared cached video readers on stop request
INFO:root:[LiveCCWorker] Stop requested, breaking inference loop
INFO:root:[LiveCCWorker] LiveCC inference finished. Took 25.42 s
INFO:root:[LiveCCWorker] Cleared cached video readers after inference
INFO:root:input frame rate=25
INFO:root:[LiveCCWorker] Start LiveCC inference on: /home/miislab/livecc_gui/examples/wheelchair_long.mp4
INFO:root:[LiveCCWorker] Cleared cached video readers
ERROR:root:[LiveCCWorker] Error during inference
Traceback (most recent call last):
  File "/home/miislab/livecc_gui/src/miis_broadcast/workers/livecc.py", line 87, in runInference
    for (start_t, stop_t), response, state in self.livecc.live_cc(query, state):
  File "/home/miislab/livecc_gui/src/miis_broadcast/core/models/livecc_transformers.py", line 283, in live_cc
    outputs = self.model.generate(
  File "/home/miislab/miniforge3/envs/livecc_chatterboxtts/lib/python3.10/site-packages/torch/utils/_contextlib.py", line 120, in decorate_context
    return func(*args, **kwargs)
  File "/home/miislab/miniforge3/envs/livecc_chatterboxtts/lib/python3.10/site-packages/transformers/generation/utils.py", line 2564, in generate
    result = decoding_method(
  File "/home/miislab/miniforge3/envs/livecc_chatterboxtts/lib/python3.10/site-packages/transformers/generation/utils.py", line 2787, in _sample
    outputs = model_forward(**model_inputs, return_dict=True)
  File "/home/miislab/miniforge3/envs/livecc_chatterboxtts/lib/python3.10/site-packages/torch/nn/modules/module.py", line 1773, in _wrapped_call_impl
    return self._call_impl(*args, **kwargs)
  File "/home/miislab/miniforge3/envs/livecc_chatterboxtts/lib/python3.10/site-packages/torch/nn/modules/module.py", line 1784, in _call_impl
    return forward_call(*args, **kwargs)
  File "/home/miislab/miniforge3/envs/livecc_chatterboxtts/lib/python3.10/site-packages/transformers/utils/generic.py", line 918, in wrapper
    output = func(self, *args, **kwargs)
  File "/home/miislab/miniforge3/envs/livecc_chatterboxtts/lib/python3.10/site-packages/transformers/models/qwen2_vl/modeling_qwen2_vl.py", line 1356, in forward
    outputs = self.model(
  File "/home/miislab/miniforge3/envs/livecc_chatterboxtts/lib/python3.10/site-packages/torch/nn/modules/module.py", line 1773, in _wrapped_call_impl
    return self._call_impl(*args, **kwargs)
  File "/home/miislab/miniforge3/envs/livecc_chatterboxtts/lib/python3.10/site-packages/torch/nn/modules/module.py", line 1784, in _call_impl
    return forward_call(*args, **kwargs)
  File "/home/miislab/miniforge3/envs/livecc_chatterboxtts/lib/python3.10/site-packages/transformers/models/qwen2_vl/modeling_qwen2_vl.py", line 1220, in forward
    outputs = self.language_model(
  File "/home/miislab/miniforge3/envs/livecc_chatterboxtts/lib/python3.10/site-packages/torch/nn/modules/module.py", line 1773, in _wrapped_call_impl
    return self._call_impl(*args, **kwargs)
  File "/home/miislab/miniforge3/envs/livecc_chatterboxtts/lib/python3.10/site-packages/torch/nn/modules/module.py", line 1784, in _call_impl
    return forward_call(*args, **kwargs)
  File "/home/miislab/miniforge3/envs/livecc_chatterboxtts/lib/python3.10/site-packages/transformers/models/qwen2_vl/modeling_qwen2_vl.py", line 862, in forward
    layer_outputs = decoder_layer(
  File "/home/miislab/miniforge3/envs/livecc_chatterboxtts/lib/python3.10/site-packages/transformers/modeling_layers.py", line 94, in __call__
    return super().__call__(*args, **kwargs)
  File "/home/miislab/miniforge3/envs/livecc_chatterboxtts/lib/python3.10/site-packages/torch/nn/modules/module.py", line 1773, in _wrapped_call_impl
    return self._call_impl(*args, **kwargs)
  File "/home/miislab/miniforge3/envs/livecc_chatterboxtts/lib/python3.10/site-packages/torch/nn/modules/module.py", line 1784, in _call_impl
    return forward_call(*args, **kwargs)
  File "/home/miislab/miniforge3/envs/livecc_chatterboxtts/lib/python3.10/site-packages/transformers/utils/deprecation.py", line 172, in wrapped_func
    return func(*args, **kwargs)
  File "/home/miislab/miniforge3/envs/livecc_chatterboxtts/lib/python3.10/site-packages/transformers/models/qwen2_vl/modeling_qwen2_vl.py", line 601, in forward
    hidden_states, self_attn_weights = self.self_attn(
  File "/home/miislab/miniforge3/envs/livecc_chatterboxtts/lib/python3.10/site-packages/torch/nn/modules/module.py", line 1773, in _wrapped_call_impl
    return self._call_impl(*args, **kwargs)
  File "/home/miislab/miniforge3/envs/livecc_chatterboxtts/lib/python3.10/site-packages/torch/nn/modules/module.py", line 1784, in _call_impl
    return forward_call(*args, **kwargs)
  File "/home/miislab/miniforge3/envs/livecc_chatterboxtts/lib/python3.10/site-packages/transformers/utils/deprecation.py", line 172, in wrapped_func
    return func(*args, **kwargs)
  File "/home/miislab/miniforge3/envs/livecc_chatterboxtts/lib/python3.10/site-packages/transformers/models/qwen2_vl/modeling_qwen2_vl.py", line 514, in forward
    query_states, key_states = apply_multimodal_rotary_pos_emb(
  File "/home/miislab/miniforge3/envs/livecc_chatterboxtts/lib/python3.10/site-packages/transformers/models/qwen2_vl/modeling_qwen2_vl.py", line 196, in apply_multimodal_rotary_pos_emb
    q_embed = (q * cos) + (rotate_half(q) * sin)
  File "/home/miislab/miniforge3/envs/livecc_chatterboxtts/lib/python3.10/site-packages/transformers/models/qwen2_vl/modeling_qwen2_vl.py", line 153, in rotate_half
    return torch.cat((-x2, x1), dim=-1)
torch.AcceleratorError: CUDA error: device-side assert triggered
CUDA kernel errors might be asynchronously reported at some other API call, so the stacktrace below might be incorrect.
For debugging consider passing CUDA_LAUNCH_BLOCKING=1
Compile with `TORCH_USE_CUDA_DSA` to enable device-side assertions.

INFO:root:[LiveCCWorker] Cleared cached video readers on stop request
INFO:root:[LiveCCWorker] Cleared cached video readers after inference
INFO:root:input frame rate=25
INFO:root:input frame rate=25
INFO:root:[LiveCCWorker] Start LiveCC inference on: /home/miislab/livecc_gui/examples/basketball_1080p_02.mp4
INFO:root:[LiveCCWorker] Cleared cached video readers
INFO:root:[LiveCCWorker] Cleared cached video readers on stop request
INFO:root:[LiveCCWorker] Stop requested, breaking inference loop
INFO:root:[LiveCCWorker] LiveCC inference finished. Took 23.41 s
INFO:root:[LiveCCWorker] Cleared cached video readers after inference
INFO:root:[LiveCCWorker] Start LiveCC inference on: /home/miislab/livecc_gui/examples/basketball_1080p_02.mp4
INFO:root:[LiveCCWorker] Cleared cached video readers
ERROR:root:[LiveCCWorker] Error during inference
Traceback (most recent call last):
  File "/home/miislab/livecc_gui/src/miis_broadcast/workers/livecc.py", line 87, in runInference
    for (start_t, stop_t), response, state in self.livecc.live_cc(query, state):
  File "/home/miislab/livecc_gui/src/miis_broadcast/core/models/livecc_transformers.py", line 283, in live_cc
    outputs = self.model.generate(
  File "/home/miislab/miniforge3/envs/livecc_chatterboxtts/lib/python3.10/site-packages/torch/utils/_contextlib.py", line 120, in decorate_context
    return func(*args, **kwargs)
  File "/home/miislab/miniforge3/envs/livecc_chatterboxtts/lib/python3.10/site-packages/transformers/generation/utils.py", line 2514, in generate
    self._validate_generated_length(generation_config, input_ids_length, has_default_max_length)
  File "/home/miislab/miniforge3/envs/livecc_chatterboxtts/lib/python3.10/site-packages/transformers/generation/utils.py", line 1617, in _validate_generated_length
    raise ValueError(
ValueError: Input length of input_ids is 33546, but `max_length` is set to 32768. This can lead to unexpected behavior. You should consider increasing `max_length` or, better yet, setting `max_new_tokens`.
INFO:root:[LiveCCWorker] Cleared cached video readers after inference
INFO:root:[LiveCCWorker] Cleared cached video readers on stop request
INFO:root:[LiveCCWorker] Start LiveCC inference on: /home/miislab/livecc_gui/examples/basketball_1080p_02.mp4
INFO:root:[LiveCCWorker] Cleared cached video readers
INFO:root:[LiveCCWorker] Start LiveCC inference on: /home/miislab/livecc_gui/examples/boat.mp4
INFO:root:[LiveCCWorker] Cleared cached video readers
INFO:root:[LiveCCWorker] Cleared cached video readers on stop request
INFO:root:[LiveCCWorker] Stop requested, breaking inference loop
INFO:root:[LiveCCWorker] LiveCC inference finished. Took 21.32 s
INFO:root:[LiveCCWorker] Cleared cached video readers after inference
INFO:root:[LiveCCWorker] Start LiveCC inference on: /home/miislab/livecc_gui/examples/boat.mp4
INFO:root:[LiveCCWorker] Cleared cached video readers
INFO:root:[LiveCCWorker] Video ended
INFO:root:[LiveCCWorker] LiveCC inference finished. Took 43.62 s
INFO:root:[LiveCCWorker] Cleared cached video readers on stop request
INFO:root:[LiveCCWorker] Cleared cached video readers after inference
INFO:root:[LiveCCWorker] Start LiveCC inference on: /home/miislab/livecc_gui/examples/wheelchair_long.mp4
INFO:root:[LiveCCWorker] Cleared cached video readers
INFO:root:[LiveCCWorker] Cleared cached video readers on stop request
INFO:root:[LiveCCWorker] Stop requested, breaking inference loop
INFO:root:[LiveCCWorker] LiveCC inference finished. Took 33.39 s
INFO:root:[LiveCCWorker] Cleared cached video readers after inference
INFO:root:input frame rate=25
INFO:root:[LiveCCWorker] Start LiveCC inference on: /home/miislab/livecc_gui/examples/wheelchair_long.mp4
INFO:root:[LiveCCWorker] Cleared cached video readers
INFO:root:[LiveCCWorker] Cleared cached video readers on stop request
INFO:root:[LiveCCWorker] Stop requested, breaking inference loop
INFO:root:[LiveCCWorker] LiveCC inference finished. Took 26.32 s
INFO:root:[LiveCCWorker] Cleared cached video readers after inference
INFO:root:input frame rate=25
INFO:root:input frame rate=25
INFO:root:[LiveCCWorker] Start LiveCC inference on: /home/miislab/livecc_gui/examples/wheelchair_long.mp4
INFO:root:[LiveCCWorker] Cleared cached video readers
INFO:root:[LiveCCWorker] Cleared cached video readers on stop request
INFO:root:[LiveCCWorker] Stop requested, breaking inference loop
INFO:root:[LiveCCWorker] LiveCC inference finished. Took 25.16 s
INFO:root:[LiveCCWorker] Cleared cached video readers after inference
INFO:root:[LiveCCWorker] Start LiveCC inference on: /home/miislab/livecc_gui/examples/wheelchair_long.mp4
INFO:root:[LiveCCWorker] Cleared cached video readers
INFO:root:[LiveCCWorker] Cleared cached video readers on stop request
INFO:root:[LiveCCWorker] Stop requested, breaking inference loop
INFO:root:[LiveCCWorker] LiveCC inference finished. Took 23.47 s
INFO:root:[LiveCCWorker] Cleared cached video readers after inference
INFO:root:[LiveCCWorker] Start LiveCC inference on: /home/miislab/livecc_gui/examples/wheelchair_long.mp4
INFO:root:[LiveCCWorker] Cleared cached video readers
INFO:root:[LiveCCWorker] Cleared cached video readers on stop request
INFO:root:[LiveCCWorker] Stop requested, breaking inference loop
INFO:root:[LiveCCWorker] LiveCC inference finished. Took 6.61 s
INFO:root:[LiveCCWorker] Cleared cached video readers after inference
INFO:root:[LiveCCWorker] Start LiveCC inference on: /home/miislab/livecc_gui/examples/wheelchair_long.mp4
INFO:root:[LiveCCWorker] Cleared cached video readers
INFO:root:[LiveCCWorker] Cleared cached video readers on stop request
INFO:root:[LiveCCWorker] Stop requested, breaking inference loop
INFO:root:[LiveCCWorker] LiveCC inference finished. Took 39.06 s
INFO:root:[LiveCCWorker] Cleared cached video readers after inference
INFO:root:[LiveCCWorker] Start LiveCC inference on: /home/miislab/livecc_gui/examples/wheelchair_long.mp4
INFO:root:[LiveCCWorker] Cleared cached video readers
INFO:root:[LiveCCWorker] Cleared cached video readers on stop request
INFO:root:[LiveCCWorker] Stop requested, breaking inference loop
INFO:root:[LiveCCWorker] LiveCC inference finished. Took 14.10 s
INFO:root:[LiveCCWorker] Cleared cached video readers after inference
INFO:root:[LiveCCWorker] Start LiveCC inference on: /home/miislab/livecc_gui/examples/wheelchair_long.mp4
INFO:root:[LiveCCWorker] Cleared cached video readers
INFO:root:[LiveCCWorker] Cleared cached video readers on stop request
INFO:root:[LiveCCWorker] Stop requested, breaking inference loop
INFO:root:[LiveCCWorker] LiveCC inference finished. Took 42.18 s
INFO:root:[LiveCCWorker] Cleared cached video readers after inference
INFO:root:[LiveCCWorker] Start LiveCC inference on: /home/miislab/livecc_gui/examples/wheelchair_short.mp4
INFO:root:[LiveCCWorker] Cleared cached video readers
INFO:root:[LiveCCWorker] Cleared cached video readers on stop request
INFO:root:[LiveCCWorker] Stop requested, breaking inference loop
INFO:root:[LiveCCWorker] LiveCC inference finished. Took 25.72 s
INFO:root:[LiveCCWorker] Cleared cached video readers after inference
INFO:root:[LiveCCWorker] Start LiveCC inference on: /home/miislab/livecc_gui/examples/wheelchair_short.mp4
INFO:root:[LiveCCWorker] Cleared cached video readers
INFO:root:[LiveCCWorker] Cleared cached video readers on stop request
INFO:root:[LiveCCWorker] Stop requested, breaking inference loop
INFO:root:[LiveCCWorker] LiveCC inference finished. Took 24.15 s
INFO:root:[LiveCCWorker] Cleared cached video readers after inference
INFO:root:[LiveCCWorker] Start LiveCC inference on: /home/miislab/livecc_gui/examples/wheelchair_short.mp4
INFO:root:[LiveCCWorker] Cleared cached video readers
INFO:root:[LiveCCWorker] Cleared cached video readers on stop request
INFO:root:[LiveCCWorker] Stop requested, breaking inference loop
INFO:root:[LiveCCWorker] LiveCC inference finished. Took 24.11 s
INFO:root:[LiveCCWorker] Cleared cached video readers after inference
INFO:root:[LiveCCWorker] Start LiveCC inference on: /home/miislab/livecc_gui/examples/wheelchair_long.mp4
INFO:root:[LiveCCWorker] Cleared cached video readers
INFO:root:[LiveCCWorker] Video ended
INFO:root:[LiveCCWorker] LiveCC inference finished. Took 43.93 s
INFO:root:[LiveCCWorker] Cleared cached video readers on stop request
INFO:root:[LiveCCWorker] Cleared cached video readers after inference
INFO:root:[LiveCCWorker] Start LiveCC inference on: /home/miislab/livecc_gui/examples/basketball_1080p_02.mp4
INFO:root:[LiveCCWorker] Cleared cached video readers
ERROR:root:[LiveCCWorker] Error during inference
Traceback (most recent call last):
  File "/home/miislab/livecc_gui/src/miis_broadcast/workers/livecc.py", line 87, in runInference
    for (start_t, stop_t), response, state in self.livecc.live_cc(query, state):
  File "/home/miislab/livecc_gui/src/miis_broadcast/core/models/livecc_transformers.py", line 283, in live_cc
    outputs = self.model.generate(
  File "/home/miislab/miniforge3/envs/livecc_chatterboxtts/lib/python3.10/site-packages/torch/utils/_contextlib.py", line 120, in decorate_context
    return func(*args, **kwargs)
  File "/home/miislab/miniforge3/envs/livecc_chatterboxtts/lib/python3.10/site-packages/transformers/generation/utils.py", line 2514, in generate
    self._validate_generated_length(generation_config, input_ids_length, has_default_max_length)
  File "/home/miislab/miniforge3/envs/livecc_chatterboxtts/lib/python3.10/site-packages/transformers/generation/utils.py", line 1617, in _validate_generated_length
    raise ValueError(
ValueError: Input length of input_ids is 32884, but `max_length` is set to 32768. This can lead to unexpected behavior. You should consider increasing `max_length` or, better yet, setting `max_new_tokens`.
INFO:root:[LiveCCWorker] Cleared cached video readers after inference
INFO:root:[LiveCCWorker] Cleared cached video readers on stop request
INFO:root:[LiveCCWorker] Start LiveCC inference on: /home/miislab/livecc_gui/examples/basketball_1080p.mp4
INFO:root:[LiveCCWorker] Cleared cached video readers
INFO:root:[LiveCCWorker] Cleared cached video readers on stop request
INFO:root:[LiveCCWorker] Stop requested, breaking inference loop
INFO:root:[LiveCCWorker] LiveCC inference finished. Took 41.30 s
INFO:root:[LiveCCWorker] Cleared cached video readers after inference
INFO:root:[LiveCCWorker] Start LiveCC inference on: /home/miislab/livecc_gui/examples/boat.mp4
INFO:root:[LiveCCWorker] Cleared cached video readers
INFO:root:[LiveCCWorker] Cleared cached video readers on stop request
INFO:root:[LiveCCWorker] Stop requested, breaking inference loop
INFO:root:[LiveCCWorker] LiveCC inference finished. Took 12.98 s
INFO:root:[LiveCCWorker] Cleared cached video readers after inference
INFO:root:[LiveCCWorker] Start LiveCC inference on: /home/miislab/livecc_gui/examples/wheelchair_long.mp4
INFO:root:[LiveCCWorker] Cleared cached video readers
INFO:root:[LiveCCWorker] Video ended
INFO:root:[LiveCCWorker] LiveCC inference finished. Took 41.79 s
INFO:root:[LiveCCWorker] Cleared cached video readers on stop request
INFO:root:[LiveCCWorker] Cleared cached video readers after inference
INFO:root:[LiveCCWorker] Start LiveCC inference on: /home/miislab/livecc_gui/examples/wheelchair_long.mp4
INFO:root:[LiveCCWorker] Cleared cached video readers
INFO:root:[LiveCCWorker] Cleared cached video readers on stop request
INFO:root:[LiveCCWorker] Stop requested, breaking inference loop
INFO:root:[LiveCCWorker] LiveCC inference finished. Took 41.77 s
INFO:root:[LiveCCWorker] Cleared cached video readers after inference
INFO:root:[LiveCCWorker] Start LiveCC inference on: /home/miislab/livecc_gui/examples/basketball_1080p_02.mp4
INFO:root:[LiveCCWorker] Cleared cached video readers
INFO:root:[LiveCCWorker] Cleared cached video readers on stop request
INFO:root:[LiveCCWorker] Stop requested, breaking inference loop
INFO:root:[LiveCCWorker] LiveCC inference finished. Took 39.98 s
INFO:root:[LiveCCWorker] Cleared cached video readers after inference
INFO:root:[LiveCCWorker] Start LiveCC inference on: /home/miislab/livecc_gui/examples/basketball_1080p_02.mp4
INFO:root:[LiveCCWorker] Cleared cached video readers
ERROR:root:[LiveCCWorker] Error during inference
Traceback (most recent call last):
  File "/home/miislab/livecc_gui/src/miis_broadcast/workers/livecc.py", line 87, in runInference
    for (start_t, stop_t), response, state in self.livecc.live_cc(query, state):
  File "/home/miislab/livecc_gui/src/miis_broadcast/core/models/livecc_transformers.py", line 283, in live_cc
    outputs = self.model.generate(
  File "/home/miislab/miniforge3/envs/livecc_chatterboxtts/lib/python3.10/site-packages/torch/utils/_contextlib.py", line 120, in decorate_context
    return func(*args, **kwargs)
  File "/home/miislab/miniforge3/envs/livecc_chatterboxtts/lib/python3.10/site-packages/transformers/generation/utils.py", line 2514, in generate
    self._validate_generated_length(generation_config, input_ids_length, has_default_max_length)
  File "/home/miislab/miniforge3/envs/livecc_chatterboxtts/lib/python3.10/site-packages/transformers/generation/utils.py", line 1617, in _validate_generated_length
    raise ValueError(
ValueError: Input length of input_ids is 33105, but `max_length` is set to 32768. This can lead to unexpected behavior. You should consider increasing `max_length` or, better yet, setting `max_new_tokens`.
INFO:root:[LiveCCWorker] Cleared cached video readers after inference
INFO:root:[LiveCCWorker] Cleared cached video readers on stop request
INFO:root:[LiveCCWorker] Start LiveCC inference on: /home/miislab/livecc_gui/examples/boat.mp4
INFO:root:[LiveCCWorker] Cleared cached video readers
INFO:root:[LiveCCWorker] Cleared cached video readers on stop request
INFO:root:[LiveCCWorker] Stop requested, breaking inference loop
INFO:root:[LiveCCWorker] LiveCC inference finished. Took 2.42 s
INFO:root:[LiveCCWorker] Cleared cached video readers after inference
INFO:root:[LiveCCWorker] Start LiveCC inference on: /home/miislab/livecc_gui/examples/boat.mp4
INFO:root:[LiveCCWorker] Cleared cached video readers
INFO:root:[LiveCCWorker] Cleared cached video readers on stop request
INFO:root:[LiveCCWorker] Stop requested, breaking inference loop
INFO:root:[LiveCCWorker] LiveCC inference finished. Took 17.70 s
INFO:root:[LiveCCWorker] Cleared cached video readers after inference
INFO:root:[LiveCCWorker] Start LiveCC inference on: /home/miislab/livecc_gui/examples/wheelchair_long.mp4
INFO:root:[LiveCCWorker] Cleared cached video readers
INFO:root:[LiveCCWorker] Cleared cached video readers on stop request
INFO:root:[LiveCCWorker] Stop requested, breaking inference loop
INFO:root:[LiveCCWorker] LiveCC inference finished. Took 42.71 s
INFO:root:[LiveCCWorker] Cleared cached video readers after inference
INFO:root:[LiveCCWorker] Start LiveCC inference on: /home/miislab/livecc_gui/examples/wheelchair_long.mp4
INFO:root:[LiveCCWorker] Cleared cached video readers
ERROR:root:[LiveCCWorker] Error during inference
Traceback (most recent call last):
  File "/home/miislab/livecc_gui/src/miis_broadcast/workers/livecc.py", line 87, in runInference
    for (start_t, stop_t), response, state in self.livecc.live_cc(query, state):
  File "/home/miislab/livecc_gui/src/miis_broadcast/core/models/livecc_transformers.py", line 212, in live_cc
    state["last_video_pts_index"] = clip_idxs[-1]
IndexError: list index out of range
INFO:root:[LiveCCWorker] Cleared cached video readers on stop request
INFO:root:[LiveCCWorker] Cleared cached video readers after inference
INFO:root:[LiveCCWorker] Start LiveCC inference on: /home/miislab/livecc_gui/examples/boat.mp4
INFO:root:[LiveCCWorker] Cleared cached video readers
INFO:root:[LiveCCWorker] Cleared cached video readers on stop request
INFO:root:[LiveCCWorker] Stop requested, breaking inference loop
INFO:root:[LiveCCWorker] LiveCC inference finished. Took 23.68 s
INFO:root:[LiveCCWorker] Cleared cached video readers after inference
INFO:root:[LiveCCWorker] Start LiveCC inference on: /home/miislab/livecc_gui/examples/wheelchair_long.mp4
INFO:root:[LiveCCWorker] Cleared cached video readers
INFO:root:[LiveCCWorker] Cleared cached video readers on stop request
INFO:root:[LiveCCWorker] Stop requested, breaking inference loop
INFO:root:[LiveCCWorker] LiveCC inference finished. Took 10.55 s
INFO:root:[LiveCCWorker] Cleared cached video readers after inference
INFO:root:[LiveCCWorker] Start LiveCC inference on: /home/miislab/livecc_gui/examples/wheelchair_long.mp4
INFO:root:[LiveCCWorker] Cleared cached video readers
INFO:root:[LiveCCWorker] Cleared cached video readers on stop request
INFO:root:[LiveCCWorker] Stop requested, breaking inference loop
INFO:root:[LiveCCWorker] LiveCC inference finished. Took 8.69 s
INFO:root:[LiveCCWorker] Cleared cached video readers after inference
INFO:root:[LiveCCWorker] Start LiveCC inference on: /home/miislab/livecc_gui/examples/wheelchair_long.mp4
INFO:root:[LiveCCWorker] Cleared cached video readers
INFO:root:[LiveCCWorker] Cleared cached video readers on stop request
INFO:root:[LiveCCWorker] Stop requested, breaking inference loop
INFO:root:[LiveCCWorker] LiveCC inference finished. Took 5.91 s
INFO:root:[LiveCCWorker] Cleared cached video readers after inference
INFO:root:[LiveCCWorker] Start LiveCC inference on: /home/miislab/livecc_gui/examples/wheelchair_long.mp4
INFO:root:[LiveCCWorker] Cleared cached video readers
INFO:root:[LiveCCWorker] Cleared cached video readers on stop request
INFO:root:[LiveCCWorker] Stop requested, breaking inference loop
INFO:root:[LiveCCWorker] LiveCC inference finished. Took 12.75 s
INFO:root:[LiveCCWorker] Cleared cached video readers after inference
INFO:root:[LiveCCWorker] Start LiveCC inference on: /home/miislab/livecc_gui/examples/wheelchair_long.mp4
INFO:root:[LiveCCWorker] Cleared cached video readers
INFO:root:[LiveCCWorker] Cleared cached video readers on stop request
INFO:root:[LiveCCWorker] Stop requested, breaking inference loop
INFO:root:[LiveCCWorker] LiveCC inference finished. Took 30.53 s
INFO:root:[LiveCCWorker] Cleared cached video readers after inference
INFO:root:[LiveCCWorker] Start LiveCC inference on: /home/miislab/livecc_gui/examples/wheelchair_long.mp4
INFO:root:[LiveCCWorker] Cleared cached video readers
INFO:root:[LiveCCWorker] Cleared cached video readers on stop request
INFO:root:[LiveCCWorker] Stop requested, breaking inference loop
INFO:root:[LiveCCWorker] LiveCC inference finished. Took 34.70 s
INFO:root:[LiveCCWorker] Cleared cached video readers after inference
INFO:root:[LiveCCWorker] Start LiveCC inference on: /home/miislab/livecc_gui/examples/wheelchair_long.mp4
INFO:root:[LiveCCWorker] Cleared cached video readers
INFO:root:[LiveCCWorker] Cleared cached video readers on stop request
INFO:root:[LiveCCWorker] Stop requested, breaking inference loop
INFO:root:[LiveCCWorker] LiveCC inference finished. Took 21.71 s
INFO:root:[LiveCCWorker] Cleared cached video readers after inference
INFO:root:[LiveCCWorker] Start LiveCC inference on: /home/miislab/livecc_gui/examples/wheelchair_long.mp4
INFO:root:[LiveCCWorker] Cleared cached video readers
INFO:root:[LiveCCWorker] Cleared cached video readers on stop request
INFO:root:[LiveCCWorker] Stop requested, breaking inference loop
INFO:root:[LiveCCWorker] LiveCC inference finished. Took 30.06 s
INFO:root:[LiveCCWorker] Cleared cached video readers after inference
INFO:root:[LiveCCWorker] Start LiveCC inference on: /home/miislab/livecc_gui/examples/wheelchair_long.mp4
INFO:root:[LiveCCWorker] Cleared cached video readers
INFO:root:[LiveCCWorker] Cleared cached video readers on stop request
INFO:root:[LiveCCWorker] Stop requested, breaking inference loop
INFO:root:[LiveCCWorker] LiveCC inference finished. Took 30.57 s
INFO:root:[LiveCCWorker] Cleared cached video readers after inference
INFO:root:[LiveCCWorker] Start LiveCC inference on: /home/miislab/livecc_gui/examples/boat.mp4
INFO:root:[LiveCCWorker] Cleared cached video readers
INFO:root:[LiveCCWorker] Cleared cached video readers on stop request
INFO:root:[LiveCCWorker] Stop requested, breaking inference loop
INFO:root:[LiveCCWorker] LiveCC inference finished. Took 13.50 s
INFO:root:[LiveCCWorker] Cleared cached video readers after inference
INFO:root:[LiveCCWorker] Start LiveCC inference on: /home/miislab/livecc_gui/examples/boat.mp4
INFO:root:[LiveCCWorker] Cleared cached video readers
INFO:root:[LiveCCWorker] Cleared cached video readers on stop request
INFO:root:[LiveCCWorker] Stop requested, breaking inference loop
INFO:root:[LiveCCWorker] LiveCC inference finished. Took 13.28 s
INFO:root:[LiveCCWorker] Cleared cached video readers after inference
INFO:root:[LiveCCWorker] Start LiveCC inference on: /home/miislab/livecc_gui/examples/basketball_1080p_02.mp4
INFO:root:[LiveCCWorker] Cleared cached video readers
INFO:root:[LiveCCWorker] Cleared cached video readers on stop request
INFO:root:[LiveCCWorker] Stop requested, breaking inference loop
INFO:root:[LiveCCWorker] LiveCC inference finished. Took 13.12 s
INFO:root:[LiveCCWorker] Cleared cached video readers after inference
INFO:root:[LiveCCWorker] Start LiveCC inference on: /home/miislab/livecc_gui/examples/basketball_1080p_02.mp4
INFO:root:[LiveCCWorker] Cleared cached video readers
ERROR:root:[LiveCCWorker] Error during inference
Traceback (most recent call last):
  File "/home/miislab/livecc_gui/src/miis_broadcast/workers/livecc.py", line 87, in runInference
    for (start_t, stop_t), response, state in self.livecc.live_cc(query, state):
  File "/home/miislab/livecc_gui/src/miis_broadcast/core/models/livecc_transformers.py", line 276, in live_cc
    outputs = self.model.generate(
  File "/home/miislab/miniforge3/envs/livecc_chatterboxtts/lib/python3.10/site-packages/torch/utils/_contextlib.py", line 120, in decorate_context
    return func(*args, **kwargs)
  File "/home/miislab/miniforge3/envs/livecc_chatterboxtts/lib/python3.10/site-packages/transformers/generation/utils.py", line 2514, in generate
    self._validate_generated_length(generation_config, input_ids_length, has_default_max_length)
  File "/home/miislab/miniforge3/envs/livecc_chatterboxtts/lib/python3.10/site-packages/transformers/generation/utils.py", line 1617, in _validate_generated_length
    raise ValueError(
ValueError: Input length of input_ids is 33233, but `max_length` is set to 32768. This can lead to unexpected behavior. You should consider increasing `max_length` or, better yet, setting `max_new_tokens`.
INFO:root:[LiveCCWorker] Cleared cached video readers after inference
INFO:root:[LiveCCWorker] Cleared cached video readers on stop request
INFO:root:[LiveCCWorker] Start LiveCC inference on: /home/miislab/livecc_gui/examples/basketball_1080p_02.mp4
INFO:root:[LiveCCWorker] Cleared cached video readers
INFO:root:[LiveCCWorker] Stop requested, breaking inference loop
INFO:root:[LiveCCWorker] LiveCC inference finished. Took 116.33 s
INFO:root:[LiveCCWorker] Cleared cached video readers after inference
INFO:root:[LiveCCWorker] Cleared cached video readers on stop request
INFO:root:[LiveCCWorker] Start LiveCC inference on: /home/miislab/livecc_gui/examples/basketball_1080p_02.mp4
INFO:root:[LiveCCWorker] Cleared cached video readers
ERROR:root:[LiveCCWorker] Error during inference
Traceback (most recent call last):
  File "/home/miislab/livecc_gui/src/miis_broadcast/workers/livecc.py", line 87, in runInference
    for (start_t, stop_t), response, state in self.livecc.live_cc(query, state):
  File "/home/miislab/livecc_gui/src/miis_broadcast/core/models/livecc_transformers.py", line 356, in live_cc
    outputs = self.model.generate(
  File "/home/miislab/miniforge3/envs/livecc_chatterboxtts/lib/python3.10/site-packages/torch/utils/_contextlib.py", line 120, in decorate_context
    return func(*args, **kwargs)
  File "/home/miislab/miniforge3/envs/livecc_chatterboxtts/lib/python3.10/site-packages/transformers/generation/utils.py", line 2564, in generate
    result = decoding_method(
  File "/home/miislab/miniforge3/envs/livecc_chatterboxtts/lib/python3.10/site-packages/transformers/generation/utils.py", line 2784, in _sample
    outputs = self(**model_inputs, return_dict=True)
  File "/home/miislab/miniforge3/envs/livecc_chatterboxtts/lib/python3.10/site-packages/torch/nn/modules/module.py", line 1773, in _wrapped_call_impl
    return self._call_impl(*args, **kwargs)
  File "/home/miislab/miniforge3/envs/livecc_chatterboxtts/lib/python3.10/site-packages/torch/nn/modules/module.py", line 1784, in _call_impl
    return forward_call(*args, **kwargs)
  File "/home/miislab/miniforge3/envs/livecc_chatterboxtts/lib/python3.10/site-packages/transformers/utils/generic.py", line 918, in wrapper
    output = func(self, *args, **kwargs)
  File "/home/miislab/miniforge3/envs/livecc_chatterboxtts/lib/python3.10/site-packages/transformers/models/qwen2_vl/modeling_qwen2_vl.py", line 1356, in forward
    outputs = self.model(
  File "/home/miislab/miniforge3/envs/livecc_chatterboxtts/lib/python3.10/site-packages/torch/nn/modules/module.py", line 1773, in _wrapped_call_impl
    return self._call_impl(*args, **kwargs)
  File "/home/miislab/miniforge3/envs/livecc_chatterboxtts/lib/python3.10/site-packages/torch/nn/modules/module.py", line 1784, in _call_impl
    return forward_call(*args, **kwargs)
  File "/home/miislab/miniforge3/envs/livecc_chatterboxtts/lib/python3.10/site-packages/transformers/models/qwen2_vl/modeling_qwen2_vl.py", line 1197, in forward
    _, video_mask = self.get_placeholder_mask(
  File "/home/miislab/miniforge3/envs/livecc_chatterboxtts/lib/python3.10/site-packages/transformers/models/qwen2_vl/modeling_qwen2_vl.py", line 1142, in get_placeholder_mask
    raise ValueError(
ValueError: Videos features and video tokens do not match: tokens: 30825, features 1456
INFO:root:[LiveCCWorker] Cleared cached video readers on stop request
INFO:root:[LiveCCWorker] Cleared cached video readers after inference
INFO:root:[LiveCCWorker] Start LiveCC inference on: /home/miislab/livecc_gui/examples/basketball_1080p_02.mp4
INFO:root:[LiveCCWorker] Cleared cached video readers
INFO:root:[LiveCCWorker] Cleared cached video readers on stop request
INFO:root:[LiveCCWorker] Stop requested, breaking inference loop
INFO:root:[LiveCCWorker] LiveCC inference finished. Took 117.15 s
INFO:root:[LiveCCWorker] Cleared cached video readers after inference
INFO:root:[LiveCCWorker] Start LiveCC inference on: /home/miislab/livecc_gui/examples/basketball_1080p_02.mp4
INFO:root:[LiveCCWorker] Cleared cached video readers
INFO:root:[LiveCCWorker] Cleared cached video readers on stop request
INFO:root:[LiveCCWorker] Stop requested, breaking inference loop
INFO:root:[LiveCCWorker] LiveCC inference finished. Took 280.75 s
INFO:root:[LiveCCWorker] Cleared cached video readers after inference
INFO:root:[LiveCCWorker] Start LiveCC inference on: /home/miislab/livecc_gui/examples/basketball_1080p_02.mp4
INFO:root:[LiveCCWorker] Cleared cached video readers
INFO:root:[LiveCCWorker] Start LiveCC inference on: /home/miislab/livecc_gui/examples/basketball_1080p_02.mp4
INFO:root:[LiveCCWorker] Cleared cached video readers
INFO:root:[LiveCCWorker] Start LiveCC inference on: /home/miislab/livecc_gui/examples/basketball_1080p_02.mp4
INFO:root:[LiveCCWorker] Cleared cached video readers
INFO:root:[LiveCCWorker] Video ended
INFO:root:[LiveCCWorker] LiveCC inference finished. Took 339.32 s
INFO:root:[LiveCCWorker] Cleared cached video readers on stop request
INFO:root:[LiveCCWorker] Cleared cached video readers after inference
INFO:root:[LiveCCWorker] Start LiveCC inference on: /home/miislab/livecc_gui/examples/boat.mp4
INFO:root:[LiveCCWorker] Cleared cached video readers
INFO:root:[LiveCCWorker] Cleared cached video readers on stop request
INFO:root:[LiveCCWorker] Stop requested, breaking inference loop
INFO:root:[LiveCCWorker] LiveCC inference finished. Took 35.79 s
INFO:root:[LiveCCWorker] Cleared cached video readers after inference
INFO:root:[LiveCCWorker] Start LiveCC inference on: /home/miislab/livecc_gui/examples/wheelchair_long.mp4
INFO:root:[LiveCCWorker] Cleared cached video readers
ERROR:root:[LiveCCWorker] Error during inference
Traceback (most recent call last):
  File "/home/miislab/livecc_gui/src/miis_broadcast/workers/livecc.py", line 87, in runInference
    for (start_t, stop_t), response, state in self.livecc.live_cc(query, state):
  File "/home/miislab/livecc_gui/src/miis_broadcast/core/models/livecc_transformers.py", line 394, in live_cc
    state["last_video_pts_index"] = clip_idxs[-1]
IndexError: list index out of range
INFO:root:[LiveCCWorker] Cleared cached video readers on stop request
INFO:root:[LiveCCWorker] Cleared cached video readers after inference
INFO:root:[LiveCCWorker] Start LiveCC inference on: /home/miislab/livecc_gui/examples/wheelchair_long.mp4
INFO:root:[LiveCCWorker] Cleared cached video readers
INFO:root:[LiveCCWorker] Cleared cached video readers on stop request
INFO:root:[LiveCCWorker] Stop requested, breaking inference loop
INFO:root:[LiveCCWorker] LiveCC inference finished. Took 6.83 s
INFO:root:[LiveCCWorker] Cleared cached video readers after inference
INFO:root:[LiveCCWorker] Start LiveCC inference on: /home/miislab/livecc_gui/examples/wheelchair_long.mp4
INFO:root:[LiveCCWorker] Cleared cached video readers
INFO:root:[LiveCCWorker] Cleared cached video readers on stop request
INFO:root:[LiveCCWorker] Stop requested, breaking inference loop
INFO:root:[LiveCCWorker] LiveCC inference finished. Took 5.30 s
INFO:root:[LiveCCWorker] Cleared cached video readers after inference
INFO:root:[LiveCCWorker] Start LiveCC inference on: /home/miislab/livecc_gui/examples/wheelchair_long.mp4
INFO:root:[LiveCCWorker] Cleared cached video readers
INFO:root:[LiveCCWorker] Cleared cached video readers on stop request
INFO:root:[LiveCCWorker] Stop requested, breaking inference loop
INFO:root:[LiveCCWorker] LiveCC inference finished. Took 5.77 s
INFO:root:[LiveCCWorker] Cleared cached video readers after inference
INFO:root:[LiveCCWorker] Start LiveCC inference on: /home/miislab/livecc_gui/examples/wheelchair_long.mp4
INFO:root:[LiveCCWorker] Cleared cached video readers
INFO:root:[LiveCCWorker] Cleared cached video readers on stop request
INFO:root:[LiveCCWorker] Stop requested, breaking inference loop
INFO:root:[LiveCCWorker] LiveCC inference finished. Took 5.21 s
INFO:root:[LiveCCWorker] Cleared cached video readers after inference
INFO:root:[LiveCCWorker] Start LiveCC inference on: /home/miislab/livecc_gui/examples/wheelchair_long.mp4
INFO:root:[LiveCCWorker] Cleared cached video readers
INFO:root:[LiveCCWorker] Cleared cached video readers on stop request
INFO:root:[LiveCCWorker] Stop requested, breaking inference loop
INFO:root:[LiveCCWorker] LiveCC inference finished. Took 21.92 s
INFO:root:[LiveCCWorker] Cleared cached video readers after inference
WARNING:huggingface_hub.utils._http:'(ReadTimeoutError("HTTPSConnectionPool(host='huggingface.co', port=443): Read timed out. (read timeout=10)"), '(Request ID: 3ef6d53b-0908-4488-8a8b-3e393ac0006f)')' thrown while requesting HEAD https://huggingface.co/chenjoya/LiveCC-7B-Instruct/resolve/main/config.json
WARNING:huggingface_hub.utils._http:Retrying in 1s [Retry 1/5].
WARNING:huggingface_hub.utils._http:'(ReadTimeoutError("HTTPSConnectionPool(host='huggingface.co', port=443): Read timed out. (read timeout=10)"), '(Request ID: 1e4fe59a-1d82-46ad-8d79-fb7f7f3634ab)')' thrown while requesting HEAD https://huggingface.co/chenjoya/LiveCC-7B-Instruct/resolve/main/config.json
WARNING:huggingface_hub.utils._http:Retrying in 2s [Retry 2/5].
WARNING:huggingface_hub.utils._http:'(ReadTimeoutError("HTTPSConnectionPool(host='huggingface.co', port=443): Read timed out. (read timeout=10)"), '(Request ID: 1b842523-3bef-416c-b820-83ad42dcba90)')' thrown while requesting HEAD https://huggingface.co/chenjoya/LiveCC-7B-Instruct/resolve/main/custom_generate/generate.py
WARNING:huggingface_hub.utils._http:Retrying in 1s [Retry 1/5].
WARNING:huggingface_hub.utils._http:'(ReadTimeoutError("HTTPSConnectionPool(host='huggingface.co', port=443): Read timed out. (read timeout=10)"), '(Request ID: 4dfcc3f4-ebae-496d-9a19-b6b27942dde3)')' thrown while requesting HEAD https://huggingface.co/chenjoya/LiveCC-7B-Instruct/resolve/main/processor_config.json
WARNING:huggingface_hub.utils._http:Retrying in 1s [Retry 1/5].
WARNING:huggingface_hub.utils._http:'(ReadTimeoutError("HTTPSConnectionPool(host='huggingface.co', port=443): Read timed out. (read timeout=10)"), '(Request ID: 07184e24-d68c-4512-8b70-970566271532)')' thrown while requesting HEAD https://huggingface.co/chenjoya/LiveCC-7B-Instruct/resolve/main/preprocessor_config.json
WARNING:huggingface_hub.utils._http:Retrying in 1s [Retry 1/5].
WARNING:huggingface_hub.utils._http:'(ReadTimeoutError("HTTPSConnectionPool(host='huggingface.co', port=443): Read timed out. (read timeout=10)"), '(Request ID: 53fa2c70-d1bd-45bb-8614-6d4704a9bbc6)')' thrown while requesting HEAD https://huggingface.co/chenjoya/LiveCC-7B-Instruct/resolve/main/preprocessor_config.json
WARNING:huggingface_hub.utils._http:Retrying in 2s [Retry 2/5].
INFO:root:[LiveCCWorker] Start LiveCC inference on: /home/miislab/livecc_gui/examples/basketball_1080p_02.mp4
INFO:root:[LiveCCWorker] Cleared cached video readers
INFO:root:[LiveCCWorker] Cleared cached video readers on stop request
INFO:root:[LiveCCWorker] Stop requested, breaking inference loop
INFO:root:[LiveCCWorker] LiveCC inference finished. Took 38.35 s
INFO:root:[LiveCCWorker] Cleared cached video readers after inference
INFO:root:[LiveCCWorker] Start LiveCC inference on: /home/miislab/livecc_gui/examples/wheelchair_long.mp4
INFO:root:[LiveCCWorker] Cleared cached video readers
INFO:root:[LiveCCWorker] Video ended
INFO:root:[LiveCCWorker] LiveCC inference finished. Took 44.58 s
INFO:root:[LiveCCWorker] Cleared cached video readers on stop request
INFO:root:[LiveCCWorker] Cleared cached video readers after inference
INFO:root:[LiveCCWorker] Start LiveCC inference on: /home/miislab/livecc_gui/examples/wheelchair_long.mp4
INFO:root:[LiveCCWorker] Cleared cached video readers
INFO:root:[LiveCCWorker] Cleared cached video readers on stop request
INFO:root:[LiveCCWorker] Stop requested, breaking inference loop
INFO:root:[LiveCCWorker] LiveCC inference finished. Took 21.38 s
INFO:root:[LiveCCWorker] Cleared cached video readers after inference
INFO:root:[LiveCCWorker] Start LiveCC inference on: /home/miislab/livecc_gui/examples/wheelchair_long.mp4
INFO:root:[LiveCCWorker] Cleared cached video readers
INFO:root:[LiveCCWorker] Cleared cached video readers on stop request
INFO:root:[LiveCCWorker] Stop requested, breaking inference loop
INFO:root:[LiveCCWorker] LiveCC inference finished. Took 30.58 s
INFO:root:[LiveCCWorker] Cleared cached video readers after inference
INFO:root:[LiveCCWorker] Start LiveCC inference on: /home/miislab/livecc_gui/examples/wheelchair_long.mp4
INFO:root:[LiveCCWorker] Cleared cached video readers
INFO:root:[LiveCCWorker] Cleared cached video readers on stop request
INFO:root:[LiveCCWorker] Stop requested, breaking inference loop
INFO:root:[LiveCCWorker] LiveCC inference finished. Took 20.01 s
INFO:root:[LiveCCWorker] Cleared cached video readers after inference
INFO:root:[LiveCCWorker] Start LiveCC inference on: /home/miislab/livecc_gui/examples/wheelchair_long.mp4
INFO:root:[LiveCCWorker] Cleared cached video readers
INFO:root:[LiveCCWorker] Video ended
INFO:root:[LiveCCWorker] LiveCC inference finished. Took 42.08 s
INFO:root:[LiveCCWorker] Cleared cached video readers on stop request
INFO:root:[LiveCCWorker] Cleared cached video readers after inference
INFO:root:[LiveCCWorker] Start LiveCC inference on: /home/miislab/livecc_gui/examples/wheelchair_long.mp4
INFO:root:[LiveCCWorker] Cleared cached video readers
ERROR:root:[LiveCCWorker] Error during inference
Traceback (most recent call last):
  File "/home/miislab/livecc_gui/src/miis_broadcast/workers/livecc.py", line 87, in runInference
    for (start_t, stop_t), response, state in self.livecc.live_cc(query, state):
  File "/home/miislab/livecc_gui/src/miis_broadcast/core/models/livecc_transformers.py", line 394, in live_cc
    state["last_video_pts_index"] = clip_idxs[-1]
IndexError: list index out of range
INFO:root:[LiveCCWorker] Cleared cached video readers on stop request
INFO:root:[LiveCCWorker] Cleared cached video readers after inference
INFO:root:[LiveCCWorker] Start LiveCC inference on: /home/miislab/livecc_gui/examples/wheelchair_long.mp4
INFO:root:[LiveCCWorker] Cleared cached video readers
INFO:root:[LiveCCWorker] Cleared cached video readers on stop request
INFO:root:[LiveCCWorker] Stop requested, breaking inference loop
INFO:root:[LiveCCWorker] LiveCC inference finished. Took 7.14 s
INFO:root:[LiveCCWorker] Cleared cached video readers after inference
INFO:root:[LiveCCWorker] Start LiveCC inference on: /home/miislab/livecc_gui/examples/wheelchair_long.mp4
INFO:root:[LiveCCWorker] Cleared cached video readers
INFO:root:[LiveCCWorker] Video ended
INFO:root:[LiveCCWorker] LiveCC inference finished. Took 44.90 s
INFO:root:[LiveCCWorker] Cleared cached video readers on stop request
INFO:root:[LiveCCWorker] Cleared cached video readers after inference
INFO:root:[LiveCCWorker] Start LiveCC inference on: /home/miislab/livecc_gui/examples/wheelchair_long.mp4
INFO:root:[LiveCCWorker] Cleared cached video readers
INFO:root:[LiveCCWorker] Cleared cached video readers on stop request
INFO:root:[LiveCCWorker] Stop requested, breaking inference loop
INFO:root:[LiveCCWorker] LiveCC inference finished. Took 40.75 s
INFO:root:[LiveCCWorker] Cleared cached video readers after inference
INFO:root:[LiveCCWorker] Start LiveCC inference on: /home/miislab/livecc_gui/examples/wheelchair_long.mp4
INFO:root:[LiveCCWorker] Cleared cached video readers
INFO:root:[LiveCCWorker] Video ended
INFO:root:[LiveCCWorker] LiveCC inference finished. Took 42.30 s
INFO:root:[LiveCCWorker] Cleared cached video readers on stop request
INFO:root:[LiveCCWorker] Cleared cached video readers after inference
INFO:root:[LiveCCWorker] Start LiveCC inference on: /home/miislab/livecc_gui/examples/wheelchair_long.mp4
INFO:root:[LiveCCWorker] Cleared cached video readers
INFO:root:[LiveCCWorker] Cleared cached video readers on stop request
INFO:root:[LiveCCWorker] Stop requested, breaking inference loop
INFO:root:[LiveCCWorker] LiveCC inference finished. Took 43.99 s
INFO:root:[LiveCCWorker] Cleared cached video readers after inference
INFO:root:[LiveCCWorker] Start LiveCC inference on: /home/miislab/livecc_gui/examples/wheelchair_long.mp4
INFO:root:[LiveCCWorker] Cleared cached video readers
INFO:root:[LiveCCWorker] Cleared cached video readers on stop request
INFO:root:[LiveCCWorker] Stop requested, breaking inference loop
INFO:root:[LiveCCWorker] LiveCC inference finished. Took 47.76 s
INFO:root:[LiveCCWorker] Cleared cached video readers after inference
INFO:root:[LiveCCWorker] Start LiveCC inference on: /home/miislab/livecc_gui/examples/wheelchair_long.mp4
INFO:root:[LiveCCWorker] Cleared cached video readers
INFO:root:[LiveCCWorker] Cleared cached video readers on stop request
INFO:root:[LiveCCWorker] Stop requested, breaking inference loop
INFO:root:[LiveCCWorker] LiveCC inference finished. Took 14.62 s
INFO:root:[LiveCCWorker] Cleared cached video readers after inference
INFO:root:[LiveCCWorker] Start LiveCC inference on: /home/miislab/livecc_gui/examples/wheelchair_long.mp4
INFO:root:[LiveCCWorker] Cleared cached video readers
INFO:root:[LiveCCWorker] Cleared cached video readers on stop request
INFO:root:[LiveCCWorker] Stop requested, breaking inference loop
INFO:root:[LiveCCWorker] LiveCC inference finished. Took 48.45 s
INFO:root:[LiveCCWorker] Cleared cached video readers after inference
INFO:root:[LiveCCWorker] Start LiveCC inference on: /home/miislab/livecc_gui/examples/wheelchair_long.mp4
INFO:root:[LiveCCWorker] Cleared cached video readers
INFO:root:[LiveCCWorker] Video ended
INFO:root:[LiveCCWorker] LiveCC inference finished. Took 44.98 s
INFO:root:[LiveCCWorker] Cleared cached video readers on stop request
INFO:root:[LiveCCWorker] Cleared cached video readers after inference
INFO:root:[LiveCCWorker] Start LiveCC inference on: /home/miislab/livecc_gui/examples/boat.mp4
INFO:root:[LiveCCWorker] Cleared cached video readers
INFO:root:[LiveCCWorker] Cleared cached video readers on stop request
INFO:root:[LiveCCWorker] Stop requested, breaking inference loop
INFO:root:[LiveCCWorker] LiveCC inference finished. Took 33.21 s
INFO:root:[LiveCCWorker] Cleared cached video readers after inference
INFO:root:[LiveCCWorker] Start LiveCC inference on: /home/miislab/livecc_gui/examples/boat.mp4
INFO:root:[LiveCCWorker] Cleared cached video readers
INFO:root:[LiveCCWorker] Cleared cached video readers on stop request
INFO:root:[LiveCCWorker] Stop requested, breaking inference loop
INFO:root:[LiveCCWorker] LiveCC inference finished. Took 49.06 s
INFO:root:[LiveCCWorker] Cleared cached video readers after inference
INFO:root:[LiveCCWorker] Start LiveCC inference on: /home/miislab/livecc_gui/examples/wheelchair_long.mp4
INFO:root:[LiveCCWorker] Cleared cached video readers
INFO:root:[LiveCCWorker] Cleared cached video readers on stop request
INFO:root:[LiveCCWorker] Stop requested, breaking inference loop
INFO:root:[LiveCCWorker] LiveCC inference finished. Took 10.68 s
INFO:root:[LiveCCWorker] Cleared cached video readers after inference
INFO:root:[LiveCCWorker] Start LiveCC inference on: /home/miislab/livecc_gui/examples/wheelchair_long.mp4
INFO:root:[LiveCCWorker] Cleared cached video readers
INFO:root:[LiveCCWorker] Cleared cached video readers on stop request
INFO:root:[LiveCCWorker] Stop requested, breaking inference loop
INFO:root:[LiveCCWorker] LiveCC inference finished. Took 31.01 s
INFO:root:[LiveCCWorker] Cleared cached video readers after inference
INFO:root:[LiveCCWorker] Start LiveCC inference on: /home/miislab/livecc_gui/examples/wheelchair_long.mp4
INFO:root:[LiveCCWorker] Cleared cached video readers
INFO:root:[LiveCCWorker] Cleared cached video readers on stop request
INFO:root:[LiveCCWorker] Stop requested, breaking inference loop
INFO:root:[LiveCCWorker] LiveCC inference finished. Took 23.30 s
INFO:root:[LiveCCWorker] Cleared cached video readers after inference
INFO:root:[LiveCCWorker] Start LiveCC inference on: /home/miislab/livecc_gui/examples/wheelchair_long.mp4
INFO:root:[LiveCCWorker] Cleared cached video readers
INFO:root:[LiveCCWorker] Video ended
INFO:root:[LiveCCWorker] LiveCC inference finished. Took 41.42 s
INFO:root:[LiveCCWorker] Cleared cached video readers on stop request
INFO:root:[LiveCCWorker] Cleared cached video readers after inference
INFO:root:[LiveCCWorker] Start LiveCC inference on: /home/miislab/livecc_gui/examples/wheelchair_long.mp4
INFO:root:[LiveCCWorker] Cleared cached video readers
INFO:root:[LiveCCWorker] Cleared cached video readers on stop request
INFO:root:[LiveCCWorker] Stop requested, breaking inference loop
INFO:root:[LiveCCWorker] LiveCC inference finished. Took 28.71 s
INFO:root:[LiveCCWorker] Cleared cached video readers after inference
INFO:root:[LiveCCWorker] Start LiveCC inference on: /home/miislab/livecc_gui/examples/wheelchair_long.mp4
INFO:root:[LiveCCWorker] Cleared cached video readers
INFO:root:[LiveCCWorker] Cleared cached video readers on stop request
INFO:root:[LiveCCWorker] Stop requested, breaking inference loop
INFO:root:[LiveCCWorker] LiveCC inference finished. Took 29.38 s
INFO:root:[LiveCCWorker] Cleared cached video readers after inference
INFO:root:[LiveCCWorker] Start LiveCC inference on: /home/miislab/livecc_gui/examples/wheelchair_long.mp4
INFO:root:[LiveCCWorker] Cleared cached video readers
INFO:root:[LiveCCWorker] Cleared cached video readers on stop request
INFO:root:[LiveCCWorker] Stop requested, breaking inference loop
INFO:root:[LiveCCWorker] LiveCC inference finished. Took 37.76 s
INFO:root:[LiveCCWorker] Cleared cached video readers after inference
INFO:root:[LiveCCWorker] Start LiveCC inference on: /home/miislab/livecc_gui/examples/wheelchair_long.mp4
INFO:root:[LiveCCWorker] Cleared cached video readers
INFO:root:[LiveCCWorker] Cleared cached video readers on stop request
INFO:root:[LiveCCWorker] Stop requested, breaking inference loop
INFO:root:[LiveCCWorker] LiveCC inference finished. Took 31.09 s
INFO:root:[LiveCCWorker] Cleared cached video readers after inference
INFO:root:[LiveCCWorker] Start LiveCC inference on: /home/miislab/livecc_gui/examples/wheelchair_long.mp4
INFO:root:[LiveCCWorker] Cleared cached video readers
INFO:root:[LiveCCWorker] Video ended
INFO:root:[LiveCCWorker] LiveCC inference finished. Took 41.90 s
INFO:root:[LiveCCWorker] Cleared cached video readers on stop request
INFO:root:[LiveCCWorker] Cleared cached video readers after inference
INFO:root:[LiveCCWorker] Start LiveCC inference on: /home/miislab/livecc_gui/examples/wheelchair_long.mp4
INFO:root:[LiveCCWorker] Cleared cached video readers
INFO:root:[LiveCCWorker] Stop requested, breaking inference loop
INFO:root:[LiveCCWorker] LiveCC inference finished. Took 20.00 s
INFO:root:[LiveCCWorker] Cleared cached video readers after inference
INFO:root:[LiveCCWorker] Cleared cached video readers on stop request
INFO:root:[LiveCCWorker] Start LiveCC inference on: /home/miislab/livecc_gui/examples/wheelchair_long.mp4
INFO:root:[LiveCCWorker] Cleared cached video readers
INFO:root:[LiveCCWorker] Cleared cached video readers on stop request
INFO:root:[LiveCCWorker] Stop requested, breaking inference loop
INFO:root:[LiveCCWorker] LiveCC inference finished. Took 29.90 s
INFO:root:[LiveCCWorker] Cleared cached video readers after inference
INFO:root:[LiveCCWorker] Start LiveCC inference on: /home/miislab/livecc_gui/examples/wheelchair_long.mp4
INFO:root:[LiveCCWorker] Cleared cached video readers
INFO:root:[LiveCCWorker] Cleared cached video readers on stop request
INFO:root:[LiveCCWorker] Stop requested, breaking inference loop
INFO:root:[LiveCCWorker] LiveCC inference finished. Took 26.91 s
INFO:root:[LiveCCWorker] Cleared cached video readers after inference
INFO:root:[LiveCCWorker] Start LiveCC inference on: /home/miislab/livecc_gui/examples/wheelchair_long.mp4
INFO:root:[LiveCCWorker] Cleared cached video readers
INFO:root:[LiveCCWorker] Cleared cached video readers on stop request
INFO:root:[LiveCCWorker] Stop requested, breaking inference loop
INFO:root:[LiveCCWorker] LiveCC inference finished. Took 39.31 s
INFO:root:[LiveCCWorker] Cleared cached video readers after inference
INFO:root:[LiveCCWorker] Start LiveCC inference on: /home/miislab/livecc_gui/examples/wheelchair_long.mp4
INFO:root:[LiveCCWorker] Cleared cached video readers
INFO:root:[LiveCCWorker] Video ended
INFO:root:[LiveCCWorker] LiveCC inference finished. Took 42.18 s
INFO:root:[LiveCCWorker] Cleared cached video readers on stop request
INFO:root:[LiveCCWorker] Cleared cached video readers after inference
INFO:root:[LiveCCWorker] Start LiveCC inference on: /home/miislab/livecc_gui/examples/wheelchair_long.mp4
INFO:root:[LiveCCWorker] Cleared cached video readers
INFO:root:[LiveCCWorker] Cleared cached video readers on stop request
INFO:root:[LiveCCWorker] Stop requested, breaking inference loop
INFO:root:[LiveCCWorker] LiveCC inference finished. Took 23.09 s
INFO:root:[LiveCCWorker] Cleared cached video readers after inference
INFO:root:[LiveCCWorker] Start LiveCC inference on: /home/miislab/livecc_gui/examples/wheelchair_short.mp4
INFO:root:[LiveCCWorker] Cleared cached video readers
INFO:root:[LiveCCWorker] Video ended
INFO:root:[LiveCCWorker] LiveCC inference finished. Took 25.27 s
INFO:root:[LiveCCWorker] Cleared cached video readers after inference
INFO:root:[LiveCCWorker] Cleared cached video readers on stop request
INFO:root:[LiveCCWorker] Start LiveCC inference on: /home/miislab/livecc_gui/examples/wheelchair_short.mp4
INFO:root:[LiveCCWorker] Cleared cached video readers
INFO:root:[LiveCCWorker] Cleared cached video readers on stop request
INFO:root:[LiveCCWorker] Stop requested, breaking inference loop
INFO:root:[LiveCCWorker] LiveCC inference finished. Took 18.73 s
INFO:root:[LiveCCWorker] Cleared cached video readers after inference
INFO:root:[LiveCCWorker] Start LiveCC inference on: /home/miislab/livecc_gui/examples/wheelchair_short.mp4
INFO:root:[LiveCCWorker] Cleared cached video readers
ERROR:root:[LiveCCWorker] Error during inference
Traceback (most recent call last):
  File "/home/miislab/livecc_gui/src/miis_broadcast/workers/livecc.py", line 87, in runInference
    for (start_t, stop_t), response, state in self.livecc.live_cc(query, state):
  File "/home/miislab/livecc_gui/src/miis_broadcast/core/models/livecc_transformers.py", line 394, in live_cc
    state["last_video_pts_index"] = clip_idxs[-1]
IndexError: list index out of range
INFO:root:[LiveCCWorker] Cleared cached video readers on stop request
INFO:root:[LiveCCWorker] Cleared cached video readers after inference
INFO:root:[LiveCCWorker] Start LiveCC inference on: /home/miislab/livecc_gui/examples/wheelchair_short.mp4
INFO:root:[LiveCCWorker] Cleared cached video readers
INFO:root:[LiveCCWorker] Cleared cached video readers on stop request
INFO:root:[LiveCCWorker] Stop requested, breaking inference loop
INFO:root:[LiveCCWorker] LiveCC inference finished. Took 23.22 s
INFO:root:[LiveCCWorker] Cleared cached video readers after inference
INFO:root:[LiveCCWorker] Start LiveCC inference on: /home/miislab/livecc_gui/examples/wheelchair_long.mp4
INFO:root:[LiveCCWorker] Cleared cached video readers
INFO:root:[LiveCCWorker] Cleared cached video readers on stop request
INFO:root:[LiveCCWorker] Stop requested, breaking inference loop
INFO:root:[LiveCCWorker] LiveCC inference finished. Took 13.06 s
INFO:root:[LiveCCWorker] Cleared cached video readers after inference
INFO:root:[LiveCCWorker] Start LiveCC inference on: /home/miislab/livecc_gui/examples/wheelchair_long.mp4
INFO:root:[LiveCCWorker] Cleared cached video readers
INFO:root:[LiveCCWorker] Cleared cached video readers on stop request
INFO:root:[LiveCCWorker] Stop requested, breaking inference loop
INFO:root:[LiveCCWorker] LiveCC inference finished. Took 15.09 s
INFO:root:[LiveCCWorker] Cleared cached video readers after inference
INFO:root:[LiveCCWorker] Start LiveCC inference on: /home/miislab/livecc_gui/examples/wheelchair_long.mp4
INFO:root:[LiveCCWorker] Cleared cached video readers
INFO:root:[LiveCCWorker] Cleared cached video readers on stop request
INFO:root:[LiveCCWorker] Stop requested, breaking inference loop
INFO:root:[LiveCCWorker] LiveCC inference finished. Took 6.84 s
INFO:root:[LiveCCWorker] Cleared cached video readers after inference
INFO:root:[LiveCCWorker] Start LiveCC inference on: /home/miislab/livecc_gui/examples/wheelchair_long.mp4
INFO:root:[LiveCCWorker] Cleared cached video readers
INFO:root:[LiveCCWorker] Cleared cached video readers on stop request
INFO:root:[LiveCCWorker] Stop requested, breaking inference loop
INFO:root:[LiveCCWorker] LiveCC inference finished. Took 11.01 s
INFO:root:[LiveCCWorker] Cleared cached video readers after inference
INFO:root:[LiveCCWorker] Start LiveCC inference on: /home/miislab/livecc_gui/examples/wheelchair_short.mp4
INFO:root:[LiveCCWorker] Cleared cached video readers
INFO:root:[LiveCCWorker] Video ended
INFO:root:[LiveCCWorker] LiveCC inference finished. Took 25.71 s
INFO:root:[LiveCCWorker] Cleared cached video readers on stop request
INFO:root:[LiveCCWorker] Cleared cached video readers after inference
INFO:root:[LiveCCWorker] Start LiveCC inference on: /home/miislab/livecc_gui/examples/wheelchair_short.mp4
INFO:root:[LiveCCWorker] Cleared cached video readers
INFO:root:[LiveCCWorker] Video ended
INFO:root:[LiveCCWorker] LiveCC inference finished. Took 26.03 s
INFO:root:[LiveCCWorker] Cleared cached video readers on stop request
INFO:root:[LiveCCWorker] Cleared cached video readers after inference
INFO:root:[LiveCCWorker] Start LiveCC inference on: /home/miislab/livecc_gui/examples/wheelchair_short.mp4
INFO:root:[LiveCCWorker] Cleared cached video readers
INFO:root:[LiveCCWorker] Video ended
INFO:root:[LiveCCWorker] LiveCC inference finished. Took 25.49 s
INFO:root:[LiveCCWorker] Cleared cached video readers on stop request
INFO:root:[LiveCCWorker] Cleared cached video readers after inference
INFO:root:[LiveCCWorker] Start LiveCC inference on: /home/miislab/livecc_gui/examples/wheelchair_short.mp4
INFO:root:[LiveCCWorker] Cleared cached video readers
INFO:root:[LiveCCWorker] Cleared cached video readers on stop request
INFO:root:[LiveCCWorker] Stop requested, breaking inference loop
INFO:root:[LiveCCWorker] LiveCC inference finished. Took 16.87 s
INFO:root:[LiveCCWorker] Cleared cached video readers after inference
INFO:root:[LiveCCWorker] Start LiveCC inference on: /home/miislab/livecc_gui/examples/wheelchair_long.mp4
INFO:root:[LiveCCWorker] Cleared cached video readers
INFO:root:[LiveCCWorker] Cleared cached video readers on stop request
INFO:root:[LiveCCWorker] Stop requested, breaking inference loop
INFO:root:[LiveCCWorker] LiveCC inference finished. Took 24.28 s
INFO:root:[LiveCCWorker] Cleared cached video readers after inference
INFO:root:[LiveCCWorker] Start LiveCC inference on: /home/miislab/livecc_gui/examples/boat.mp4
INFO:root:[LiveCCWorker] Cleared cached video readers
INFO:root:[LiveCCWorker] Cleared cached video readers on stop request
INFO:root:[LiveCCWorker] Stop requested, breaking inference loop
INFO:root:[LiveCCWorker] LiveCC inference finished. Took 6.92 s
INFO:root:[LiveCCWorker] Cleared cached video readers after inference
INFO:root:[LiveCCWorker] Start LiveCC inference on: /home/miislab/livecc_gui/examples/wheelchair_long.mp4
INFO:root:[LiveCCWorker] Cleared cached video readers
INFO:root:[LiveCCWorker] Cleared cached video readers on stop request
INFO:root:[LiveCCWorker] Stop requested, breaking inference loop
INFO:root:[LiveCCWorker] LiveCC inference finished. Took 37.61 s
INFO:root:[LiveCCWorker] Cleared cached video readers after inference
INFO:root:[LiveCCWorker] Start LiveCC inference on: /home/miislab/livecc_gui/examples/wheelchair_short.mp4
INFO:root:[LiveCCWorker] Cleared cached video readers
INFO:root:[LiveCCWorker] Cleared cached video readers on stop request
INFO:root:[LiveCCWorker] Stop requested, breaking inference loop
INFO:root:[LiveCCWorker] LiveCC inference finished. Took 28.38 s
INFO:root:[LiveCCWorker] Cleared cached video readers after inference
INFO:root:[LiveCCWorker] Start LiveCC inference on: /home/miislab/livecc_gui/examples/wheelchair_short.mp4
INFO:root:[LiveCCWorker] Cleared cached video readers
INFO:root:[LiveCCWorker] Cleared cached video readers on stop request
INFO:root:[LiveCCWorker] Stop requested, breaking inference loop
INFO:root:[LiveCCWorker] LiveCC inference finished. Took 21.79 s
INFO:root:[LiveCCWorker] Cleared cached video readers after inference
INFO:root:[LiveCCWorker] Start LiveCC inference on: /home/miislab/livecc_gui/examples/wheelchair_short.mp4
INFO:root:[LiveCCWorker] Cleared cached video readers
INFO:root:[LiveCCWorker] Cleared cached video readers on stop request
INFO:root:[LiveCCWorker] Stop requested, breaking inference loop
INFO:root:[LiveCCWorker] LiveCC inference finished. Took 17.95 s
INFO:root:[LiveCCWorker] Cleared cached video readers after inference
INFO:root:[LiveCCWorker] Start LiveCC inference on: /home/miislab/livecc_gui/examples/wheelchair_short.mp4
INFO:root:[LiveCCWorker] Cleared cached video readers
INFO:root:[LiveCCWorker] Cleared cached video readers on stop request
INFO:root:[LiveCCWorker] Stop requested, breaking inference loop
INFO:root:[LiveCCWorker] LiveCC inference finished. Took 26.33 s
INFO:root:[LiveCCWorker] Cleared cached video readers after inference
INFO:root:[LiveCCWorker] Start LiveCC inference on: /home/miislab/livecc_gui/examples/wheelchair_short.mp4
INFO:root:[LiveCCWorker] Cleared cached video readers
INFO:root:[LiveCCWorker] Cleared cached video readers on stop request
INFO:root:[LiveCCWorker] Stop requested, breaking inference loop
INFO:root:[LiveCCWorker] LiveCC inference finished. Took 27.14 s
INFO:root:[LiveCCWorker] Cleared cached video readers after inference
INFO:root:[LiveCCWorker] Start LiveCC inference on: /home/miislab/livecc_gui/examples/wheelchair_short.mp4
INFO:root:[LiveCCWorker] Cleared cached video readers
INFO:root:[LiveCCWorker] Video ended
INFO:root:[LiveCCWorker] LiveCC inference finished. Took 25.66 s
INFO:root:[LiveCCWorker] Cleared cached video readers on stop request
INFO:root:[LiveCCWorker] Cleared cached video readers after inference
INFO:root:[LiveCCWorker] Start LiveCC inference on: /home/miislab/livecc_gui/examples/wheelchair_short.mp4
INFO:root:[LiveCCWorker] Cleared cached video readers
ERROR:root:[LiveCCWorker] Error during inference
Traceback (most recent call last):
  File "/home/miislab/livecc_gui/src/miis_broadcast/workers/livecc.py", line 87, in runInference
    for (start_t, stop_t), response, state in self.livecc.live_cc(query, state):
  File "/home/miislab/livecc_gui/src/miis_broadcast/core/models/livecc_transformers.py", line 394, in live_cc
    state["last_video_pts_index"] = clip_idxs[-1]
IndexError: list index out of range
INFO:root:[LiveCCWorker] Cleared cached video readers on stop request
INFO:root:[LiveCCWorker] Cleared cached video readers after inference
INFO:root:[LiveCCWorker] Start LiveCC inference on: /home/miislab/livecc_gui/examples/wheelchair_short.mp4
INFO:root:[LiveCCWorker] Cleared cached video readers
INFO:root:[LiveCCWorker] Video ended
INFO:root:[LiveCCWorker] LiveCC inference finished. Took 25.28 s
INFO:root:[LiveCCWorker] Cleared cached video readers after inference
INFO:root:[LiveCCWorker] Cleared cached video readers on stop request
INFO:root:[LiveCCWorker] Start LiveCC inference on: /home/miislab/livecc_gui/examples/wheelchair_short.mp4
INFO:root:[LiveCCWorker] Cleared cached video readers
INFO:root:[LiveCCWorker] Cleared cached video readers on stop request
INFO:root:[LiveCCWorker] Stop requested, breaking inference loop
INFO:root:[LiveCCWorker] LiveCC inference finished. Took 10.11 s
INFO:root:[LiveCCWorker] Cleared cached video readers after inference
INFO:root:[LiveCCWorker] Start LiveCC inference on: /home/miislab/livecc_gui/examples/wheelchair_long.mp4
INFO:root:[LiveCCWorker] Cleared cached video readers
INFO:root:[LiveCCWorker] Video ended
INFO:root:[LiveCCWorker] LiveCC inference finished. Took 44.01 s
INFO:root:[LiveCCWorker] Cleared cached video readers on stop request
INFO:root:[LiveCCWorker] Cleared cached video readers after inference
INFO:root:[LiveCCWorker] Start LiveCC inference on: /home/miislab/livecc_gui/examples/wheelchair_long.mp4
INFO:root:[LiveCCWorker] Cleared cached video readers
INFO:root:[LiveCCWorker] Cleared cached video readers on stop request
INFO:root:[LiveCCWorker] Stop requested, breaking inference loop
INFO:root:[LiveCCWorker] LiveCC inference finished. Took 10.22 s
INFO:root:[LiveCCWorker] Cleared cached video readers after inference
INFO:root:[LiveCCWorker] Start LiveCC inference on: /home/miislab/livecc_gui/examples/wheelchair_long.mp4
INFO:root:[LiveCCWorker] Cleared cached video readers
INFO:root:[LiveCCWorker] Video ended
INFO:root:[LiveCCWorker] LiveCC inference finished. Took 44.93 s
INFO:root:[LiveCCWorker] Cleared cached video readers on stop request
INFO:root:[LiveCCWorker] Cleared cached video readers after inference
INFO:root:[LiveCCWorker] Start LiveCC inference on: /home/miislab/livecc_gui/examples/wheelchair_short.mp4
INFO:root:[LiveCCWorker] Cleared cached video readers
INFO:root:[LiveCCWorker] Cleared cached video readers on stop request
INFO:root:[LiveCCWorker] Stop requested, breaking inference loop
INFO:root:[LiveCCWorker] LiveCC inference finished. Took 19.95 s
INFO:root:[LiveCCWorker] Cleared cached video readers after inference
INFO:root:[LiveCCWorker] Start LiveCC inference on: /home/miislab/livecc_gui/examples/wheelchair_short.mp4
INFO:root:[LiveCCWorker] Cleared cached video readers
INFO:root:[LiveCCWorker] Cleared cached video readers on stop request
INFO:root:[LiveCCWorker] Stop requested, breaking inference loop
INFO:root:[LiveCCWorker] LiveCC inference finished. Took 24.20 s
INFO:root:[LiveCCWorker] Cleared cached video readers after inference
INFO:root:[LiveCCWorker] Start LiveCC inference on: /home/miislab/livecc_gui/examples/wheelchair_short.mp4
INFO:root:[LiveCCWorker] Cleared cached video readers
INFO:root:[LiveCCWorker] Cleared cached video readers on stop request
INFO:root:[LiveCCWorker] Stop requested, breaking inference loop
INFO:root:[LiveCCWorker] LiveCC inference finished. Took 26.72 s
INFO:root:[LiveCCWorker] Cleared cached video readers after inference
INFO:root:[LiveCCWorker] Start LiveCC inference on: /home/miislab/livecc_gui/examples/wheelchair_short.mp4
INFO:root:[LiveCCWorker] Cleared cached video readers
INFO:root:[LiveCCWorker] Video ended
INFO:root:[LiveCCWorker] LiveCC inference finished. Took 25.97 s
INFO:root:[LiveCCWorker] Cleared cached video readers on stop request
INFO:root:[LiveCCWorker] Cleared cached video readers after inference
INFO:root:[LiveCCWorker] Start LiveCC inference on: /home/miislab/livecc_gui/examples/boat.mp4
INFO:root:[LiveCCWorker] Cleared cached video readers
INFO:root:[LiveCCWorker] Cleared cached video readers on stop request
INFO:root:[LiveCCWorker] Stop requested, breaking inference loop
INFO:root:[LiveCCWorker] LiveCC inference finished. Took 47.29 s
INFO:root:[LiveCCWorker] Cleared cached video readers after inference
INFO:root:[LiveCCWorker] Start LiveCC inference on: /home/miislab/livecc_gui/examples/boat.mp4
INFO:root:[LiveCCWorker] Cleared cached video readers
INFO:root:[LiveCCWorker] Video ended
INFO:root:[LiveCCWorker] LiveCC inference finished. Took 44.19 s
INFO:root:[LiveCCWorker] Cleared cached video readers on stop request
INFO:root:[LiveCCWorker] Cleared cached video readers after inference
INFO:root:[LiveCCWorker] Start LiveCC inference on: /home/miislab/livecc_gui/examples/boat.mp4
INFO:root:[LiveCCWorker] Cleared cached video readers
INFO:root:[LiveCCWorker] Cleared cached video readers on stop request
INFO:root:[LiveCCWorker] Stop requested, breaking inference loop
INFO:root:[LiveCCWorker] LiveCC inference finished. Took 37.48 s
INFO:root:[LiveCCWorker] Cleared cached video readers after inference
INFO:root:[LiveCCWorker] Start LiveCC inference on: /home/miislab/livecc_gui/examples/boat.mp4
INFO:root:[LiveCCWorker] Cleared cached video readers
INFO:root:[LiveCCWorker] Cleared cached video readers on stop request
INFO:root:[LiveCCWorker] Stop requested, breaking inference loop
INFO:root:[LiveCCWorker] LiveCC inference finished. Took 28.65 s
INFO:root:[LiveCCWorker] Cleared cached video readers after inference
INFO:root:[LiveCCWorker] Start LiveCC inference on: /home/miislab/livecc_gui/examples/wheelchair_long.mp4
INFO:root:[LiveCCWorker] Cleared cached video readers
INFO:root:[LiveCCWorker] Cleared cached video readers on stop request
INFO:root:[LiveCCWorker] Stop requested, breaking inference loop
INFO:root:[LiveCCWorker] LiveCC inference finished. Took 8.96 s
INFO:root:[LiveCCWorker] Cleared cached video readers after inference
INFO:root:[LiveCCWorker] Start LiveCC inference on: /home/miislab/livecc_gui/examples/wheelchair_long.mp4
INFO:root:[LiveCCWorker] Cleared cached video readers
INFO:root:[LiveCCWorker] Video ended
INFO:root:[LiveCCWorker] LiveCC inference finished. Took 42.12 s
INFO:root:[LiveCCWorker] Cleared cached video readers on stop request
INFO:root:[LiveCCWorker] Cleared cached video readers after inference
INFO:root:[LiveCCWorker] Start LiveCC inference on: /home/miislab/livecc_gui/examples/boat.mp4
INFO:root:[LiveCCWorker] Cleared cached video readers
INFO:root:[LiveCCWorker] Cleared cached video readers on stop request
INFO:root:[LiveCCWorker] Stop requested, breaking inference loop
INFO:root:[LiveCCWorker] LiveCC inference finished. Took 8.26 s
INFO:root:[LiveCCWorker] Cleared cached video readers after inference
INFO:root:[LiveCCWorker] Start LiveCC inference on: /home/miislab/livecc_gui/examples/wheelchair_short.mp4
INFO:root:[LiveCCWorker] Cleared cached video readers
INFO:root:[LiveCCWorker] Cleared cached video readers on stop request
INFO:root:[LiveCCWorker] Stop requested, breaking inference loop
INFO:root:[LiveCCWorker] LiveCC inference finished. Took 16.08 s
INFO:root:[LiveCCWorker] Cleared cached video readers after inference
INFO:root:[LiveCCWorker] Start LiveCC inference on: /home/miislab/livecc_gui/examples/wheelchair_short.mp4
INFO:root:[LiveCCWorker] Cleared cached video readers
INFO:root:[LiveCCWorker] Cleared cached video readers on stop request
INFO:root:[LiveCCWorker] Stop requested, breaking inference loop
INFO:root:[LiveCCWorker] LiveCC inference finished. Took 9.91 s
INFO:root:[LiveCCWorker] Cleared cached video readers after inference
INFO:root:[LiveCCWorker] Start LiveCC inference on: /home/miislab/livecc_gui/examples/wheelchair_short.mp4
INFO:root:[LiveCCWorker] Cleared cached video readers
INFO:root:[LiveCCWorker] Cleared cached video readers on stop request
INFO:root:[LiveCCWorker] Stop requested, breaking inference loop
INFO:root:[LiveCCWorker] LiveCC inference finished. Took 16.13 s
INFO:root:[LiveCCWorker] Cleared cached video readers after inference
INFO:root:[LiveCCWorker] Start LiveCC inference on: /home/miislab/livecc_gui/examples/wheelchair_short.mp4
INFO:root:[LiveCCWorker] Cleared cached video readers
INFO:root:[LiveCCWorker] Video ended
INFO:root:[LiveCCWorker] LiveCC inference finished. Took 25.95 s
INFO:root:[LiveCCWorker] Cleared cached video readers on stop request
INFO:root:[LiveCCWorker] Cleared cached video readers after inference
INFO:root:[LiveCCWorker] Start LiveCC inference on: /home/miislab/livecc_gui/examples/wheelchair_short.mp4
INFO:root:[LiveCCWorker] Cleared cached video readers
INFO:root:[LiveCCWorker] Cleared cached video readers on stop request
INFO:root:[LiveCCWorker] Stop requested, breaking inference loop
INFO:root:[LiveCCWorker] LiveCC inference finished. Took 27.93 s
INFO:root:[LiveCCWorker] Cleared cached video readers after inference
INFO:root:[LiveCCWorker] Start LiveCC inference on: /home/miislab/livecc_gui/examples/wheelchair_short.mp4
INFO:root:[LiveCCWorker] Cleared cached video readers
ERROR:root:[LiveCCWorker] Error during inference
Traceback (most recent call last):
  File "/home/miislab/livecc_gui/src/miis_broadcast/workers/livecc.py", line 87, in runInference
    for (start_t, stop_t), response, state in self.livecc.live_cc(query, state):
  File "/home/miislab/livecc_gui/src/miis_broadcast/core/models/livecc_transformers.py", line 394, in live_cc
    state["last_video_pts_index"] = clip_idxs[-1]
IndexError: list index out of range
INFO:root:[LiveCCWorker] Cleared cached video readers on stop request
INFO:root:[LiveCCWorker] Cleared cached video readers after inference
INFO:root:[LiveCCCameraWorker] Start camera inference loop
INFO:root:[LiveCCCameraWorker] Memory Reset (Count=5)
INFO:root:[LiveCCCameraWorker] Memory Reset (Count=10)
INFO:root:[LiveCCCameraWorker] Memory Reset (Count=15)
INFO:root:[LiveCCWorker] Cleared cached video readers on stop request
INFO:root:[LiveCCCameraWorker] Camera inference loop finished
INFO:root:[LiveCCCameraWorker] Start camera inference loop
INFO:root:[LiveCCCameraWorker] Memory Reset (Count=5)
INFO:root:[LiveCCCameraWorker] Memory Reset (Count=10)
INFO:root:[LiveCCWorker] Cleared cached video readers on stop request
INFO:root:[LiveCCCameraWorker] Camera inference loop finished
INFO:root:[LiveCCCameraWorker] Start camera inference loop
INFO:root:[LiveCCCameraWorker] Memory Reset (Count=5)
INFO:root:[LiveCCCameraWorker] Memory Reset (Count=10)
INFO:root:[LiveCCCameraWorker] Memory Reset (Count=15)
INFO:root:[LiveCCCameraWorker] Memory Reset (Count=20)
INFO:root:[LiveCCWorker] Cleared cached video readers on stop request
INFO:root:[LiveCCCameraWorker] Camera inference loop finished
INFO:root:[LiveCCCameraWorker] Start camera inference loop
INFO:root:[LiveCCCameraWorker] Memory Reset (Count=5)
INFO:root:[LiveCCCameraWorker] Memory Reset (Count=10)
INFO:root:[LiveCCWorker] Cleared cached video readers on stop request
INFO:root:[LiveCCCameraWorker] Camera inference loop finished
INFO:root:[LiveCCCameraWorker] Start camera inference loop
INFO:root:[LiveCCWorker] Cleared cached video readers on stop request
INFO:root:[LiveCCCameraWorker] Camera inference loop finished
INFO:root:[LiveCCCameraWorker] Start camera inference loop
INFO:root:[LiveCCCameraWorker] Memory Reset (Count=5)
INFO:root:[LiveCCCameraWorker] Memory Reset (Count=10)
INFO:root:[LiveCCCameraWorker] Memory Reset (Count=15)
INFO:root:[LiveCCWorker] Cleared cached video readers on stop request
INFO:root:[LiveCCCameraWorker] Camera inference loop finished
INFO:root:[LiveCCCameraWorker] Start camera inference loop
INFO:root:[LiveCCWorker] Cleared cached video readers on stop request
INFO:root:[LiveCCCameraWorker] Camera inference loop finished
INFO:root:[LiveCCCameraWorker] Start camera inference loop
INFO:root:[LiveCCCameraWorker] Memory Reset (Count=5)
INFO:root:[LiveCCCameraWorker] Memory Reset (Count=10)
INFO:root:[LiveCCCameraWorker] Memory Reset (Count=15)
INFO:root:[LiveCCWorker] Cleared cached video readers on stop request
INFO:root:[LiveCCCameraWorker] Camera inference loop finished
INFO:root:[LiveCCCameraWorker] Start camera inference loop
INFO:root:[LiveCCCameraWorker] Memory Reset (Count=5)
INFO:root:[LiveCCCameraWorker] Memory Reset (Count=10)
INFO:root:[LiveCCCameraWorker] Memory Reset (Count=15)
INFO:root:[LiveCCWorker] Cleared cached video readers on stop request
INFO:root:[LiveCCCameraWorker] Camera inference loop finished
INFO:root:input frame rate=25
WARNING:huggingface_hub.utils._http:'(ReadTimeoutError("HTTPSConnectionPool(host='huggingface.co', port=443): Read timed out. (read timeout=10)"), '(Request ID: 6d62ea87-9d0a-44b3-94e2-86f286270ec3)')' thrown while requesting HEAD https://huggingface.co/chenjoya/LiveCC-7B-Instruct/resolve/main/config.json
WARNING:huggingface_hub.utils._http:Retrying in 1s [Retry 1/5].
INFO:root:[LiveCCWorker] Start LiveCC inference on: /home/miislab/livecc_gui/examples/basketball_1080p_02.mp4
INFO:root:[LiveCCWorker] Cleared cached video readers
INFO:root:[LiveCCWorker] Cleared cached video readers on stop request
INFO:root:[LiveCCWorker] Stop requested, breaking inference loop
INFO:root:[LiveCCWorker] LiveCC inference finished. Took 42.89 s
INFO:root:[LiveCCWorker] Cleared cached video readers after inference
INFO:root:[LiveCCWorker] Start LiveCC inference on: /home/miislab/livecc_gui/examples/basketball_1080p_02.mp4
INFO:root:[LiveCCWorker] Cleared cached video readers
INFO:root:[LiveCCWorker] Cleared cached video readers on stop request
INFO:root:[LiveCCWorker] Stop requested, breaking inference loop
INFO:root:[LiveCCWorker] LiveCC inference finished. Took 26.77 s
INFO:root:[LiveCCWorker] Cleared cached video readers after inference
INFO:root:[LiveCCWorker] Start LiveCC inference on: /home/miislab/livecc_gui/examples/basketball_1080p_02.mp4
INFO:root:[LiveCCWorker] Cleared cached video readers
INFO:root:[LiveCCWorker] Cleared cached video readers on stop request
INFO:root:[LiveCCWorker] Stop requested, breaking inference loop
INFO:root:[LiveCCWorker] LiveCC inference finished. Took 6.09 s
INFO:root:[LiveCCWorker] Cleared cached video readers after inference
INFO:root:[LiveCCWorker] Start LiveCC inference on: /home/miislab/livecc_gui/examples/basketball_1080p_02.mp4
INFO:root:[LiveCCWorker] Cleared cached video readers
ERROR:root:[LiveCCWorker] Error during inference
Traceback (most recent call last):
  File "/home/miislab/livecc_gui/src/miis_broadcast/workers/livecc.py", line 87, in runInference
    for (start_t, stop_t), response, state in self.livecc.live_cc(query, state):
  File "/home/miislab/livecc_gui/src/miis_broadcast/core/models/livecc_transformers.py", line 352, in live_cc
    self._cached_video_readers_with_hw[video_path] = get_smart_resized_video_reader(
  File "/home/miislab/miniforge3/envs/livecc_chatterboxtts/lib/python3.10/site-packages/livecc_utils/video_process_patch.py", line 112, in get_smart_resized_video_reader
    height, width, _ = video_reader.next().shape
  File "/home/miislab/miniforge3/envs/livecc_chatterboxtts/lib/python3.10/site-packages/decord/video_reader.py", line 117, in next
    arr = _CAPI_VideoReaderNextFrame(self._handle)
  File "/home/miislab/miniforge3/envs/livecc_chatterboxtts/lib/python3.10/site-packages/decord/_ffi/_ctypes/function.py", line 173, in __call__
    check_call(_LIB.DECORDFuncCall(
  File "/home/miislab/miniforge3/envs/livecc_chatterboxtts/lib/python3.10/site-packages/decord/_ffi/base.py", line 78, in check_call
    raise DECORDError(err_str)
decord._ffi.base.DECORDError: [15:09:03] /github/workspace/src/video/video_reader.cc:444: [/home/miislab/livecc_gui/examples/basketball_1080p_02.mp4]Unable to handle EOF because it takes too long to retrieve last few frames and `DECORD_EOF_RETRY_MAX=10240`. You may override the limit by `export DECORD_EOF_RETRY_MAX=20480` for example to allow more EOF retry attempts, exit...
INFO:root:[LiveCCWorker] Cleared cached video readers on stop request
INFO:root:[LiveCCWorker] Cleared cached video readers after inference
INFO:root:[LiveCCWorker] Start LiveCC inference on: /home/miislab/livecc_gui/examples/basketball_1080p_02.mp4
INFO:root:[LiveCCWorker] Cleared cached video readers
INFO:root:[LiveCCWorker] Cleared cached video readers on stop request
INFO:root:[LiveCCWorker] Stop requested, breaking inference loop
INFO:root:[LiveCCWorker] LiveCC inference finished. Took 10.07 s
INFO:root:[LiveCCWorker] Cleared cached video readers after inference
INFO:root:[LiveCCWorker] Start LiveCC inference on: /home/miislab/livecc_gui/examples/basketball_1080p_02.mp4
INFO:root:[LiveCCWorker] Cleared cached video readers
INFO:root:[LiveCCWorker] Cleared cached video readers on stop request
INFO:root:[LiveCCWorker] Stop requested, breaking inference loop
INFO:root:[LiveCCWorker] LiveCC inference finished. Took 22.49 s
INFO:root:[LiveCCWorker] Cleared cached video readers after inference
INFO:root:[LiveCCWorker] Start LiveCC inference on: /home/miislab/livecc_gui/examples/basketball_1080p_02.mp4
INFO:root:[LiveCCWorker] Cleared cached video readers
INFO:root:[LiveCCWorker] Cleared cached video readers on stop request
INFO:root:[LiveCCWorker] Stop requested, breaking inference loop
INFO:root:[LiveCCWorker] LiveCC inference finished. Took 22.46 s
INFO:root:[LiveCCWorker] Cleared cached video readers after inference
INFO:root:[LiveCCWorker] Start LiveCC inference on: /home/miislab/livecc_gui/examples/basketball_1080p_02.mp4
INFO:root:[LiveCCWorker] Cleared cached video readers
INFO:root:[LiveCCWorker] Cleared cached video readers on stop request
INFO:root:[LiveCCWorker] Stop requested, breaking inference loop
INFO:root:[LiveCCWorker] LiveCC inference finished. Took 14.04 s
INFO:root:[LiveCCWorker] Cleared cached video readers after inference
INFO:root:[LiveCCWorker] Start LiveCC inference on: /home/miislab/livecc_gui/examples/basketball_1080p_02.mp4
INFO:root:[LiveCCWorker] Cleared cached video readers
INFO:root:[LiveCCWorker] Cleared cached video readers on stop request
INFO:root:[LiveCCWorker] Stop requested, breaking inference loop
INFO:root:[LiveCCWorker] LiveCC inference finished. Took 14.27 s
INFO:root:[LiveCCWorker] Cleared cached video readers after inference
INFO:root:[LiveCCWorker] Start LiveCC inference on: /home/miislab/livecc_gui/examples/basketball_1080p_02.mp4
INFO:root:[LiveCCWorker] Cleared cached video readers
INFO:root:[LiveCCWorker] Cleared cached video readers on stop request
INFO:root:[LiveCCWorker] Stop requested, breaking inference loop
INFO:root:[LiveCCWorker] LiveCC inference finished. Took 56.31 s
INFO:root:[LiveCCWorker] Cleared cached video readers after inference
INFO:root:[LiveCCWorker] Start LiveCC inference on: /home/miislab/livecc_gui/examples/basketball_1080p_02.mp4
INFO:root:[LiveCCWorker] Cleared cached video readers
INFO:root:[LiveCCWorker] Cleared cached video readers on stop request
INFO:root:[LiveCCWorker] Stop requested, breaking inference loop
INFO:root:[LiveCCWorker] LiveCC inference finished. Took 80.67 s
INFO:root:[LiveCCWorker] Cleared cached video readers after inference
INFO:root:input frame rate=25
INFO:root:input frame rate=25
INFO:root:[LiveCCWorker] Start LiveCC inference on: /home/miislab/livecc_gui/examples/boat.mp4
INFO:root:[LiveCCWorker] Cleared cached video readers
INFO:root:[LiveCCWorker] Video ended
INFO:root:[LiveCCWorker] LiveCC inference finished. Took 45.15 s
INFO:root:[LiveCCWorker] Cleared cached video readers on stop request
INFO:root:[LiveCCWorker] Cleared cached video readers after inference
INFO:root:[LiveCCWorker] Start LiveCC inference on: /home/miislab/livecc_gui/examples/boat.mp4
INFO:root:[LiveCCWorker] Cleared cached video readers
ERROR:root:[LiveCCWorker] Error during inference
Traceback (most recent call last):
  File "/home/miislab/livecc_gui/src/miis_broadcast/workers/livecc.py", line 87, in runInference
    for (start_t, stop_t), response, state in self.livecc.live_cc(query, state):
  File "/home/miislab/livecc_gui/src/miis_broadcast/core/models/livecc_transformers.py", line 441, in live_cc
    inputs = inputs.to(self.device)
  File "/home/miislab/miniforge3/envs/livecc_chatterboxtts/lib/python3.10/site-packages/transformers/feature_extraction_utils.py", line 246, in to
    self.data = {k: maybe_to(v) for k, v in self.items()}
  File "/home/miislab/miniforge3/envs/livecc_chatterboxtts/lib/python3.10/site-packages/transformers/feature_extraction_utils.py", line 246, in <dictcomp>
    self.data = {k: maybe_to(v) for k, v in self.items()}
  File "/home/miislab/miniforge3/envs/livecc_chatterboxtts/lib/python3.10/site-packages/transformers/feature_extraction_utils.py", line 242, in maybe_to
    return v.to(device=device, non_blocking=non_blocking)
torch.AcceleratorError: CUDA error: device-side assert triggered
CUDA kernel errors might be asynchronously reported at some other API call, so the stacktrace below might be incorrect.
For debugging consider passing CUDA_LAUNCH_BLOCKING=1
Compile with `TORCH_USE_CUDA_DSA` to enable device-side assertions.

INFO:root:[LiveCCWorker] Cleared cached video readers after inference
INFO:root:[LiveCCWorker] Cleared cached video readers on stop request
INFO:root:[LiveCCWorker] Start LiveCC inference on: /home/miislab/livecc_gui/examples/PLG.mp4
INFO:root:[LiveCCWorker] Cleared cached video readers
INFO:root:[LiveCCWorker] Cleared cached video readers on stop request
ERROR:root:[LiveCCWorker] Error during inference
Traceback (most recent call last):
  File "/home/miislab/livecc_gui/src/miis_broadcast/workers/livecc.py", line 87, in runInference
    for (start_t, stop_t), response, state in self.livecc.live_cc(query, state):
  File "/home/miislab/livecc_gui/src/miis_broadcast/core/models/livecc_transformers.py", line 352, in live_cc
    self._cached_video_readers_with_hw[video_path] = get_smart_resized_video_reader(
  File "/home/miislab/miniforge3/envs/livecc_chatterboxtts/lib/python3.10/site-packages/livecc_utils/video_process_patch.py", line 110, in get_smart_resized_video_reader
    video_reader = decord.VideoReader(video_path)
  File "/home/miislab/miniforge3/envs/livecc_chatterboxtts/lib/python3.10/site-packages/decord/video_reader.py", line 57, in __init__
    raise RuntimeError("Error reading " + uri + "...")
RuntimeError: Error reading /home/miislab/livecc_gui/examples/PLG.mp4...
INFO:root:[LiveCCWorker] Cleared cached video readers after inference
INFO:root:[LiveCCWorker] Start LiveCC inference on: /home/miislab/livecc_gui/examples/PLG_ 使用 Clipchamp 製作.mp4
INFO:root:[LiveCCWorker] Cleared cached video readers
INFO:root:[LiveCCWorker] Cleared cached video readers on stop request
INFO:root:[LiveCCWorker] Stop requested, breaking inference loop
INFO:root:[LiveCCWorker] LiveCC inference finished. Took 141.08 s
INFO:root:[LiveCCWorker] Cleared cached video readers after inference
INFO:root:[LiveCCWorker] Start LiveCC inference on: /home/miislab/livecc_gui/examples/PLG_ 使用 Clipchamp 製作.mp4
INFO:root:[LiveCCWorker] Cleared cached video readers
INFO:root:[LiveCCWorker] Cleared cached video readers on stop request
INFO:root:[LiveCCWorker] Stop requested, breaking inference loop
INFO:root:[LiveCCWorker] LiveCC inference finished. Took 48.03 s
INFO:root:[LiveCCWorker] Cleared cached video readers after inference
INFO:root:[LiveCCWorker] Start LiveCC inference on: /home/miislab/livecc_gui/examples/basketball_1080p_02.mp4
INFO:root:[LiveCCWorker] Cleared cached video readers
INFO:root:[LiveCCWorker] Cleared cached video readers on stop request
INFO:root:[LiveCCWorker] Stop requested, breaking inference loop
INFO:root:[LiveCCWorker] LiveCC inference finished. Took 4.84 s
INFO:root:[LiveCCWorker] Cleared cached video readers after inference
INFO:root:[LiveCCWorker] Start LiveCC inference on: /home/miislab/livecc_gui/examples/basketball_1080p_02.mp4
INFO:root:[LiveCCWorker] Cleared cached video readers
INFO:root:[LiveCCWorker] Cleared cached video readers on stop request
INFO:root:[LiveCCWorker] Stop requested, breaking inference loop
INFO:root:[LiveCCWorker] LiveCC inference finished. Took 149.81 s
INFO:root:[LiveCCWorker] Cleared cached video readers after inference
INFO:root:[LiveCCWorker] Start LiveCC inference on: /home/miislab/livecc_gui/examples/evl/evl_fast.mp4
INFO:root:[LiveCCWorker] Cleared cached video readers
INFO:root:[LiveCCWorker] Cleared cached video readers on stop request
INFO:root:[LiveCCWorker] Stop requested, breaking inference loop
INFO:root:[LiveCCWorker] LiveCC inference finished. Took 16.11 s
INFO:root:[LiveCCWorker] Cleared cached video readers after inference
INFO:root:[LiveCCWorker] Start LiveCC inference on: /home/miislab/livecc_gui/examples/evl/evl_fast.mp4
INFO:root:[LiveCCWorker] Cleared cached video readers
INFO:root:[LiveCCWorker] Cleared cached video readers on stop request
INFO:root:[LiveCCWorker] Stop requested, breaking inference loop
INFO:root:[LiveCCWorker] LiveCC inference finished. Took 15.83 s
INFO:root:[LiveCCWorker] Cleared cached video readers after inference
INFO:root:[LiveCCWorker] Start LiveCC inference on: /home/miislab/livecc_gui/examples/evl/evl_short.mp4
INFO:root:[LiveCCWorker] Cleared cached video readers
INFO:root:[LiveCCWorker] Cleared cached video readers on stop request
INFO:root:[LiveCCWorker] Stop requested, breaking inference loop
INFO:root:[LiveCCWorker] LiveCC inference finished. Took 12.13 s
INFO:root:[LiveCCWorker] Cleared cached video readers after inference
INFO:root:[LiveCCWorker] Start LiveCC inference on: /home/miislab/livecc_gui/examples/evl/evl_short.mp4
INFO:root:[LiveCCWorker] Cleared cached video readers
INFO:root:[LiveCCWorker] Cleared cached video readers on stop request
INFO:root:[LiveCCWorker] Stop requested, breaking inference loop
INFO:root:[LiveCCWorker] LiveCC inference finished. Took 11.83 s
INFO:root:[LiveCCWorker] Cleared cached video readers after inference
INFO:root:[LiveCCWorker] Start LiveCC inference on: /home/miislab/livecc_gui/examples/basketball_1080p_02.mp4
INFO:root:[LiveCCWorker] Cleared cached video readers
INFO:root:[LiveCCWorker] Cleared cached video readers on stop request
INFO:root:[LiveCCWorker] Stop requested, breaking inference loop
INFO:root:[LiveCCWorker] LiveCC inference finished. Took 36.05 s
INFO:root:[LiveCCWorker] Cleared cached video readers after inference
INFO:root:[LiveCCWorker] Start LiveCC inference on: /home/miislab/livecc_gui/examples/basketball_1080p_02.mp4
INFO:root:[LiveCCWorker] Cleared cached video readers
INFO:root:[LiveCCWorker] Cleared cached video readers on stop request
INFO:root:[LiveCCWorker] Stop requested, breaking inference loop
INFO:root:[LiveCCWorker] LiveCC inference finished. Took 67.72 s
INFO:root:[LiveCCWorker] Cleared cached video readers after inference
INFO:root:[LiveCCWorker] Start LiveCC inference on: /home/miislab/livecc_gui/examples/basketball_1080p_02.mp4
INFO:root:[LiveCCWorker] Cleared cached video readers
INFO:root:[LiveCCWorker] Video ended
INFO:root:[LiveCCWorker] LiveCC inference finished. Took 340.13 s
INFO:root:[LiveCCWorker] Cleared cached video readers on stop request
INFO:root:[LiveCCWorker] Cleared cached video readers after inference
INFO:root:[LiveCCWorker] Start LiveCC inference on: /home/miislab/livecc_gui/examples/basketball_1080p_02.mp4
INFO:root:[LiveCCWorker] Cleared cached video readers
INFO:root:[LiveCCWorker] Cleared cached video readers on stop request
INFO:root:[LiveCCWorker] Stop requested, breaking inference loop
INFO:root:[LiveCCWorker] LiveCC inference finished. Took 161.25 s
INFO:root:[LiveCCWorker] Cleared cached video readers after inference
INFO:root:[LiveCCWorker] Start LiveCC inference on: /home/miislab/livecc_gui/examples/evl/evl_fast.mp4
INFO:root:[LiveCCWorker] Cleared cached video readers
INFO:root:[LiveCCWorker] Cleared cached video readers on stop request
INFO:root:[LiveCCWorker] Stop requested, breaking inference loop
INFO:root:[LiveCCWorker] LiveCC inference finished. Took 15.87 s
INFO:root:[LiveCCWorker] Cleared cached video readers after inference
INFO:root:[LiveCCWorker] Start LiveCC inference on: /home/miislab/livecc_gui/examples/evl/evl_fast.mp4
INFO:root:[LiveCCWorker] Cleared cached video readers
INFO:root:[LiveCCWorker] Cleared cached video readers on stop request
INFO:root:[LiveCCWorker] Stop requested, breaking inference loop
INFO:root:[LiveCCWorker] LiveCC inference finished. Took 15.82 s
INFO:root:[LiveCCWorker] Cleared cached video readers after inference
INFO:root:[LiveCCWorker] Start LiveCC inference on: /home/miislab/livecc_gui/examples/evl/evl_short.mp4
INFO:root:[LiveCCWorker] Cleared cached video readers
INFO:root:[LiveCCWorker] Cleared cached video readers on stop request
INFO:root:[LiveCCWorker] Stop requested, breaking inference loop
INFO:root:[LiveCCWorker] LiveCC inference finished. Took 12.10 s
INFO:root:[LiveCCWorker] Cleared cached video readers after inference
INFO:root:[LiveCCWorker] Start LiveCC inference on: /home/miislab/livecc_gui/examples/evl/evl_short.mp4
INFO:root:[LiveCCWorker] Cleared cached video readers
INFO:root:[LiveCCWorker] Cleared cached video readers on stop request
INFO:root:[LiveCCWorker] Stop requested, breaking inference loop
INFO:root:[LiveCCWorker] LiveCC inference finished. Took 11.92 s
INFO:root:[LiveCCWorker] Cleared cached video readers after inference
INFO:root:[LiveCCWorker] Start LiveCC inference on: /home/miislab/livecc_gui/examples/evl/evl_short.mp4
INFO:root:[LiveCCWorker] Cleared cached video readers
INFO:root:[LiveCCWorker] Cleared cached video readers on stop request
INFO:root:[LiveCCWorker] Stop requested, breaking inference loop
INFO:root:[LiveCCWorker] LiveCC inference finished. Took 11.90 s
INFO:root:[LiveCCWorker] Cleared cached video readers after inference
INFO:root:[LiveCCWorker] Start LiveCC inference on: /home/miislab/livecc_gui/examples/evl/evl_short.mp4
INFO:root:[LiveCCWorker] Cleared cached video readers
INFO:root:[LiveCCWorker] Cleared cached video readers on stop request
INFO:root:[LiveCCWorker] Stop requested, breaking inference loop
INFO:root:[LiveCCWorker] LiveCC inference finished. Took 11.86 s
INFO:root:[LiveCCWorker] Cleared cached video readers after inference
INFO:root:[LiveCCWorker] Start LiveCC inference on: /home/miislab/livecc_gui/examples/evl/evl_fast.mp4
INFO:root:[LiveCCWorker] Cleared cached video readers
INFO:root:[LiveCCWorker] Cleared cached video readers on stop request
INFO:root:[LiveCCWorker] Stop requested, breaking inference loop
INFO:root:[LiveCCWorker] LiveCC inference finished. Took 16.12 s
INFO:root:[LiveCCWorker] Cleared cached video readers after inference
INFO:root:[LiveCCWorker] Start LiveCC inference on: /home/miislab/livecc_gui/examples/evl/evl_fast.mp4
INFO:root:[LiveCCWorker] Cleared cached video readers
INFO:root:[LiveCCWorker] Cleared cached video readers on stop request
INFO:root:[LiveCCWorker] Stop requested, breaking inference loop
INFO:root:[LiveCCWorker] LiveCC inference finished. Took 16.09 s
INFO:root:[LiveCCWorker] Cleared cached video readers after inference
INFO:root:[LiveCCWorker] Start LiveCC inference on: /home/miislab/livecc_gui/examples/evl/evl_fast.mp4
INFO:root:[LiveCCWorker] Cleared cached video readers
INFO:root:[LiveCCWorker] Cleared cached video readers on stop request
INFO:root:[LiveCCWorker] Stop requested, breaking inference loop
INFO:root:[LiveCCWorker] LiveCC inference finished. Took 15.92 s
INFO:root:[LiveCCWorker] Cleared cached video readers after inference
INFO:root:[LiveCCWorker] Start LiveCC inference on: /home/miislab/livecc_gui/examples/evl/evl_fast.mp4
INFO:root:[LiveCCWorker] Cleared cached video readers
INFO:root:[LiveCCWorker] Cleared cached video readers on stop request
INFO:root:[LiveCCWorker] Stop requested, breaking inference loop
INFO:root:[LiveCCWorker] LiveCC inference finished. Took 15.98 s
INFO:root:[LiveCCWorker] Cleared cached video readers after inference
INFO:root:[LiveCCWorker] Start LiveCC inference on: /home/miislab/livecc_gui/examples/evl/evl_fast.mp4
INFO:root:[LiveCCWorker] Cleared cached video readers
INFO:root:[LiveCCWorker] Cleared cached video readers on stop request
INFO:root:[LiveCCWorker] Stop requested, breaking inference loop
INFO:root:[LiveCCWorker] LiveCC inference finished. Took 16.17 s
INFO:root:[LiveCCWorker] Cleared cached video readers after inference
INFO:root:[LiveCCWorker] Start LiveCC inference on: /home/miislab/livecc_gui/examples/evl/evl_fast.mp4
INFO:root:[LiveCCWorker] Cleared cached video readers
INFO:root:[LiveCCWorker] Cleared cached video readers on stop request
INFO:root:[LiveCCWorker] Stop requested, breaking inference loop
INFO:root:[LiveCCWorker] LiveCC inference finished. Took 16.09 s
INFO:root:[LiveCCWorker] Cleared cached video readers after inference
INFO:root:[LiveCCWorker] Start LiveCC inference on: /home/miislab/livecc_gui/examples/evl/evl_fast.mp4
INFO:root:[LiveCCWorker] Cleared cached video readers
ERROR:root:[LiveCCWorker] Error during inference
Traceback (most recent call last):
  File "/home/miislab/livecc_gui/src/miis_broadcast/workers/livecc.py", line 88, in runInference
    for (start_t, stop_t), response, state in self.livecc.live_cc(query, state):
  File "/home/miislab/livecc_gui/src/miis_broadcast/core/models/livecc_transformers.py", line 408, in live_cc
    interleave_clips.append(clip[: self.initial_fps_frames])
TypeError: slice indices must be integers or None or have an __index__ method
INFO:root:[LiveCCWorker] Cleared cached video readers after inference
INFO:root:[LiveCCWorker] Cleared cached video readers on stop request
INFO:root:[LiveCCWorker] Start LiveCC inference on: /home/miislab/livecc_gui/examples/evl/evl_fast.mp4
INFO:root:[LiveCCWorker] Cleared cached video readers
INFO:root:[LiveCCWorker] Cleared cached video readers on stop request
INFO:root:[LiveCCWorker] Stop requested, breaking inference loop
INFO:root:[LiveCCWorker] LiveCC inference finished. Took 15.46 s
INFO:root:[LiveCCWorker] Cleared cached video readers after inference
INFO:root:[LiveCCWorker] Start LiveCC inference on: /home/miislab/livecc_gui/examples/evl/evl_short.mp4
INFO:root:[LiveCCWorker] Cleared cached video readers
INFO:root:[LiveCCWorker] Cleared cached video readers on stop request
INFO:root:[LiveCCWorker] Stop requested, breaking inference loop
INFO:root:[LiveCCWorker] LiveCC inference finished. Took 11.42 s
INFO:root:[LiveCCWorker] Cleared cached video readers after inference
INFO:root:[LiveCCWorker] Start LiveCC inference on: /home/miislab/livecc_gui/examples/evl/evl_fast.mp4
INFO:root:[LiveCCWorker] Cleared cached video readers
INFO:root:[LiveCCWorker] Cleared cached video readers on stop request
INFO:root:[LiveCCWorker] Stop requested, breaking inference loop
INFO:root:[LiveCCWorker] LiveCC inference finished. Took 15.38 s
INFO:root:[LiveCCWorker] Cleared cached video readers after inference
INFO:root:[LiveCCWorker] Start LiveCC inference on: /home/miislab/livecc_gui/examples/evl/evl_fast.mp4
INFO:root:[LiveCCWorker] Cleared cached video readers
INFO:root:[LiveCCWorker] Cleared cached video readers on stop request
INFO:root:[LiveCCWorker] Stop requested, breaking inference loop
INFO:root:[LiveCCWorker] LiveCC inference finished. Took 15.42 s
INFO:root:[LiveCCWorker] Cleared cached video readers after inference
INFO:root:[LiveCCWorker] Start LiveCC inference on: /home/miislab/livecc_gui/examples/evl/evl_fast.mp4
INFO:root:[LiveCCWorker] Cleared cached video readers
INFO:root:[LiveCCWorker] Cleared cached video readers on stop request
INFO:root:[LiveCCWorker] Stop requested, breaking inference loop
INFO:root:[LiveCCWorker] LiveCC inference finished. Took 15.28 s
INFO:root:[LiveCCWorker] Cleared cached video readers after inference
INFO:root:[LiveCCWorker] Start LiveCC inference on: /home/miislab/livecc_gui/examples/evl/evl_fast.mp4
INFO:root:[LiveCCWorker] Cleared cached video readers
INFO:root:[LiveCCWorker] Cleared cached video readers on stop request
INFO:root:[LiveCCWorker] Stop requested, breaking inference loop
INFO:root:[LiveCCWorker] LiveCC inference finished. Took 6.62 s
INFO:root:[LiveCCWorker] Cleared cached video readers after inference
INFO:root:[LiveCCWorker] Start LiveCC inference on: /home/miislab/livecc_gui/examples/evl/evl_fast.mp4
INFO:root:[LiveCCWorker] Cleared cached video readers
INFO:root:[LiveCCWorker] Cleared cached video readers on stop request
INFO:root:[LiveCCWorker] Stop requested, breaking inference loop
INFO:root:[LiveCCWorker] LiveCC inference finished. Took 15.41 s
INFO:root:[LiveCCWorker] Cleared cached video readers after inference
INFO:root:[LiveCCWorker] Start LiveCC inference on: /home/miislab/livecc_gui/examples/evl/evl_fast.mp4
INFO:root:[LiveCCWorker] Cleared cached video readers
INFO:root:[LiveCCWorker] Cleared cached video readers on stop request
INFO:root:[LiveCCWorker] Stop requested, breaking inference loop
INFO:root:[LiveCCWorker] LiveCC inference finished. Took 15.50 s
INFO:root:[LiveCCWorker] Cleared cached video readers after inference
INFO:root:[LiveCCWorker] Start LiveCC inference on: /home/miislab/livecc_gui/examples/evl/evl_fast.mp4
INFO:root:[LiveCCWorker] Cleared cached video readers
INFO:root:[LiveCCWorker] Cleared cached video readers on stop request
INFO:root:[LiveCCWorker] Stop requested, breaking inference loop
INFO:root:[LiveCCWorker] LiveCC inference finished. Took 15.49 s
INFO:root:[LiveCCWorker] Cleared cached video readers after inference
INFO:root:[LiveCCWorker] Start LiveCC inference on: /home/miislab/livecc_gui/examples/evl/evl_fast.mp4
INFO:root:[LiveCCWorker] Cleared cached video readers
INFO:root:[LiveCCWorker] Cleared cached video readers on stop request
INFO:root:[LiveCCWorker] Stop requested, breaking inference loop
INFO:root:[LiveCCWorker] LiveCC inference finished. Took 15.31 s
INFO:root:[LiveCCWorker] Cleared cached video readers after inference
INFO:root:[LiveCCWorker] Start LiveCC inference on: /home/miislab/livecc_gui/examples/evl/evl_fast.mp4
INFO:root:[LiveCCWorker] Cleared cached video readers
INFO:root:[LiveCCWorker] Cleared cached video readers on stop request
INFO:root:[LiveCCWorker] Stop requested, breaking inference loop
INFO:root:[LiveCCWorker] LiveCC inference finished. Took 15.30 s
INFO:root:[LiveCCWorker] Cleared cached video readers after inference
INFO:root:[LiveCCWorker] Start LiveCC inference on: /home/miislab/livecc_gui/examples/evl/evl_fast.mp4
INFO:root:[LiveCCWorker] Cleared cached video readers
INFO:root:[LiveCCWorker] Cleared cached video readers on stop request
INFO:root:[LiveCCWorker] Stop requested, breaking inference loop
INFO:root:[LiveCCWorker] LiveCC inference finished. Took 15.39 s
INFO:root:[LiveCCWorker] Cleared cached video readers after inference
INFO:root:[LiveCCWorker] Start LiveCC inference on: /home/miislab/livecc_gui/examples/evl/evl_fast.mp4
INFO:root:[LiveCCWorker] Cleared cached video readers
INFO:root:[LiveCCWorker] Cleared cached video readers on stop request
INFO:root:[LiveCCWorker] Stop requested, breaking inference loop
INFO:root:[LiveCCWorker] LiveCC inference finished. Took 15.28 s
INFO:root:[LiveCCWorker] Cleared cached video readers after inference
INFO:root:[LiveCCWorker] Start LiveCC inference on: /home/miislab/livecc_gui/examples/evl/evl_fast.mp4
INFO:root:[LiveCCWorker] Cleared cached video readers
INFO:root:[LiveCCWorker] Cleared cached video readers on stop request
INFO:root:[LiveCCWorker] Stop requested, breaking inference loop
INFO:root:[LiveCCWorker] LiveCC inference finished. Took 15.26 s
INFO:root:[LiveCCWorker] Cleared cached video readers after inference
INFO:root:[LiveCCWorker] Start LiveCC inference on: /home/miislab/livecc_gui/examples/evl/evl_short.mp4
INFO:root:[LiveCCWorker] Cleared cached video readers
INFO:root:[LiveCCWorker] Cleared cached video readers on stop request
INFO:root:[LiveCCWorker] Stop requested, breaking inference loop
INFO:root:[LiveCCWorker] LiveCC inference finished. Took 11.25 s
INFO:root:[LiveCCWorker] Cleared cached video readers after inference
INFO:root:[LiveCCWorker] Start LiveCC inference on: /home/miislab/livecc_gui/examples/evl/evl_fast.mp4
INFO:root:[LiveCCWorker] Cleared cached video readers
INFO:root:[LiveCCWorker] Stop requested, breaking inference loop
INFO:root:[LiveCCWorker] LiveCC inference finished. Took 15.25 s
INFO:root:[LiveCCWorker] Cleared cached video readers after inference
INFO:root:[LiveCCWorker] Cleared cached video readers on stop request
INFO:root:[LiveCCWorker] Start LiveCC inference on: /home/miislab/livecc_gui/examples/evl/evl_fast.mp4
INFO:root:[LiveCCWorker] Cleared cached video readers
INFO:root:[LiveCCWorker] Cleared cached video readers on stop request
INFO:root:[LiveCCWorker] Stop requested, breaking inference loop
INFO:root:[LiveCCWorker] LiveCC inference finished. Took 15.98 s
INFO:root:[LiveCCWorker] Cleared cached video readers after inference
INFO:root:[LiveCCWorker] Start LiveCC inference on: /home/miislab/livecc_gui/examples/evl/evl_fast.mp4
INFO:root:[LiveCCWorker] Cleared cached video readers
INFO:root:[LiveCCWorker] Cleared cached video readers on stop request
INFO:root:[LiveCCWorker] Stop requested, breaking inference loop
INFO:root:[LiveCCWorker] LiveCC inference finished. Took 15.93 s
INFO:root:[LiveCCWorker] Cleared cached video readers after inference
INFO:root:[LiveCCWorker] Start LiveCC inference on: /home/miislab/livecc_gui/examples/evl/evl_fast.mp4
INFO:root:[LiveCCWorker] Cleared cached video readers
INFO:root:[LiveCCWorker] Cleared cached video readers on stop request
INFO:root:[LiveCCWorker] Stop requested, breaking inference loop
INFO:root:[LiveCCWorker] LiveCC inference finished. Took 15.84 s
INFO:root:[LiveCCWorker] Cleared cached video readers after inference
INFO:root:[LiveCCWorker] Start LiveCC inference on: /home/miislab/livecc_gui/examples/evl/evl_fast.mp4
INFO:root:[LiveCCWorker] Cleared cached video readers
INFO:root:[LiveCCWorker] Cleared cached video readers on stop request
INFO:root:[LiveCCWorker] Stop requested, breaking inference loop
INFO:root:[LiveCCWorker] LiveCC inference finished. Took 16.07 s
INFO:root:[LiveCCWorker] Cleared cached video readers after inference
INFO:root:[LiveCCWorker] Start LiveCC inference on: /home/miislab/livecc_gui/examples/evl/evl_fast.mp4
INFO:root:[LiveCCWorker] Cleared cached video readers
INFO:root:[LiveCCWorker] Cleared cached video readers on stop request
INFO:root:[LiveCCWorker] Stop requested, breaking inference loop
INFO:root:[LiveCCWorker] LiveCC inference finished. Took 16.02 s
INFO:root:[LiveCCWorker] Cleared cached video readers after inference
INFO:root:[LiveCCWorker] Start LiveCC inference on: /home/miislab/livecc_gui/examples/evl/evl_short.mp4
INFO:root:[LiveCCWorker] Cleared cached video readers
INFO:root:[LiveCCWorker] Cleared cached video readers on stop request
INFO:root:[LiveCCWorker] Stop requested, breaking inference loop
INFO:root:[LiveCCWorker] LiveCC inference finished. Took 11.31 s
INFO:root:[LiveCCWorker] Cleared cached video readers after inference
INFO:root:[LiveCCWorker] Start LiveCC inference on: /home/miislab/livecc_gui/examples/evl/evl_short.mp4
INFO:root:[LiveCCWorker] Cleared cached video readers
INFO:root:[LiveCCWorker] Cleared cached video readers on stop request
INFO:root:[LiveCCWorker] Stop requested, breaking inference loop
INFO:root:[LiveCCWorker] LiveCC inference finished. Took 11.28 s
INFO:root:[LiveCCWorker] Cleared cached video readers after inference
INFO:root:[LiveCCWorker] Start LiveCC inference on: /home/miislab/livecc_gui/examples/evl/evl_fast.mp4
INFO:root:[LiveCCWorker] Cleared cached video readers
INFO:root:[LiveCCWorker] Cleared cached video readers on stop request
INFO:root:[LiveCCWorker] Stop requested, breaking inference loop
INFO:root:[LiveCCWorker] LiveCC inference finished. Took 15.93 s
INFO:root:[LiveCCWorker] Cleared cached video readers after inference
INFO:root:[LiveCCWorker] Start LiveCC inference on: /home/miislab/livecc_gui/examples/evl/evl_fast.mp4
INFO:root:[LiveCCWorker] Cleared cached video readers
INFO:root:[LiveCCWorker] Cleared cached video readers on stop request
INFO:root:[LiveCCWorker] Stop requested, breaking inference loop
INFO:root:[LiveCCWorker] LiveCC inference finished. Took 16.01 s
INFO:root:[LiveCCWorker] Cleared cached video readers after inference
INFO:root:[LiveCCWorker] Start LiveCC inference on: /home/miislab/livecc_gui/examples/evl/evl_fast.mp4
INFO:root:[LiveCCWorker] Cleared cached video readers
INFO:root:[LiveCCWorker] Cleared cached video readers on stop request
INFO:root:[LiveCCWorker] Stop requested, breaking inference loop
INFO:root:[LiveCCWorker] LiveCC inference finished. Took 15.90 s
INFO:root:[LiveCCWorker] Cleared cached video readers after inference
INFO:root:[LiveCCWorker] Start LiveCC inference on: /home/miislab/livecc_gui/examples/evl/evl_fast.mp4
INFO:root:[LiveCCWorker] Cleared cached video readers
INFO:root:[LiveCCWorker] Cleared cached video readers on stop request
INFO:root:[LiveCCWorker] Stop requested, breaking inference loop
INFO:root:[LiveCCWorker] LiveCC inference finished. Took 15.95 s
INFO:root:[LiveCCWorker] Cleared cached video readers after inference
INFO:root:[LiveCCWorker] Start LiveCC inference on: /home/miislab/livecc_gui/examples/evl/evl_fast.mp4
INFO:root:[LiveCCWorker] Cleared cached video readers
INFO:root:[LiveCCWorker] Cleared cached video readers on stop request
INFO:root:[LiveCCWorker] Stop requested, breaking inference loop
INFO:root:[LiveCCWorker] LiveCC inference finished. Took 16.09 s
INFO:root:[LiveCCWorker] Cleared cached video readers after inference
INFO:root:[LiveCCWorker] Start LiveCC inference on: /home/miislab/livecc_gui/examples/evl/evl_fast.mp4
INFO:root:[LiveCCWorker] Cleared cached video readers
INFO:root:[LiveCCWorker] Cleared cached video readers on stop request
INFO:root:[LiveCCWorker] Stop requested, breaking inference loop
INFO:root:[LiveCCWorker] LiveCC inference finished. Took 16.03 s
INFO:root:[LiveCCWorker] Cleared cached video readers after inference
INFO:root:[LiveCCWorker] Start LiveCC inference on: /home/miislab/livecc_gui/examples/evl/evl_fast.mp4
INFO:root:[LiveCCWorker] Cleared cached video readers
INFO:root:[LiveCCWorker] Cleared cached video readers on stop request
INFO:root:[LiveCCWorker] Stop requested, breaking inference loop
INFO:root:[LiveCCWorker] LiveCC inference finished. Took 15.96 s
INFO:root:[LiveCCWorker] Cleared cached video readers after inference
INFO:root:[LiveCCWorker] Start LiveCC inference on: /home/miislab/livecc_gui/examples/evl/evl_fast.mp4
INFO:root:[LiveCCWorker] Cleared cached video readers
INFO:root:[LiveCCWorker] Cleared cached video readers on stop request
INFO:root:[LiveCCWorker] Stop requested, breaking inference loop
INFO:root:[LiveCCWorker] LiveCC inference finished. Took 16.05 s
INFO:root:[LiveCCWorker] Cleared cached video readers after inference
INFO:root:[LiveCCWorker] Start LiveCC inference on: /home/miislab/livecc_gui/examples/evl/evl_fast.mp4
INFO:root:[LiveCCWorker] Cleared cached video readers
INFO:root:[LiveCCWorker] Cleared cached video readers on stop request
INFO:root:[LiveCCWorker] Stop requested, breaking inference loop
INFO:root:[LiveCCWorker] LiveCC inference finished. Took 12.14 s
INFO:root:[LiveCCWorker] Cleared cached video readers after inference
INFO:root:[LiveCCWorker] Start LiveCC inference on: /home/miislab/livecc_gui/examples/evl/evl_fast.mp4
INFO:root:[LiveCCWorker] Cleared cached video readers
INFO:root:[LiveCCWorker] Cleared cached video readers on stop request
INFO:root:[LiveCCWorker] Stop requested, breaking inference loop
INFO:root:[LiveCCWorker] LiveCC inference finished. Took 15.86 s
INFO:root:[LiveCCWorker] Cleared cached video readers after inference
INFO:root:[LiveCCWorker] Start LiveCC inference on: /home/miislab/livecc_gui/examples/evl/evl_fast.mp4
INFO:root:[LiveCCWorker] Cleared cached video readers
INFO:root:[LiveCCWorker] Cleared cached video readers on stop request
INFO:root:[LiveCCWorker] Stop requested, breaking inference loop
INFO:root:[LiveCCWorker] LiveCC inference finished. Took 15.90 s
INFO:root:[LiveCCWorker] Cleared cached video readers after inference
INFO:root:[LiveCCWorker] Start LiveCC inference on: /home/miislab/livecc_gui/examples/evl/evl_fast.mp4
INFO:root:[LiveCCWorker] Cleared cached video readers
INFO:root:[LiveCCWorker] Cleared cached video readers on stop request
INFO:root:[LiveCCWorker] Stop requested, breaking inference loop
INFO:root:[LiveCCWorker] LiveCC inference finished. Took 16.15 s
INFO:root:[LiveCCWorker] Cleared cached video readers after inference
INFO:root:[LiveCCWorker] Start LiveCC inference on: /home/miislab/livecc_gui/examples/evl/evl_fast.mp4
INFO:root:[LiveCCWorker] Cleared cached video readers
INFO:root:[LiveCCWorker] Cleared cached video readers on stop request
INFO:root:[LiveCCWorker] Stop requested, breaking inference loop
INFO:root:[LiveCCWorker] LiveCC inference finished. Took 15.99 s
INFO:root:[LiveCCWorker] Cleared cached video readers after inference
INFO:root:[LiveCCWorker] Start LiveCC inference on: /home/miislab/livecc_gui/examples/evl/evl_fast.mp4
INFO:root:[LiveCCWorker] Cleared cached video readers
INFO:root:[LiveCCWorker] Cleared cached video readers on stop request
INFO:root:[LiveCCWorker] Stop requested, breaking inference loop
INFO:root:[LiveCCWorker] LiveCC inference finished. Took 16.33 s
INFO:root:[LiveCCWorker] Cleared cached video readers after inference
INFO:root:[LiveCCWorker] Start LiveCC inference on: /home/miislab/livecc_gui/examples/evl/evl_fast.mp4
INFO:root:[LiveCCWorker] Cleared cached video readers
INFO:root:[LiveCCWorker] Cleared cached video readers on stop request
INFO:root:[LiveCCWorker] Stop requested, breaking inference loop
INFO:root:[LiveCCWorker] LiveCC inference finished. Took 16.39 s
INFO:root:[LiveCCWorker] Cleared cached video readers after inference
INFO:root:[LiveCCWorker] Start LiveCC inference on: /home/miislab/livecc_gui/examples/evl/evl_fast.mp4
INFO:root:[LiveCCWorker] Cleared cached video readers
INFO:root:[LiveCCWorker] Cleared cached video readers on stop request
INFO:root:[LiveCCWorker] Stop requested, breaking inference loop
INFO:root:[LiveCCWorker] LiveCC inference finished. Took 15.86 s
INFO:root:[LiveCCWorker] Cleared cached video readers after inference
INFO:root:[LiveCCWorker] Start LiveCC inference on: /home/miislab/livecc_gui/examples/evl/evl_fast.mp4
INFO:root:[LiveCCWorker] Cleared cached video readers
INFO:root:[LiveCCWorker] Cleared cached video readers on stop request
INFO:root:[LiveCCWorker] Stop requested, breaking inference loop
INFO:root:[LiveCCWorker] LiveCC inference finished. Took 16.19 s
INFO:root:[LiveCCWorker] Cleared cached video readers after inference
INFO:root:[LiveCCWorker] Start LiveCC inference on: /home/miislab/livecc_gui/examples/evl/evl_fast.mp4
INFO:root:[LiveCCWorker] Cleared cached video readers
INFO:root:[LiveCCWorker] Cleared cached video readers on stop request
INFO:root:[LiveCCWorker] Stop requested, breaking inference loop
INFO:root:[LiveCCWorker] LiveCC inference finished. Took 16.02 s
INFO:root:[LiveCCWorker] Cleared cached video readers after inference
INFO:root:[LiveCCWorker] Start LiveCC inference on: /home/miislab/livecc_gui/examples/evl/evl_fast.mp4
INFO:root:[LiveCCWorker] Cleared cached video readers
INFO:root:[LiveCCWorker] Cleared cached video readers on stop request
INFO:root:[LiveCCWorker] Stop requested, breaking inference loop
INFO:root:[LiveCCWorker] LiveCC inference finished. Took 16.15 s
INFO:root:[LiveCCWorker] Cleared cached video readers after inference
INFO:root:[LiveCCWorker] Start LiveCC inference on: /home/miislab/livecc_gui/examples/evl/evl_fast.mp4
INFO:root:[LiveCCWorker] Cleared cached video readers
INFO:root:[LiveCCWorker] Cleared cached video readers on stop request
INFO:root:[LiveCCWorker] Stop requested, breaking inference loop
INFO:root:[LiveCCWorker] LiveCC inference finished. Took 16.13 s
INFO:root:[LiveCCWorker] Cleared cached video readers after inference
INFO:root:[LiveCCWorker] Start LiveCC inference on: /home/miislab/livecc_gui/examples/evl/evl_fast.mp4
INFO:root:[LiveCCWorker] Cleared cached video readers
INFO:root:[LiveCCWorker] Cleared cached video readers on stop request
INFO:root:[LiveCCWorker] Stop requested, breaking inference loop
INFO:root:[LiveCCWorker] LiveCC inference finished. Took 15.77 s
INFO:root:[LiveCCWorker] Cleared cached video readers after inference
INFO:root:[LiveCCWorker] Start LiveCC inference on: /home/miislab/livecc_gui/examples/evl/evl_fast.mp4
INFO:root:[LiveCCWorker] Cleared cached video readers
INFO:root:[LiveCCWorker] Cleared cached video readers on stop request
INFO:root:[LiveCCWorker] Stop requested, breaking inference loop
INFO:root:[LiveCCWorker] LiveCC inference finished. Took 15.98 s
INFO:root:[LiveCCWorker] Cleared cached video readers after inference
INFO:root:[LiveCCWorker] Start LiveCC inference on: /home/miislab/livecc_gui/examples/evl/evl_fast.mp4
INFO:root:[LiveCCWorker] Cleared cached video readers
INFO:root:[LiveCCWorker] Cleared cached video readers on stop request
INFO:root:[LiveCCWorker] Stop requested, breaking inference loop
INFO:root:[LiveCCWorker] LiveCC inference finished. Took 16.36 s
INFO:root:[LiveCCWorker] Cleared cached video readers after inference
INFO:root:[LiveCCWorker] Start LiveCC inference on: /home/miislab/livecc_gui/examples/evl/evl_fast.mp4
INFO:root:[LiveCCWorker] Cleared cached video readers
INFO:root:[LiveCCWorker] Cleared cached video readers on stop request
INFO:root:[LiveCCWorker] Stop requested, breaking inference loop
INFO:root:[LiveCCWorker] LiveCC inference finished. Took 15.80 s
INFO:root:[LiveCCWorker] Cleared cached video readers after inference
INFO:root:[LiveCCWorker] Start LiveCC inference on: /home/miislab/livecc_gui/examples/evl/evl_fast.mp4
INFO:root:[LiveCCWorker] Cleared cached video readers
INFO:root:[LiveCCWorker] Cleared cached video readers on stop request
INFO:root:[LiveCCWorker] Stop requested, breaking inference loop
INFO:root:[LiveCCWorker] LiveCC inference finished. Took 16.23 s
INFO:root:[LiveCCWorker] Cleared cached video readers after inference
INFO:root:[LiveCCWorker] Start LiveCC inference on: /home/miislab/livecc_gui/examples/evl/evl_fast.mp4
INFO:root:[LiveCCWorker] Cleared cached video readers
INFO:root:[LiveCCWorker] Cleared cached video readers on stop request
INFO:root:[LiveCCWorker] Stop requested, breaking inference loop
INFO:root:[LiveCCWorker] LiveCC inference finished. Took 15.99 s
INFO:root:[LiveCCWorker] Cleared cached video readers after inference
INFO:root:[LiveCCWorker] Start LiveCC inference on: /home/miislab/livecc_gui/examples/evl/evl_fast.mp4
INFO:root:[LiveCCWorker] Cleared cached video readers
INFO:root:[LiveCCWorker] Cleared cached video readers on stop request
INFO:root:[LiveCCWorker] Stop requested, breaking inference loop
INFO:root:[LiveCCWorker] LiveCC inference finished. Took 16.00 s
INFO:root:[LiveCCWorker] Cleared cached video readers after inference
INFO:root:[LiveCCWorker] Start LiveCC inference on: /home/miislab/livecc_gui/examples/evl/evl_fast.mp4
INFO:root:[LiveCCWorker] Cleared cached video readers
INFO:root:[LiveCCWorker] Cleared cached video readers on stop request
INFO:root:[LiveCCWorker] Stop requested, breaking inference loop
INFO:root:[LiveCCWorker] LiveCC inference finished. Took 15.87 s
INFO:root:[LiveCCWorker] Cleared cached video readers after inference
INFO:root:[LiveCCWorker] Start LiveCC inference on: /home/miislab/livecc_gui/examples/evl/evl_fast.mp4
INFO:root:[LiveCCWorker] Cleared cached video readers
INFO:root:[LiveCCWorker] Cleared cached video readers on stop request
INFO:root:[LiveCCWorker] Stop requested, breaking inference loop
INFO:root:[LiveCCWorker] LiveCC inference finished. Took 16.27 s
INFO:root:[LiveCCWorker] Cleared cached video readers after inference
INFO:root:[LiveCCWorker] Start LiveCC inference on: /home/miislab/livecc_gui/examples/evl/evl_fast.mp4
INFO:root:[LiveCCWorker] Cleared cached video readers
INFO:root:[LiveCCWorker] Cleared cached video readers on stop request
INFO:root:[LiveCCWorker] Stop requested, breaking inference loop
INFO:root:[LiveCCWorker] LiveCC inference finished. Took 16.01 s
INFO:root:[LiveCCWorker] Cleared cached video readers after inference
INFO:root:[LiveCCWorker] Start LiveCC inference on: /home/miislab/livecc_gui/examples/evl/evl_fast.mp4
INFO:root:[LiveCCWorker] Cleared cached video readers
INFO:root:[LiveCCWorker] Cleared cached video readers on stop request
INFO:root:[LiveCCWorker] Stop requested, breaking inference loop
INFO:root:[LiveCCWorker] LiveCC inference finished. Took 2.49 s
INFO:root:[LiveCCWorker] Cleared cached video readers after inference
INFO:root:[LiveCCWorker] Cleared cached video readers on stop request
INFO:root:[LiveCCWorker] Start LiveCC inference on: /home/miislab/livecc_gui/examples/evl/evl_fast.mp4
INFO:root:[LiveCCWorker] Cleared cached video readers
INFO:root:[LiveCCWorker] Video ended
INFO:root:[LiveCCWorker] LiveCC inference finished. Took 16.28 s
INFO:root:[LiveCCWorker] Cleared cached video readers on stop request
INFO:root:[LiveCCWorker] Cleared cached video readers after inference
INFO:root:[LiveCCWorker] Start LiveCC inference on: /home/miislab/livecc_gui/examples/evl/evl_fast.mp4
INFO:root:[LiveCCWorker] Cleared cached video readers
ERROR:root:[LiveCCWorker] Error during inference
Traceback (most recent call last):
  File "/home/miislab/livecc_gui/src/miis_broadcast/workers/livecc.py", line 88, in runInference
    for (start_t, stop_t), response, state in self.livecc.live_cc(query, state):
  File "/home/miislab/livecc_gui/src/miis_broadcast/core/models/livecc_transformers.py", line 402, in live_cc
    state["last_video_pts_index"] = clip_idxs[-1]
IndexError: list index out of range
INFO:root:[LiveCCWorker] Cleared cached video readers on stop request
INFO:root:[LiveCCWorker] Cleared cached video readers after inference
INFO:root:[LiveCCWorker] Start LiveCC inference on: /home/miislab/livecc_gui/examples/evl/evl_fast.mp4
INFO:root:[LiveCCWorker] Cleared cached video readers
ERROR:root:[LiveCCWorker] Error during inference
Traceback (most recent call last):
  File "/home/miislab/livecc_gui/src/miis_broadcast/workers/livecc.py", line 88, in runInference
    for (start_t, stop_t), response, state in self.livecc.live_cc(query, state):
  File "/home/miislab/livecc_gui/src/miis_broadcast/core/models/livecc_transformers.py", line 402, in live_cc
    state["last_video_pts_index"] = clip_idxs[-1]
IndexError: list index out of range
INFO:root:[LiveCCWorker] Cleared cached video readers after inference
INFO:root:[LiveCCWorker] Start LiveCC inference on: /home/miislab/livecc_gui/examples/evl/evl_fast.mp4
INFO:root:[LiveCCWorker] Cleared cached video readers
INFO:root:[LiveCCWorker] Cleared cached video readers on stop request
INFO:root:[LiveCCWorker] Start LiveCC inference on: /home/miislab/livecc_gui/examples/evl/evl_fast.mp4
INFO:root:[LiveCCWorker] Cleared cached video readers
INFO:root:[LiveCCWorker] Cleared cached video readers on stop request
INFO:root:[LiveCCWorker] Stop requested, breaking inference loop
INFO:root:[LiveCCWorker] LiveCC inference finished. Took 16.17 s
INFO:root:[LiveCCWorker] Cleared cached video readers after inference
INFO:root:[LiveCCWorker] Start LiveCC inference on: /home/miislab/livecc_gui/examples/evl/evl_fast.mp4
INFO:root:[LiveCCWorker] Cleared cached video readers
INFO:root:[LiveCCWorker] Cleared cached video readers on stop request
INFO:root:[LiveCCWorker] Stop requested, breaking inference loop
INFO:root:[LiveCCWorker] LiveCC inference finished. Took 16.02 s
INFO:root:[LiveCCWorker] Cleared cached video readers after inference
INFO:root:[LiveCCWorker] Start LiveCC inference on: /home/miislab/livecc_gui/examples/evl/evl_fast.mp4
INFO:root:[LiveCCWorker] Cleared cached video readers
INFO:root:[LiveCCWorker] Cleared cached video readers on stop request
INFO:root:[LiveCCWorker] Stop requested, breaking inference loop
INFO:root:[LiveCCWorker] LiveCC inference finished. Took 15.78 s
INFO:root:[LiveCCWorker] Cleared cached video readers after inference
INFO:root:[LiveCCWorker] Start LiveCC inference on: /home/miislab/livecc_gui/examples/evl/evl_fast.mp4
INFO:root:[LiveCCWorker] Cleared cached video readers
INFO:root:[LiveCCWorker] Cleared cached video readers on stop request
INFO:root:[LiveCCWorker] Stop requested, breaking inference loop
INFO:root:[LiveCCWorker] LiveCC inference finished. Took 16.67 s
INFO:root:[LiveCCWorker] Cleared cached video readers after inference
INFO:root:[LiveCCWorker] Start LiveCC inference on: /home/miislab/livecc_gui/examples/evl/evl_fast.mp4
INFO:root:[LiveCCWorker] Cleared cached video readers
INFO:root:[LiveCCWorker] Cleared cached video readers on stop request
INFO:root:[LiveCCWorker] Stop requested, breaking inference loop
INFO:root:[LiveCCWorker] LiveCC inference finished. Took 16.07 s
INFO:root:[LiveCCWorker] Cleared cached video readers after inference
INFO:root:[LiveCCWorker] Start LiveCC inference on: /home/miislab/livecc_gui/examples/basketball_1080p_02.mp4
INFO:root:[LiveCCWorker] Cleared cached video readers
INFO:root:[LiveCCWorker] Cleared cached video readers on stop request
INFO:root:[LiveCCWorker] Stop requested, breaking inference loop
INFO:root:[LiveCCWorker] LiveCC inference finished. Took 39.06 s
INFO:root:[LiveCCWorker] Cleared cached video readers after inference
INFO:root:[LiveCCWorker] Start LiveCC inference on: /home/miislab/livecc_gui/examples/wheelchair_long.mp4
INFO:root:[LiveCCWorker] Cleared cached video readers
INFO:root:[LiveCCWorker] Cleared cached video readers on stop request
INFO:root:[LiveCCWorker] Stop requested, breaking inference loop
INFO:root:[LiveCCWorker] LiveCC inference finished. Took 42.84 s
INFO:root:[LiveCCWorker] Cleared cached video readers after inference
INFO:root:[LiveCCWorker] Start LiveCC inference on: /home/miislab/livecc_gui/examples/wheelchair_long.mp4
INFO:root:[LiveCCWorker] Cleared cached video readers
INFO:root:[LiveCCWorker] Cleared cached video readers on stop request
INFO:root:[LiveCCWorker] Stop requested, breaking inference loop
INFO:root:[LiveCCWorker] LiveCC inference finished. Took 11.91 s
INFO:root:[LiveCCWorker] Cleared cached video readers after inference
INFO:root:[LiveCCWorker] Start LiveCC inference on: /home/miislab/livecc_gui/examples/basketball_1080p_02.mp4
INFO:root:[LiveCCWorker] Cleared cached video readers
INFO:root:[LiveCCWorker] Cleared cached video readers on stop request
INFO:root:[LiveCCWorker] Stop requested, breaking inference loop
INFO:root:[LiveCCWorker] LiveCC inference finished. Took 15.80 s
INFO:root:[LiveCCWorker] Cleared cached video readers after inference
INFO:root:[LiveCCWorker] Start LiveCC inference on: /home/miislab/livecc_gui/examples/basketball_1080p_02.mp4
INFO:root:[LiveCCWorker] Cleared cached video readers
INFO:root:[LiveCCWorker] Cleared cached video readers on stop request
INFO:root:[LiveCCWorker] Stop requested, breaking inference loop
INFO:root:[LiveCCWorker] LiveCC inference finished. Took 58.78 s
INFO:root:[LiveCCWorker] Cleared cached video readers after inference
INFO:root:[LiveCCWorker] Start LiveCC inference on: /home/miislab/livecc_gui/examples/boat.mp4
INFO:root:[LiveCCWorker] Cleared cached video readers
INFO:root:[LiveCCWorker] Cleared cached video readers on stop request
INFO:root:[LiveCCWorker] Stop requested, breaking inference loop
INFO:root:[LiveCCWorker] LiveCC inference finished. Took 12.67 s
INFO:root:[LiveCCWorker] Cleared cached video readers after inference
INFO:root:[LiveCCWorker] Start LiveCC inference on: /home/miislab/livecc_gui/examples/boat.mp4
INFO:root:[LiveCCWorker] Cleared cached video readers
INFO:root:[LiveCCWorker] Cleared cached video readers on stop request
INFO:root:[LiveCCWorker] Stop requested, breaking inference loop
INFO:root:[LiveCCWorker] LiveCC inference finished. Took 9.69 s
INFO:root:[LiveCCWorker] Cleared cached video readers after inference
INFO:root:[LiveCCWorker] Start LiveCC inference on: /home/miislab/livecc_gui/examples/boat.mp4
INFO:root:[LiveCCWorker] Cleared cached video readers
INFO:root:[LiveCCWorker] Cleared cached video readers on stop request
INFO:root:[LiveCCWorker] Stop requested, breaking inference loop
INFO:root:[LiveCCWorker] LiveCC inference finished. Took 10.42 s
INFO:root:[LiveCCWorker] Cleared cached video readers after inference
INFO:root:[LiveCCWorker] Start LiveCC inference on: /home/miislab/livecc_gui/examples/boat.mp4
INFO:root:[LiveCCWorker] Cleared cached video readers
INFO:root:[LiveCCWorker] Cleared cached video readers on stop request
INFO:root:[LiveCCWorker] Stop requested, breaking inference loop
INFO:root:[LiveCCWorker] LiveCC inference finished. Took 11.93 s
INFO:root:[LiveCCWorker] Cleared cached video readers after inference
INFO:root:[LiveCCWorker] Start LiveCC inference on: /home/miislab/livecc_gui/examples/boat.mp4
INFO:root:[LiveCCWorker] Cleared cached video readers
INFO:root:[LiveCCWorker] Cleared cached video readers on stop request
INFO:root:[LiveCCWorker] Stop requested, breaking inference loop
INFO:root:[LiveCCWorker] LiveCC inference finished. Took 9.77 s
INFO:root:[LiveCCWorker] Cleared cached video readers after inference
INFO:root:[LiveCCWorker] Start LiveCC inference on: /home/miislab/livecc_gui/examples/boat.mp4
INFO:root:[LiveCCWorker] Cleared cached video readers
INFO:root:[LiveCCWorker] Cleared cached video readers on stop request
INFO:root:[LiveCCWorker] Stop requested, breaking inference loop
INFO:root:[LiveCCWorker] LiveCC inference finished. Took 10.48 s
INFO:root:[LiveCCWorker] Cleared cached video readers after inference
INFO:root:[LiveCCWorker] Start LiveCC inference on: /home/miislab/livecc_gui/examples/boat.mp4
INFO:root:[LiveCCWorker] Cleared cached video readers
INFO:root:[LiveCCWorker] Cleared cached video readers on stop request
INFO:root:[LiveCCWorker] Stop requested, breaking inference loop
INFO:root:[LiveCCWorker] LiveCC inference finished. Took 8.35 s
INFO:root:[LiveCCWorker] Cleared cached video readers after inference
INFO:root:[LiveCCWorker] Start LiveCC inference on: /home/miislab/livecc_gui/examples/boat.mp4
INFO:root:[LiveCCWorker] Cleared cached video readers
INFO:root:[LiveCCWorker] Cleared cached video readers on stop request
INFO:root:[LiveCCWorker] Stop requested, breaking inference loop
INFO:root:[LiveCCWorker] LiveCC inference finished. Took 16.36 s
INFO:root:[LiveCCWorker] Cleared cached video readers after inference
INFO:root:[LiveCCWorker] Start LiveCC inference on: /home/miislab/livecc_gui/examples/boat.mp4
INFO:root:[LiveCCWorker] Cleared cached video readers
INFO:root:[LiveCCWorker] Cleared cached video readers on stop request
INFO:root:[LiveCCWorker] Stop requested, breaking inference loop
INFO:root:[LiveCCWorker] LiveCC inference finished. Took 15.80 s
INFO:root:[LiveCCWorker] Cleared cached video readers after inference
INFO:root:[LiveCCWorker] Start LiveCC inference on: /home/miislab/livecc_gui/examples/boat.mp4
INFO:root:[LiveCCWorker] Cleared cached video readers
INFO:root:[LiveCCWorker] Cleared cached video readers on stop request
INFO:root:[LiveCCWorker] Stop requested, breaking inference loop
INFO:root:[LiveCCWorker] LiveCC inference finished. Took 44.15 s
INFO:root:[LiveCCWorker] Cleared cached video readers after inference
INFO:root:[LiveCCWorker] Start LiveCC inference on: /home/miislab/livecc_gui/examples/boat.mp4
INFO:root:[LiveCCWorker] Cleared cached video readers
INFO:root:[LiveCCWorker] Cleared cached video readers on stop request
INFO:root:[LiveCCWorker] Stop requested, breaking inference loop
INFO:root:[LiveCCWorker] LiveCC inference finished. Took 22.85 s
INFO:root:[LiveCCWorker] Cleared cached video readers after inference
INFO:root:[LiveCCWorker] Start LiveCC inference on: /home/miislab/livecc_gui/examples/wheelchair_long.mp4
INFO:root:[LiveCCWorker] Cleared cached video readers
INFO:root:[LiveCCWorker] Cleared cached video readers on stop request
INFO:root:[LiveCCWorker] Stop requested, breaking inference loop
INFO:root:[LiveCCWorker] LiveCC inference finished. Took 10.24 s
INFO:root:[LiveCCWorker] Cleared cached video readers after inference
INFO:root:[LiveCCWorker] Start LiveCC inference on: /home/miislab/livecc_gui/examples/wheelchair_long.mp4
INFO:root:[LiveCCWorker] Cleared cached video readers
INFO:root:[LiveCCWorker] Video ended
INFO:root:[LiveCCWorker] LiveCC inference finished. Took 41.93 s
INFO:root:[LiveCCWorker] Cleared cached video readers on stop request
INFO:root:[LiveCCWorker] Cleared cached video readers after inference
INFO:root:[LiveCCWorker] Start LiveCC inference on: /home/miislab/livecc_gui/examples/wheelchair_long.mp4
INFO:root:[LiveCCWorker] Cleared cached video readers
INFO:root:[LiveCCWorker] Cleared cached video readers on stop request
INFO:root:[LiveCCWorker] Stop requested, breaking inference loop
INFO:root:[LiveCCWorker] LiveCC inference finished. Took 8.03 s
INFO:root:[LiveCCWorker] Cleared cached video readers after inference
INFO:root:[LiveCCWorker] Start LiveCC inference on: /home/miislab/livecc_gui/examples/wheelchair_long.mp4
INFO:root:[LiveCCWorker] Cleared cached video readers
INFO:root:[LiveCCWorker] Cleared cached video readers on stop request
INFO:root:[LiveCCWorker] Stop requested, breaking inference loop
INFO:root:[LiveCCWorker] LiveCC inference finished. Took 10.04 s
INFO:root:[LiveCCWorker] Cleared cached video readers after inference
INFO:root:[LiveCCWorker] Start LiveCC inference on: /home/miislab/livecc_gui/examples/wheelchair_long.mp4
INFO:root:[LiveCCWorker] Cleared cached video readers
INFO:root:[LiveCCWorker] Cleared cached video readers on stop request
INFO:root:[LiveCCWorker] Stop requested, breaking inference loop
INFO:root:[LiveCCWorker] LiveCC inference finished. Took 23.17 s
INFO:root:[LiveCCWorker] Cleared cached video readers after inference
INFO:root:[LiveCCWorker] Start LiveCC inference on: /home/miislab/livecc_gui/examples/wheelchair_long.mp4
INFO:root:[LiveCCWorker] Cleared cached video readers
INFO:root:[LiveCCWorker] Cleared cached video readers on stop request
INFO:root:[LiveCCWorker] Stop requested, breaking inference loop
INFO:root:[LiveCCWorker] LiveCC inference finished. Took 16.38 s
INFO:root:[LiveCCWorker] Cleared cached video readers after inference
INFO:root:[LiveCCWorker] Start LiveCC inference on: /home/miislab/livecc_gui/examples/wheelchair_long.mp4
INFO:root:[LiveCCWorker] Cleared cached video readers
INFO:root:[LiveCCWorker] Cleared cached video readers on stop request
INFO:root:[LiveCCWorker] Stop requested, breaking inference loop
INFO:root:[LiveCCWorker] LiveCC inference finished. Took 11.30 s
INFO:root:[LiveCCWorker] Cleared cached video readers after inference
INFO:root:[LiveCCWorker] Start LiveCC inference on: /home/miislab/livecc_gui/examples/wheelchair_long.mp4
INFO:root:[LiveCCWorker] Cleared cached video readers
INFO:root:[LiveCCWorker] Cleared cached video readers on stop request
INFO:root:[LiveCCWorker] Stop requested, breaking inference loop
INFO:root:[LiveCCWorker] LiveCC inference finished. Took 8.44 s
INFO:root:[LiveCCWorker] Cleared cached video readers after inference
INFO:root:[LiveCCWorker] Start LiveCC inference on: /home/miislab/livecc_gui/examples/wheelchair_long.mp4
INFO:root:[LiveCCWorker] Cleared cached video readers
INFO:root:[LiveCCWorker] Cleared cached video readers on stop request
INFO:root:[LiveCCWorker] Stop requested, breaking inference loop
INFO:root:[LiveCCWorker] LiveCC inference finished. Took 14.92 s
INFO:root:[LiveCCWorker] Cleared cached video readers after inference
INFO:root:[LiveCCWorker] Start LiveCC inference on: /home/miislab/livecc_gui/examples/boat.mp4
INFO:root:[LiveCCWorker] Cleared cached video readers
INFO:root:[LiveCCWorker] Cleared cached video readers on stop request
INFO:root:[LiveCCWorker] Stop requested, breaking inference loop
INFO:root:[LiveCCWorker] LiveCC inference finished. Took 13.37 s
INFO:root:[LiveCCWorker] Cleared cached video readers after inference
INFO:root:[LiveCCWorker] Start LiveCC inference on: /home/miislab/livecc_gui/examples/boat.mp4
INFO:root:[LiveCCWorker] Cleared cached video readers
INFO:root:[LiveCCWorker] Cleared cached video readers on stop request
INFO:root:[LiveCCWorker] Stop requested, breaking inference loop
INFO:root:[LiveCCWorker] LiveCC inference finished. Took 25.34 s
INFO:root:[LiveCCWorker] Cleared cached video readers after inference
INFO:root:[LiveCCCameraWorker] Start camera inference loop
INFO:root:[LiveCCCameraWorker] Memory Reset (Count=5)
INFO:root:[LiveCCWorker] Cleared cached video readers on stop request
INFO:root:[LiveCCCameraWorker] Camera inference loop finished
INFO:root:[LiveCCCameraWorker] Start camera inference loop
INFO:root:[LiveCCCameraWorker] Memory Reset (Count=5)
INFO:root:[LiveCCCameraWorker] Memory Reset (Count=10)
INFO:root:[LiveCCCameraWorker] Memory Reset (Count=15)
INFO:root:[LiveCCCameraWorker] Memory Reset (Count=20)
INFO:root:[LiveCCWorker] Cleared cached video readers on stop request
INFO:root:[LiveCCCameraWorker] Camera inference loop finished
INFO:root:[LiveCCCameraWorker] Start camera inference loop
INFO:root:[LiveCCCameraWorker] Memory Reset (Count=5)
INFO:root:[LiveCCWorker] Cleared cached video readers on stop request
INFO:root:[LiveCCCameraWorker] Camera inference loop finished
INFO:root:[LiveCCCameraWorker] Start camera inference loop
INFO:root:[LiveCCCameraWorker] Memory Reset (Count=5)
INFO:root:[LiveCCCameraWorker] Memory Reset (Count=10)
INFO:root:[LiveCCCameraWorker] Memory Reset (Count=15)
INFO:root:[LiveCCWorker] Cleared cached video readers on stop request
INFO:root:[LiveCCCameraWorker] Camera inference loop finished
INFO:root:[LiveCCCameraWorker] Start camera inference loop
INFO:root:[LiveCCCameraWorker] Memory Reset (Count=5)
INFO:root:[LiveCCCameraWorker] Memory Reset (Count=10)
INFO:root:[LiveCCCameraWorker] Memory Reset (Count=15)
INFO:root:[LiveCCCameraWorker] Memory Reset (Count=20)
INFO:root:[LiveCCCameraWorker] Memory Reset (Count=25)
INFO:root:[LiveCCWorker] Cleared cached video readers on stop request
INFO:root:[LiveCCCameraWorker] Camera inference loop finished
INFO:root:[LiveCCCameraWorker] Start camera inference loop
INFO:root:[LiveCCCameraWorker] Memory Reset (Count=5)
INFO:root:[LiveCCCameraWorker] Memory Reset (Count=10)
INFO:root:[LiveCCCameraWorker] Memory Reset (Count=15)
INFO:root:[LiveCCWorker] Cleared cached video readers on stop request
INFO:root:[LiveCCCameraWorker] Camera inference loop finished
INFO:root:[LiveCCCameraWorker] Start camera inference loop
INFO:root:[LiveCCCameraWorker] Memory Reset (Count=5)
INFO:root:[LiveCCCameraWorker] Memory Reset (Count=10)
INFO:root:[LiveCCCameraWorker] Memory Reset (Count=15)
INFO:root:[LiveCCWorker] Cleared cached video readers on stop request
INFO:root:[LiveCCCameraWorker] Camera inference loop finished
INFO:root:[LiveCCCameraWorker] Start camera inference loop
INFO:root:[LiveCCCameraWorker] Memory Reset (Count=5)
INFO:root:[LiveCCCameraWorker] Memory Reset (Count=10)
INFO:root:[LiveCCWorker] Cleared cached video readers on stop request
INFO:root:[LiveCCCameraWorker] Camera inference loop finished
INFO:root:[LiveCCCameraWorker] Start camera inference loop
INFO:root:[LiveCCWorker] Cleared cached video readers on stop request
INFO:root:[LiveCCCameraWorker] Camera inference loop finished
INFO:root:[LiveCCCameraWorker] Start camera inference loop
INFO:root:[LiveCCCameraWorker] Memory Reset (Count=5)
INFO:root:[LiveCCCameraWorker] Memory Reset (Count=10)
INFO:root:[LiveCCWorker] Cleared cached video readers on stop request
INFO:root:[LiveCCCameraWorker] Camera inference loop finished
INFO:root:[LiveCCCameraWorker] Start camera inference loop
INFO:root:[LiveCCCameraWorker] Memory Reset (Count=5)
INFO:root:[LiveCCCameraWorker] Memory Reset (Count=10)
INFO:root:[LiveCCWorker] Cleared cached video readers on stop request
INFO:root:[LiveCCCameraWorker] Camera inference loop finished
INFO:root:[LiveCCCameraWorker] Start camera inference loop
INFO:root:[LiveCCCameraWorker] Memory Reset (Count=5)
INFO:root:[LiveCCCameraWorker] Memory Reset (Count=10)
INFO:root:[LiveCCCameraWorker] Memory Reset (Count=15)
INFO:root:[LiveCCCameraWorker] Memory Reset (Count=20)
INFO:root:[LiveCCWorker] Cleared cached video readers on stop request
INFO:root:[LiveCCCameraWorker] Camera inference loop finished
INFO:root:[LiveCCCameraWorker] Start camera inference loop
INFO:root:[LiveCCCameraWorker] Memory Reset (Count=5)
INFO:root:[LiveCCWorker] Cleared cached video readers on stop request
INFO:root:[LiveCCCameraWorker] Camera inference loop finished
INFO:root:[LiveCCCameraWorker] Start camera inference loop
INFO:root:[LiveCCCameraWorker] Memory Reset (Count=5)
INFO:root:[LiveCCCameraWorker] Memory Reset (Count=10)
INFO:root:[LiveCCCameraWorker] Memory Reset (Count=15)
INFO:root:[LiveCCWorker] Cleared cached video readers on stop request
INFO:root:[LiveCCCameraWorker] Camera inference loop finished
INFO:root:[LiveCCCameraWorker] Start camera inference loop
INFO:root:[LiveCCWorker] Cleared cached video readers on stop request
INFO:root:[LiveCCCameraWorker] Camera inference loop finished
INFO:root:[LiveCCCameraWorker] Start camera inference loop
INFO:root:[LiveCCCameraWorker] Memory Reset (Count=5)
INFO:root:[LiveCCCameraWorker] Memory Reset (Count=10)
INFO:root:[LiveCCCameraWorker] Memory Reset (Count=15)
INFO:root:[LiveCCWorker] Cleared cached video readers on stop request
INFO:root:[LiveCCCameraWorker] Camera inference loop finished
INFO:root:[LiveCCCameraWorker] Start camera inference loop
INFO:root:[LiveCCCameraWorker] Memory Reset (Count=5)
INFO:root:[LiveCCCameraWorker] Memory Reset (Count=10)
INFO:root:[LiveCCCameraWorker] Memory Reset (Count=15)
INFO:root:[LiveCCCameraWorker] Memory Reset (Count=20)
INFO:root:[LiveCCWorker] Cleared cached video readers on stop request
INFO:root:[LiveCCCameraWorker] Camera inference loop finished
INFO:root:[LiveCCCameraWorker] Start camera inference loop
INFO:root:[LiveCCCameraWorker] Memory Reset (Count=5)
INFO:root:[LiveCCCameraWorker] Memory Reset (Count=10)
INFO:root:[LiveCCWorker] Cleared cached video readers on stop request
INFO:root:[LiveCCCameraWorker] Camera inference loop finished
INFO:root:[LiveCCCameraWorker] Start camera inference loop
INFO:root:[LiveCCCameraWorker] Memory Reset (Count=5)
INFO:root:[LiveCCWorker] Cleared cached video readers on stop request
INFO:root:[LiveCCCameraWorker] Camera inference loop finished
INFO:root:[LiveCCCameraWorker] Start camera inference loop
INFO:root:[LiveCCWorker] Cleared cached video readers on stop request
INFO:root:[LiveCCCameraWorker] Camera inference loop finished
INFO:root:[LiveCCCameraWorker] Start camera inference loop
INFO:root:[LiveCCCameraWorker] Memory Reset (Count=5)
INFO:root:[LiveCCCameraWorker] Memory Reset (Count=10)
INFO:root:[LiveCCCameraWorker] Memory Reset (Count=15)
INFO:root:[LiveCCWorker] Cleared cached video readers on stop request
INFO:root:[LiveCCCameraWorker] Camera inference loop finished
INFO:root:[LiveCCCameraWorker] Start camera inference loop
INFO:root:[LiveCCCameraWorker] Memory Reset (Count=5)
INFO:root:[LiveCCCameraWorker] Memory Reset (Count=10)
INFO:root:[LiveCCCameraWorker] Memory Reset (Count=15)
INFO:root:[LiveCCCameraWorker] Memory Reset (Count=20)
INFO:root:[LiveCCWorker] Cleared cached video readers on stop request
INFO:root:[LiveCCCameraWorker] Camera inference loop finished
INFO:root:[LiveCCCameraWorker] Start camera inference loop
INFO:root:[LiveCCCameraWorker] Memory Reset (Count=5)
INFO:root:[LiveCCCameraWorker] Memory Reset (Count=10)
INFO:root:[LiveCCWorker] Cleared cached video readers on stop request
INFO:root:[LiveCCCameraWorker] Camera inference loop finished
INFO:root:[LiveCCCameraWorker] Start camera inference loop
INFO:root:[LiveCCCameraWorker] Memory Reset (Count=5)
INFO:root:[LiveCCCameraWorker] Memory Reset (Count=10)
INFO:root:[LiveCCCameraWorker] Memory Reset (Count=15)
INFO:root:[LiveCCWorker] Cleared cached video readers on stop request
INFO:root:[LiveCCCameraWorker] Camera inference loop finished
INFO:root:[LiveCCWorker] Start LiveCC inference on: /home/miislab/livecc_gui/examples/20260120.mp4
INFO:root:[LiveCCWorker] Cleared cached video readers
INFO:root:[LiveCCWorker] Cleared cached video readers on stop request
INFO:root:[LiveCCWorker] Stop requested, breaking inference loop
INFO:root:[LiveCCWorker] LiveCC inference finished. Took 42.37 s
INFO:root:[LiveCCWorker] Cleared cached video readers after inference
INFO:root:[LiveCCWorker] Start LiveCC inference on: /home/miislab/livecc_gui/examples/wheelchair_short.mp4
INFO:root:[LiveCCWorker] Cleared cached video readers
INFO:root:[LiveCCWorker] Cleared cached video readers on stop request
INFO:root:[LiveCCWorker] Stop requested, breaking inference loop
INFO:root:[LiveCCWorker] LiveCC inference finished. Took 12.28 s
INFO:root:[LiveCCWorker] Cleared cached video readers after inference
INFO:root:[LiveCCWorker] Start LiveCC inference on: /home/miislab/livecc_gui/examples/wheelchair_short.mp4
INFO:root:[LiveCCWorker] Cleared cached video readers
INFO:root:[LiveCCWorker] Cleared cached video readers on stop request
INFO:root:[LiveCCWorker] Stop requested, breaking inference loop
INFO:root:[LiveCCWorker] LiveCC inference finished. Took 10.24 s
INFO:root:[LiveCCWorker] Cleared cached video readers after inference
INFO:root:[LiveCCWorker] Start LiveCC inference on: /home/miislab/livecc_gui/examples/wheelchair_short.mp4
INFO:root:[LiveCCWorker] Cleared cached video readers
INFO:root:[LiveCCWorker] Cleared cached video readers on stop request
INFO:root:[LiveCCWorker] Stop requested, breaking inference loop
INFO:root:[LiveCCWorker] LiveCC inference finished. Took 22.80 s
INFO:root:[LiveCCWorker] Cleared cached video readers after inference
INFO:root:[LiveCCWorker] Start LiveCC inference on: /home/miislab/livecc_gui/examples/wheelchair_short.mp4
INFO:root:[LiveCCWorker] Cleared cached video readers
INFO:root:[LiveCCWorker] Stop requested, breaking inference loop
INFO:root:[LiveCCWorker] Cleared cached video readers on stop request
INFO:root:[LiveCCWorker] LiveCC inference finished. Took 22.78 s
INFO:root:[LiveCCWorker] Cleared cached video readers after inference
INFO:root:[LiveCCWorker] Start LiveCC inference on: /home/miislab/livecc_gui/examples/wheelchair_short.mp4
INFO:root:[LiveCCWorker] Cleared cached video readers
INFO:root:[LiveCCWorker] Cleared cached video readers on stop request
INFO:root:[LiveCCWorker] Stop requested, breaking inference loop
INFO:root:[LiveCCWorker] LiveCC inference finished. Took 22.81 s
INFO:root:[LiveCCWorker] Cleared cached video readers after inference
INFO:root:[LiveCCWorker] Start LiveCC inference on: /home/miislab/livecc_gui/examples/wheelchair_short.mp4
INFO:root:[LiveCCWorker] Cleared cached video readers
INFO:root:[LiveCCWorker] Cleared cached video readers on stop request
INFO:root:[LiveCCWorker] Stop requested, breaking inference loop
INFO:root:[LiveCCWorker] LiveCC inference finished. Took 12.68 s
INFO:root:[LiveCCWorker] Cleared cached video readers after inference
INFO:root:[LiveCCWorker] Start LiveCC inference on: /home/miislab/livecc_gui/examples/wheelchair_short.mp4
INFO:root:[LiveCCWorker] Cleared cached video readers
INFO:root:[LiveCCWorker] Cleared cached video readers on stop request
INFO:root:[LiveCCWorker] Stop requested, breaking inference loop
INFO:root:[LiveCCWorker] LiveCC inference finished. Took 22.68 s
INFO:root:[LiveCCWorker] Cleared cached video readers after inference
INFO:root:[LiveCCWorker] Start LiveCC inference on: /home/miislab/livecc_gui/examples/wheelchair_short.mp4
INFO:root:[LiveCCWorker] Cleared cached video readers
INFO:root:[LiveCCWorker] Cleared cached video readers on stop request
INFO:root:[LiveCCWorker] Stop requested, breaking inference loop
INFO:root:[LiveCCWorker] LiveCC inference finished. Took 22.48 s
INFO:root:[LiveCCWorker] Cleared cached video readers after inference
INFO:root:[LiveCCWorker] Start LiveCC inference on: /home/miislab/livecc_gui/examples/wheelchair_short.mp4
INFO:root:[LiveCCWorker] Cleared cached video readers
INFO:root:[LiveCCWorker] Cleared cached video readers on stop request
INFO:root:[LiveCCWorker] Stop requested, breaking inference loop
INFO:root:[LiveCCWorker] LiveCC inference finished. Took 22.73 s
INFO:root:[LiveCCWorker] Cleared cached video readers after inference
INFO:root:[LiveCCWorker] Start LiveCC inference on: /home/miislab/livecc_gui/examples/wheelchair_short.mp4
INFO:root:[LiveCCWorker] Cleared cached video readers
INFO:root:[LiveCCWorker] Cleared cached video readers on stop request
INFO:root:[LiveCCWorker] Stop requested, breaking inference loop
INFO:root:[LiveCCWorker] LiveCC inference finished. Took 14.96 s
INFO:root:[LiveCCWorker] Cleared cached video readers after inference
INFO:root:[LiveCCWorker] Start LiveCC inference on: /home/miislab/livecc_gui/examples/wheelchair_short.mp4
INFO:root:[LiveCCWorker] Cleared cached video readers
INFO:root:[LiveCCWorker] Cleared cached video readers on stop request
INFO:root:[LiveCCWorker] Stop requested, breaking inference loop
INFO:root:[LiveCCWorker] LiveCC inference finished. Took 8.34 s
INFO:root:[LiveCCWorker] Cleared cached video readers after inference
INFO:root:[LiveCCWorker] Start LiveCC inference on: /home/miislab/livecc_gui/examples/wheelchair_short.mp4
INFO:root:[LiveCCWorker] Cleared cached video readers
INFO:root:[LiveCCWorker] Cleared cached video readers on stop request
INFO:root:[LiveCCWorker] Stop requested, breaking inference loop
INFO:root:[LiveCCWorker] LiveCC inference finished. Took 23.41 s
INFO:root:[LiveCCWorker] Cleared cached video readers after inference
INFO:root:[LiveCCWorker] Start LiveCC inference on: /home/miislab/livecc_gui/examples/wheelchair_short.mp4
INFO:root:[LiveCCWorker] Cleared cached video readers
INFO:root:[LiveCCWorker] Cleared cached video readers on stop request
INFO:root:[LiveCCWorker] Stop requested, breaking inference loop
INFO:root:[LiveCCWorker] LiveCC inference finished. Took 24.27 s
INFO:root:[LiveCCWorker] Cleared cached video readers after inference
INFO:root:[LiveCCWorker] Start LiveCC inference on: /home/miislab/livecc_gui/examples/wheelchair_short.mp4
INFO:root:[LiveCCWorker] Cleared cached video readers
INFO:root:[LiveCCWorker] Stop requested, breaking inference loop
INFO:root:[LiveCCWorker] LiveCC inference finished. Took 10.66 s
INFO:root:[LiveCCWorker] Cleared cached video readers on stop request
INFO:root:[LiveCCWorker] Cleared cached video readers after inference
INFO:root:[LiveCCWorker] Start LiveCC inference on: /home/miislab/livecc_gui/examples/wheelchair_short.mp4
INFO:root:[LiveCCWorker] Cleared cached video readers
INFO:root:[LiveCCWorker] Cleared cached video readers on stop request
INFO:root:[LiveCCWorker] Stop requested, breaking inference loop
INFO:root:[LiveCCWorker] LiveCC inference finished. Took 24.29 s
INFO:root:[LiveCCWorker] Cleared cached video readers after inference
INFO:root:[LiveCCWorker] Start LiveCC inference on: /home/miislab/livecc_gui/examples/wheelchair_short.mp4
INFO:root:[LiveCCWorker] Cleared cached video readers
INFO:root:[LiveCCWorker] Cleared cached video readers on stop request
INFO:root:[LiveCCWorker] Stop requested, breaking inference loop
INFO:root:[LiveCCWorker] LiveCC inference finished. Took 24.17 s
INFO:root:[LiveCCWorker] Cleared cached video readers after inference
INFO:root:[LiveCCWorker] Start LiveCC inference on: /home/miislab/livecc_gui/examples/wheelchair_short.mp4
INFO:root:[LiveCCWorker] Cleared cached video readers
INFO:root:[LiveCCWorker] Cleared cached video readers on stop request
INFO:root:[LiveCCWorker] Stop requested, breaking inference loop
INFO:root:[LiveCCWorker] LiveCC inference finished. Took 24.26 s
INFO:root:[LiveCCWorker] Cleared cached video readers after inference
INFO:root:[LiveCCWorker] Start LiveCC inference on: /home/miislab/livecc_gui/examples/wheelchair_short.mp4
INFO:root:[LiveCCWorker] Cleared cached video readers
INFO:root:[LiveCCWorker] Cleared cached video readers on stop request
INFO:root:[LiveCCWorker] Stop requested, breaking inference loop
INFO:root:[LiveCCWorker] LiveCC inference finished. Took 24.29 s
INFO:root:[LiveCCWorker] Cleared cached video readers after inference
INFO:root:[LiveCCWorker] Start LiveCC inference on: /home/miislab/livecc_gui/examples/wheelchair_short.mp4
INFO:root:[LiveCCWorker] Cleared cached video readers
INFO:root:[LiveCCWorker] Cleared cached video readers on stop request
INFO:root:[LiveCCWorker] Stop requested, breaking inference loop
INFO:root:[LiveCCWorker] LiveCC inference finished. Took 16.23 s
INFO:root:[LiveCCWorker] Cleared cached video readers after inference
INFO:root:[LiveCCWorker] Start LiveCC inference on: /home/miislab/livecc_gui/examples/wheelchair_short.mp4
INFO:root:[LiveCCWorker] Cleared cached video readers
INFO:root:[LiveCCWorker] Cleared cached video readers on stop request
INFO:root:[LiveCCWorker] Stop requested, breaking inference loop
INFO:root:[LiveCCWorker] LiveCC inference finished. Took 8.15 s
INFO:root:[LiveCCWorker] Cleared cached video readers after inference
INFO:root:[LiveCCWorker] Start LiveCC inference on: /home/miislab/livecc_gui/examples/wheelchair_short.mp4
INFO:root:[LiveCCWorker] Cleared cached video readers
INFO:root:[LiveCCWorker] Cleared cached video readers on stop request
INFO:root:[LiveCCWorker] Stop requested, breaking inference loop
INFO:root:[LiveCCWorker] LiveCC inference finished. Took 10.08 s
INFO:root:[LiveCCWorker] Cleared cached video readers after inference
INFO:root:[LiveCCWorker] Start LiveCC inference on: /home/miislab/livecc_gui/examples/wheelchair_short.mp4
INFO:root:[LiveCCWorker] Cleared cached video readers
INFO:root:[LiveCCWorker] Cleared cached video readers on stop request
INFO:root:[LiveCCWorker] Stop requested, breaking inference loop
INFO:root:[LiveCCWorker] LiveCC inference finished. Took 23.83 s
INFO:root:[LiveCCWorker] Cleared cached video readers after inference
INFO:root:[LiveCCWorker] Start LiveCC inference on: /home/miislab/livecc_gui/examples/wheelchair_short.mp4
INFO:root:[LiveCCWorker] Cleared cached video readers
INFO:root:[LiveCCWorker] Cleared cached video readers on stop request
INFO:root:[LiveCCWorker] Stop requested, breaking inference loop
INFO:root:[LiveCCWorker] LiveCC inference finished. Took 22.57 s
INFO:root:[LiveCCWorker] Cleared cached video readers after inference
INFO:root:[LiveCCWorker] Start LiveCC inference on: /home/miislab/livecc_gui/examples/wheelchair_short.mp4
INFO:root:[LiveCCWorker] Cleared cached video readers
INFO:root:[LiveCCWorker] Cleared cached video readers on stop request
INFO:root:[LiveCCWorker] Stop requested, breaking inference loop
INFO:root:[LiveCCWorker] LiveCC inference finished. Took 24.35 s
INFO:root:[LiveCCWorker] Cleared cached video readers after inference
INFO:root:[LiveCCWorker] Start LiveCC inference on: /home/miislab/livecc_gui/examples/wheelchair_short.mp4
INFO:root:[LiveCCWorker] Cleared cached video readers
INFO:root:[LiveCCWorker] Cleared cached video readers on stop request
INFO:root:[LiveCCWorker] Stop requested, breaking inference loop
INFO:root:[LiveCCWorker] LiveCC inference finished. Took 24.35 s
INFO:root:[LiveCCWorker] Cleared cached video readers after inference
INFO:root:[LiveCCWorker] Start LiveCC inference on: /home/miislab/livecc_gui/examples/wheelchair_short.mp4
INFO:root:[LiveCCWorker] Cleared cached video readers
INFO:root:[LiveCCWorker] Cleared cached video readers on stop request
INFO:root:[LiveCCWorker] Stop requested, breaking inference loop
INFO:root:[LiveCCWorker] LiveCC inference finished. Took 24.32 s
INFO:root:[LiveCCWorker] Cleared cached video readers after inference
INFO:root:[LiveCCWorker] Start LiveCC inference on: /home/miislab/livecc_gui/examples/wheelchair_short.mp4
INFO:root:[LiveCCWorker] Cleared cached video readers
INFO:root:[LiveCCWorker] Cleared cached video readers on stop request
INFO:root:[LiveCCWorker] Stop requested, breaking inference loop
INFO:root:[LiveCCWorker] LiveCC inference finished. Took 23.11 s
INFO:root:[LiveCCWorker] Cleared cached video readers after inference
INFO:root:[LiveCCWorker] Start LiveCC inference on: /home/miislab/livecc_gui/examples/wheelchair_short.mp4
INFO:root:[LiveCCWorker] Cleared cached video readers
INFO:root:[LiveCCWorker] Cleared cached video readers on stop request
INFO:root:[LiveCCWorker] Stop requested, breaking inference loop
INFO:root:[LiveCCWorker] LiveCC inference finished. Took 24.06 s
INFO:root:[LiveCCWorker] Cleared cached video readers after inference
INFO:root:[LiveCCWorker] Start LiveCC inference on: /home/miislab/livecc_gui/examples/wheelchair_short.mp4
INFO:root:[LiveCCWorker] Cleared cached video readers
INFO:root:[LiveCCWorker] Cleared cached video readers on stop request
INFO:root:[LiveCCWorker] Stop requested, breaking inference loop
INFO:root:[LiveCCWorker] LiveCC inference finished. Took 23.93 s
INFO:root:[LiveCCWorker] Cleared cached video readers after inference
INFO:root:[LiveCCWorker] Start LiveCC inference on: /home/miislab/livecc_gui/examples/wheelchair_short.mp4
INFO:root:[LiveCCWorker] Cleared cached video readers
INFO:root:[LiveCCWorker] Cleared cached video readers on stop request
INFO:root:[LiveCCWorker] Stop requested, breaking inference loop
INFO:root:[LiveCCWorker] LiveCC inference finished. Took 15.95 s
INFO:root:[LiveCCWorker] Cleared cached video readers after inference
INFO:root:[LiveCCWorker] Start LiveCC inference on: /home/miislab/livecc_gui/examples/wheelchair_short.mp4
INFO:root:[LiveCCWorker] Cleared cached video readers
INFO:root:[LiveCCWorker] Cleared cached video readers on stop request
INFO:root:[LiveCCWorker] Stop requested, breaking inference loop
INFO:root:[LiveCCWorker] LiveCC inference finished. Took 23.90 s
INFO:root:[LiveCCWorker] Cleared cached video readers after inference
INFO:root:[LiveCCWorker] Start LiveCC inference on: /home/miislab/livecc_gui/examples/vr_test/VR_Frank_basketball.mp4
INFO:root:[LiveCCWorker] Cleared cached video readers
INFO:root:[LiveCCWorker] Stop requested, breaking inference loop
INFO:root:[LiveCCWorker] LiveCC inference finished. Took 30.45 s
INFO:root:[LiveCCWorker] Cleared cached video readers after inference
INFO:root:[LiveCCWorker] Cleared cached video readers on stop request
INFO:root:[LiveCCWorker] Start LiveCC inference on: /home/miislab/livecc_gui/examples/vr_test/VR_Frank_basketball.mp4
INFO:root:[LiveCCWorker] Cleared cached video readers
INFO:root:[LiveCCWorker] Cleared cached video readers on stop request
INFO:root:[LiveCCWorker] Stop requested, breaking inference loop
INFO:root:[LiveCCWorker] LiveCC inference finished. Took 6.21 s
INFO:root:[LiveCCWorker] Cleared cached video readers after inference
INFO:root:[LiveCCWorker] Start LiveCC inference on: /home/miislab/livecc_gui/examples/vr_test/VR_Frank_basketball.mp4
INFO:root:[LiveCCWorker] Cleared cached video readers
INFO:root:[LiveCCWorker] Stop requested, breaking inference loop
INFO:root:[LiveCCWorker] LiveCC inference finished. Took 20.35 s
INFO:root:[LiveCCWorker] Cleared cached video readers after inference
INFO:root:[LiveCCWorker] Cleared cached video readers on stop request
INFO:root:[LiveCCWorker] Start LiveCC inference on: /home/miislab/livecc_gui/examples/vr_test/VR_Frank_basketball.mp4
INFO:root:[LiveCCWorker] Cleared cached video readers
INFO:root:[LiveCCWorker] Cleared cached video readers on stop request
INFO:root:[LiveCCWorker] Stop requested, breaking inference loop
INFO:root:[LiveCCWorker] LiveCC inference finished. Took 110.85 s
INFO:root:[LiveCCWorker] Cleared cached video readers after inference
INFO:root:[LiveCCWorker] Start LiveCC inference on: /home/miislab/livecc_gui/examples/vr_test/VR_Frank_basketball.mp4
INFO:root:[LiveCCWorker] Cleared cached video readers
INFO:root:[LiveCCWorker] Cleared cached video readers on stop request
INFO:root:[LiveCCWorker] Stop requested, breaking inference loop
INFO:root:[LiveCCWorker] LiveCC inference finished. Took 20.02 s
INFO:root:[LiveCCWorker] Cleared cached video readers after inference
INFO:root:[LiveCCWorker] Start LiveCC inference on: /home/miislab/livecc_gui/examples/vr_test/VR_Frank_basketball.mp4
INFO:root:[LiveCCWorker] Cleared cached video readers
INFO:root:[LiveCCWorker] Cleared cached video readers on stop request
INFO:root:[LiveCCWorker] Stop requested, breaking inference loop
INFO:root:[LiveCCWorker] LiveCC inference finished. Took 110.07 s
INFO:root:[LiveCCWorker] Cleared cached video readers after inference
INFO:root:[LiveCCWorker] Start LiveCC inference on: /home/miislab/livecc_gui/examples/vr_test/VR_Frank_basketball_play.mp4
INFO:root:[LiveCCWorker] Cleared cached video readers
INFO:root:[LiveCCWorker] Cleared cached video readers on stop request
INFO:root:[LiveCCWorker] Stop requested, breaking inference loop
INFO:root:[LiveCCWorker] LiveCC inference finished. Took 60.22 s
INFO:root:[LiveCCWorker] Cleared cached video readers after inference
INFO:root:[LiveCCWorker] Start LiveCC inference on: /home/miislab/livecc_gui/examples/vr_test/VR_Frank.mp4
INFO:root:[LiveCCWorker] Cleared cached video readers
INFO:root:[LiveCCWorker] Cleared cached video readers on stop request
INFO:root:[LiveCCWorker] Stop requested, breaking inference loop
INFO:root:[LiveCCWorker] LiveCC inference finished. Took 50.43 s
INFO:root:[LiveCCWorker] Cleared cached video readers after inference
INFO:root:[LiveCCWorker] Start LiveCC inference on: /home/miislab/livecc_gui/examples/vr_test/VR_basketball.mp4
INFO:root:[LiveCCWorker] Cleared cached video readers
INFO:root:[LiveCCWorker] Cleared cached video readers on stop request
INFO:root:[LiveCCWorker] Stop requested, breaking inference loop
INFO:root:[LiveCCWorker] LiveCC inference finished. Took 34.24 s
INFO:root:[LiveCCWorker] Cleared cached video readers after inference
INFO:root:[LiveCCWorker] Start LiveCC inference on: /home/miislab/livecc_gui/examples/vr_test/VR_basketball.mp4
INFO:root:[LiveCCWorker] Cleared cached video readers
INFO:root:[LiveCCWorker] Cleared cached video readers on stop request
INFO:root:[LiveCCWorker] Stop requested, breaking inference loop
INFO:root:[LiveCCWorker] LiveCC inference finished. Took 109.79 s
INFO:root:[LiveCCWorker] Cleared cached video readers after inference
INFO:root:[LiveCCWorker] Start LiveCC inference on: /home/miislab/livecc_gui/examples/散剪.mp4
INFO:root:[LiveCCWorker] Cleared cached video readers
INFO:root:[LiveCCWorker] Stop requested, breaking inference loop
INFO:root:[LiveCCWorker] LiveCC inference finished. Took 58.35 s
INFO:root:[LiveCCWorker] Cleared cached video readers after inference
INFO:root:[LiveCCWorker] Cleared cached video readers on stop request
INFO:root:[LiveCCWorker] Start LiveCC inference on: /home/miislab/livecc_gui/examples/散剪.mp4
INFO:root:[LiveCCWorker] Cleared cached video readers
INFO:root:[LiveCCWorker] Cleared cached video readers on stop request
INFO:root:[LiveCCWorker] Stop requested, breaking inference loop
INFO:root:[LiveCCWorker] LiveCC inference finished. Took 50.87 s
INFO:root:[LiveCCWorker] Cleared cached video readers after inference
INFO:root:[LiveCCWorker] Start LiveCC inference on: /home/miislab/livecc_gui/examples/散剪.mp4
INFO:root:[LiveCCWorker] Cleared cached video readers
INFO:root:[LiveCCWorker] Cleared cached video readers on stop request
INFO:root:[LiveCCWorker] Stop requested, breaking inference loop
INFO:root:[LiveCCWorker] LiveCC inference finished. Took 23.11 s
INFO:root:[LiveCCWorker] Cleared cached video readers after inference
INFO:root:[LiveCCWorker] Start LiveCC inference on: /home/miislab/livecc_gui/examples/散剪.mp4
INFO:root:[LiveCCWorker] Cleared cached video readers
INFO:root:[LiveCCWorker] Cleared cached video readers on stop request
INFO:root:[LiveCCWorker] Stop requested, breaking inference loop
INFO:root:[LiveCCWorker] LiveCC inference finished. Took 49.47 s
INFO:root:[LiveCCWorker] Cleared cached video readers after inference
INFO:root:[LiveCCWorker] Start LiveCC inference on: /home/miislab/livecc_gui/examples/散剪.mp4
INFO:root:[LiveCCWorker] Cleared cached video readers
INFO:root:[LiveCCWorker] Cleared cached video readers on stop request
INFO:root:[LiveCCWorker] Stop requested, breaking inference loop
INFO:root:[LiveCCWorker] LiveCC inference finished. Took 5.72 s
INFO:root:[LiveCCWorker] Cleared cached video readers after inference
INFO:root:[LiveCCWorker] Start LiveCC inference on: /home/miislab/livecc_gui/examples/散剪.mp4
INFO:root:[LiveCCWorker] Cleared cached video readers
INFO:root:[LiveCCWorker] Cleared cached video readers on stop request
INFO:root:[LiveCCWorker] Stop requested, breaking inference loop
INFO:root:[LiveCCWorker] LiveCC inference finished. Took 88.90 s
INFO:root:[LiveCCWorker] Cleared cached video readers after inference
WARNING:huggingface_hub.utils._http:'(ReadTimeoutError("HTTPSConnectionPool(host='huggingface.co', port=443): Read timed out. (read timeout=10)"), '(Request ID: 574c0994-018d-474f-9317-2b1c220ba0da)')' thrown while requesting HEAD https://huggingface.co/chenjoya/LiveCC-7B-Instruct/resolve/main/audio_tokenizer_config.json
WARNING:huggingface_hub.utils._http:Retrying in 1s [Retry 1/5].
INFO:root:[LiveCCWorker] Start LiveCC inference on: /home/miislab/livecc_gui/examples/實況主.mp4
INFO:root:[LiveCCWorker] Cleared cached video readers
INFO:root:[LiveCCWorker] Cleared cached video readers on stop request
INFO:root:[LiveCCWorker] Stop requested, breaking inference loop
INFO:root:[LiveCCWorker] LiveCC inference finished. Took 58.29 s
INFO:root:[LiveCCWorker] Cleared cached video readers after inference
INFO:root:[LiveCCWorker] Start LiveCC inference on: /home/miislab/livecc_gui/examples/vr_test/VR_Frank_basketball.mp4
INFO:root:[LiveCCWorker] Cleared cached video readers
INFO:root:[LiveCCWorker] Cleared cached video readers on stop request
INFO:root:[LiveCCWorker] Stop requested, breaking inference loop
INFO:root:[LiveCCWorker] LiveCC inference finished. Took 22.52 s
INFO:root:[LiveCCWorker] Cleared cached video readers after inference
INFO:root:[LiveCCWorker] Start LiveCC inference on: /home/miislab/livecc_gui/examples/vr_test/VR_Frank_basketball.mp4
INFO:root:[LiveCCWorker] Cleared cached video readers
INFO:root:[LiveCCWorker] Cleared cached video readers on stop request
INFO:root:[LiveCCWorker] Stop requested, breaking inference loop
INFO:root:[LiveCCWorker] LiveCC inference finished. Took 7.35 s
INFO:root:[LiveCCWorker] Cleared cached video readers after inference
INFO:root:[LiveCCWorker] Start LiveCC inference on: /home/miislab/livecc_gui/examples/vr_test/VR_Frank_basketball.mp4
INFO:root:[LiveCCWorker] Cleared cached video readers
INFO:root:[LiveCCWorker] Cleared cached video readers on stop request
INFO:root:[LiveCCWorker] Stop requested, breaking inference loop
INFO:root:[LiveCCWorker] LiveCC inference finished. Took 6.21 s
INFO:root:[LiveCCWorker] Cleared cached video readers after inference
INFO:root:[LiveCCWorker] Start LiveCC inference on: /home/miislab/livecc_gui/examples/vr_test/VR_Frank_basketball.mp4
INFO:root:[LiveCCWorker] Cleared cached video readers
INFO:root:[LiveCCWorker] Cleared cached video readers on stop request
INFO:root:[LiveCCWorker] Stop requested, breaking inference loop
INFO:root:[LiveCCWorker] LiveCC inference finished. Took 21.99 s
INFO:root:[LiveCCWorker] Cleared cached video readers after inference
INFO:root:[LiveCCWorker] Start LiveCC inference on: /home/miislab/livecc_gui/examples/vr_test/VR_Frank_basketball.mp4
INFO:root:[LiveCCWorker] Cleared cached video readers
INFO:root:[LiveCCWorker] Cleared cached video readers on stop request
INFO:root:[LiveCCWorker] Stop requested, breaking inference loop
INFO:root:[LiveCCWorker] LiveCC inference finished. Took 16.55 s
INFO:root:[LiveCCWorker] Cleared cached video readers after inference
INFO:root:[LiveCCWorker] Start LiveCC inference on: /home/miislab/livecc_gui/examples/vr_test/VR_Frank_basketball.mp4
INFO:root:[LiveCCWorker] Cleared cached video readers
INFO:root:[LiveCCWorker] Cleared cached video readers on stop request
INFO:root:[LiveCCWorker] Stop requested, breaking inference loop
INFO:root:[LiveCCWorker] LiveCC inference finished. Took 3.46 s
INFO:root:[LiveCCWorker] Cleared cached video readers after inference
INFO:root:[LiveCCWorker] Start LiveCC inference on: /home/miislab/livecc_gui/examples/vr_test/VR_Frank_basketball.mp4
INFO:root:[LiveCCWorker] Cleared cached video readers
INFO:root:[LiveCCWorker] Cleared cached video readers on stop request
INFO:root:[LiveCCWorker] Stop requested, breaking inference loop
INFO:root:[LiveCCWorker] LiveCC inference finished. Took 22.69 s
INFO:root:[LiveCCWorker] Cleared cached video readers after inference
INFO:root:[LiveCCWorker] Start LiveCC inference on: /home/miislab/livecc_gui/examples/vr_test/VR_Frank_basketball.mp4
INFO:root:[LiveCCWorker] Cleared cached video readers
INFO:root:[LiveCCWorker] Cleared cached video readers on stop request
INFO:root:[LiveCCWorker] Stop requested, breaking inference loop
INFO:root:[LiveCCWorker] LiveCC inference finished. Took 12.37 s
INFO:root:[LiveCCWorker] Cleared cached video readers after inference
INFO:root:[LiveCCWorker] Start LiveCC inference on: /home/miislab/livecc_gui/examples/vr_test/VR_Frank_basketball.mp4
INFO:root:[LiveCCWorker] Cleared cached video readers
INFO:root:[LiveCCWorker] Stop requested, breaking inference loop
INFO:root:[LiveCCWorker] LiveCC inference finished. Took 28.39 s
INFO:root:[LiveCCWorker] Cleared cached video readers after inference
INFO:root:[LiveCCWorker] Cleared cached video readers on stop request
INFO:root:[LiveCCWorker] Start LiveCC inference on: /home/miislab/livecc_gui/examples/vr_test/VR_Frank_basketball.mp4
INFO:root:[LiveCCWorker] Cleared cached video readers
INFO:root:[LiveCCWorker] Cleared cached video readers on stop request
INFO:root:[LiveCCWorker] Stop requested, breaking inference loop
INFO:root:[LiveCCWorker] LiveCC inference finished. Took 25.95 s
INFO:root:[LiveCCWorker] Cleared cached video readers after inference
INFO:root:[LiveCCWorker] Start LiveCC inference on: /home/miislab/livecc_gui/examples/vr_test/VR_Frank_basketball.mp4
INFO:root:[LiveCCWorker] Cleared cached video readers
INFO:root:[LiveCCWorker] Cleared cached video readers on stop request
INFO:root:[LiveCCWorker] Stop requested, breaking inference loop
INFO:root:[LiveCCWorker] LiveCC inference finished. Took 42.17 s
INFO:root:[LiveCCWorker] Cleared cached video readers after inference
INFO:root:[LiveCCWorker] Start LiveCC inference on: /home/miislab-server5/miis_broadcast/examples/basketball_1080p_02.mp4
INFO:root:[LiveCCWorker] Cleared cached video readers
INFO:root:[LiveCCWorker] Cleared cached video readers on stop request
INFO:root:[LiveCCWorker] Stop requested, breaking inference loop
INFO:root:[LiveCCWorker] LiveCC inference finished. Took 24.30 s
INFO:root:[LiveCCWorker] Cleared cached video readers after inference
INFO:root:[LiveCCWorker] Start LiveCC inference on: /home/miislab-server5/miis_broadcast/examples/遊戲小人大.mp4
INFO:root:[LiveCCWorker] Cleared cached video readers
INFO:root:[LiveCCWorker] Stop requested, breaking inference loop
INFO:root:[LiveCCWorker] LiveCC inference finished. Took 9.66 s
INFO:root:[LiveCCWorker] Cleared cached video readers after inference
INFO:root:[LiveCCWorker] Cleared cached video readers on stop request
INFO:root:[LiveCCWorker] Start LiveCC inference on: /home/miislab-server5/miis_broadcast_poyu/miis_broadcast/examples/20260120.mp4
INFO:root:[LiveCCWorker] Cleared cached video readers
INFO:root:[LiveCCWorker] Stop requested, breaking inference loop
INFO:root:[LiveCCWorker] LiveCC inference finished. Took 29.97 s
INFO:root:[LiveCCWorker] Cleared cached video readers after inference
INFO:root:[LiveCCWorker] Cleared cached video readers on stop request
INFO:root:[LiveCCWorker] Start LiveCC inference on: /home/miislab-server5/miis_broadcast_poyu/miis_broadcast/examples/遊戲小人大.mp4
INFO:root:[LiveCCWorker] Cleared cached video readers
INFO:root:[LiveCCWorker] Cleared cached video readers on stop request
INFO:root:[LiveCCWorker] Stop requested, breaking inference loop
INFO:root:[LiveCCWorker] LiveCC inference finished. Took 20.04 s
INFO:root:[LiveCCWorker] Cleared cached video readers after inference
INFO:root:[LiveCCWorker] Start LiveCC inference on: /home/miislab-server5/miis_broadcast_poyu/miis_broadcast/examples/遊戲小人大.mp4
INFO:root:[LiveCCWorker] Cleared cached video readers
INFO:root:[LiveCCWorker] Cleared cached video readers on stop request
INFO:root:[LiveCCWorker] Stop requested, breaking inference loop
INFO:root:[LiveCCWorker] LiveCC inference finished. Took 108.80 s
INFO:root:[LiveCCWorker] Cleared cached video readers after inference
INFO:root:[LiveCCWorker] Start LiveCC inference on: /home/miislab-server5/miis_broadcast_poyu/miis_broadcast/examples/basketball_1080p.mp4
INFO:root:[LiveCCWorker] Cleared cached video readers
INFO:root:[LiveCCWorker] Cleared cached video readers on stop request
INFO:root:[LiveCCWorker] Stop requested, breaking inference loop
INFO:root:[LiveCCWorker] LiveCC inference finished. Took 189.39 s
INFO:root:[LiveCCWorker] Cleared cached video readers after inference
INFO:VRAMMonitor:[LiveCC] 初始化佔用淨 VRAM: 15.44 GB (載入前 0.00GB -> 載入後 15.44GB)
WARNING:VRAMMonitor:⚠️ [評估] LiveCC 模組初始化耗用極大 VRAM (15.44 GB)，請檢查模型大小或量化狀態！
INFO:root:[LiveCCWorker] Start LiveCC inference on: /home/miislab-server5/miis_broadcast_poyu/miis_broadcast/examples/遊戲小人大.mp4
INFO:root:[LiveCCWorker] Cleared cached video readers
INFO:VRAMMonitor:[LiveCC] 運行中佔用 VRAM: 15.64 GB | 保留(Reserved): 17.12 GB
WARNING:VRAMMonitor:🚨 [警告] LiveCC 佔用過多 VRAM (15.64 GB 超過 15.0 GB)！
INFO:VRAMMonitor:🔄 正在為 LiveCC 進行 VRAM 回收與清理 (empty_cache)...
INFO:VRAMMonitor:✅ 清理完成，LiveCC 目前佔用 VRAM: 15.64 GB | 保留: 15.67 GB
INFO:VRAMMonitor:[LiveCC] 運行中佔用 VRAM: 15.71 GB | 保留(Reserved): 16.63 GB
WARNING:VRAMMonitor:🚨 [警告] LiveCC 佔用過多 VRAM (15.71 GB 超過 15.0 GB)！
INFO:VRAMMonitor:🔄 正在為 LiveCC 進行 VRAM 回收與清理 (empty_cache)...
INFO:VRAMMonitor:✅ 清理完成，LiveCC 目前佔用 VRAM: 15.71 GB | 保留: 15.75 GB
INFO:VRAMMonitor:[LiveCC] 運行中佔用 VRAM: 15.78 GB | 保留(Reserved): 16.73 GB
WARNING:VRAMMonitor:🚨 [警告] LiveCC 佔用過多 VRAM (15.78 GB 超過 15.0 GB)！
INFO:VRAMMonitor:🔄 正在為 LiveCC 進行 VRAM 回收與清理 (empty_cache)...
INFO:VRAMMonitor:✅ 清理完成，LiveCC 目前佔用 VRAM: 15.78 GB | 保留: 15.86 GB
INFO:VRAMMonitor:[LiveCC] 運行中佔用 VRAM: 15.86 GB | 保留(Reserved): 16.82 GB
WARNING:VRAMMonitor:🚨 [警告] LiveCC 佔用過多 VRAM (15.86 GB 超過 15.0 GB)！
INFO:VRAMMonitor:🔄 正在為 LiveCC 進行 VRAM 回收與清理 (empty_cache)...
INFO:VRAMMonitor:✅ 清理完成，LiveCC 目前佔用 VRAM: 15.86 GB | 保留: 15.95 GB
INFO:VRAMMonitor:[LiveCC] 運行中佔用 VRAM: 15.94 GB | 保留(Reserved): 16.91 GB
WARNING:VRAMMonitor:🚨 [警告] LiveCC 佔用過多 VRAM (15.94 GB 超過 15.0 GB)！
INFO:VRAMMonitor:🔄 正在為 LiveCC 進行 VRAM 回收與清理 (empty_cache)...
INFO:VRAMMonitor:✅ 清理完成，LiveCC 目前佔用 VRAM: 15.94 GB | 保留: 16.11 GB
INFO:VRAMMonitor:[LiveCC] 運行中佔用 VRAM: 15.57 GB | 保留(Reserved): 16.83 GB
WARNING:VRAMMonitor:🚨 [警告] LiveCC 佔用過多 VRAM (15.57 GB 超過 15.0 GB)！
INFO:VRAMMonitor:🔄 正在為 LiveCC 進行 VRAM 回收與清理 (empty_cache)...
INFO:VRAMMonitor:✅ 清理完成，LiveCC 目前佔用 VRAM: 15.57 GB | 保留: 15.60 GB
INFO:VRAMMonitor:[LiveCC] 運行中佔用 VRAM: 15.65 GB | 保留(Reserved): 16.59 GB
WARNING:VRAMMonitor:🚨 [警告] LiveCC 佔用過多 VRAM (15.65 GB 超過 15.0 GB)！
INFO:VRAMMonitor:🔄 正在為 LiveCC 進行 VRAM 回收與清理 (empty_cache)...
INFO:VRAMMonitor:✅ 清理完成，LiveCC 目前佔用 VRAM: 15.65 GB | 保留: 15.70 GB
INFO:VRAMMonitor:[LiveCC] 運行中佔用 VRAM: 15.73 GB | 保留(Reserved): 16.68 GB
WARNING:VRAMMonitor:🚨 [警告] LiveCC 佔用過多 VRAM (15.73 GB 超過 15.0 GB)！
INFO:VRAMMonitor:🔄 正在為 LiveCC 進行 VRAM 回收與清理 (empty_cache)...
INFO:VRAMMonitor:✅ 清理完成，LiveCC 目前佔用 VRAM: 15.73 GB | 保留: 15.82 GB
INFO:VRAMMonitor:[LiveCC] 運行中佔用 VRAM: 15.82 GB | 保留(Reserved): 16.79 GB
WARNING:VRAMMonitor:🚨 [警告] LiveCC 佔用過多 VRAM (15.82 GB 超過 15.0 GB)！
INFO:VRAMMonitor:🔄 正在為 LiveCC 進行 VRAM 回收與清理 (empty_cache)...
INFO:VRAMMonitor:✅ 清理完成，LiveCC 目前佔用 VRAM: 15.82 GB | 保留: 15.89 GB
INFO:VRAMMonitor:[LiveCC] 運行中佔用 VRAM: 15.90 GB | 保留(Reserved): 16.86 GB
WARNING:VRAMMonitor:🚨 [警告] LiveCC 佔用過多 VRAM (15.90 GB 超過 15.0 GB)！
INFO:VRAMMonitor:🔄 正在為 LiveCC 進行 VRAM 回收與清理 (empty_cache)...
INFO:VRAMMonitor:✅ 清理完成，LiveCC 目前佔用 VRAM: 15.90 GB | 保留: 15.95 GB
INFO:VRAMMonitor:[LiveCC] 運行中佔用 VRAM: 15.97 GB | 保留(Reserved): 16.93 GB
WARNING:VRAMMonitor:🚨 [警告] LiveCC 佔用過多 VRAM (15.97 GB 超過 15.0 GB)！
INFO:VRAMMonitor:🔄 正在為 LiveCC 進行 VRAM 回收與清理 (empty_cache)...
INFO:VRAMMonitor:✅ 清理完成，LiveCC 目前佔用 VRAM: 15.97 GB | 保留: 16.14 GB
INFO:VRAMMonitor:[LiveCC] 運行中佔用 VRAM: 15.58 GB | 保留(Reserved): 16.81 GB
WARNING:VRAMMonitor:🚨 [警告] LiveCC 佔用過多 VRAM (15.58 GB 超過 15.0 GB)！
INFO:VRAMMonitor:🔄 正在為 LiveCC 進行 VRAM 回收與清理 (empty_cache)...
INFO:VRAMMonitor:✅ 清理完成，LiveCC 目前佔用 VRAM: 15.58 GB | 保留: 15.62 GB
INFO:VRAMMonitor:[LiveCC] 運行中佔用 VRAM: 15.66 GB | 保留(Reserved): 16.60 GB
WARNING:VRAMMonitor:🚨 [警告] LiveCC 佔用過多 VRAM (15.66 GB 超過 15.0 GB)！
INFO:VRAMMonitor:🔄 正在為 LiveCC 進行 VRAM 回收與清理 (empty_cache)...
INFO:VRAMMonitor:✅ 清理完成，LiveCC 目前佔用 VRAM: 15.66 GB | 保留: 15.71 GB
INFO:VRAMMonitor:[LiveCC] 運行中佔用 VRAM: 15.74 GB | 保留(Reserved): 16.69 GB
WARNING:VRAMMonitor:🚨 [警告] LiveCC 佔用過多 VRAM (15.74 GB 超過 15.0 GB)！
INFO:VRAMMonitor:🔄 正在為 LiveCC 進行 VRAM 回收與清理 (empty_cache)...
INFO:VRAMMonitor:✅ 清理完成，LiveCC 目前佔用 VRAM: 15.74 GB | 保留: 15.79 GB
INFO:VRAMMonitor:[LiveCC] 運行中佔用 VRAM: 15.82 GB | 保留(Reserved): 16.79 GB
WARNING:VRAMMonitor:🚨 [警告] LiveCC 佔用過多 VRAM (15.82 GB 超過 15.0 GB)！
INFO:VRAMMonitor:🔄 正在為 LiveCC 進行 VRAM 回收與清理 (empty_cache)...
INFO:VRAMMonitor:✅ 清理完成，LiveCC 目前佔用 VRAM: 15.82 GB | 保留: 15.90 GB
INFO:VRAMMonitor:[LiveCC] 運行中佔用 VRAM: 15.90 GB | 保留(Reserved): 16.88 GB
WARNING:VRAMMonitor:🚨 [警告] LiveCC 佔用過多 VRAM (15.90 GB 超過 15.0 GB)！
INFO:VRAMMonitor:🔄 正在為 LiveCC 進行 VRAM 回收與清理 (empty_cache)...
INFO:VRAMMonitor:✅ 清理完成，LiveCC 目前佔用 VRAM: 15.90 GB | 保留: 15.94 GB
INFO:VRAMMonitor:[LiveCC] 運行中佔用 VRAM: 15.98 GB | 保留(Reserved): 16.94 GB
WARNING:VRAMMonitor:🚨 [警告] LiveCC 佔用過多 VRAM (15.98 GB 超過 15.0 GB)！
INFO:VRAMMonitor:🔄 正在為 LiveCC 進行 VRAM 回收與清理 (empty_cache)...
INFO:VRAMMonitor:✅ 清理完成，LiveCC 目前佔用 VRAM: 15.98 GB | 保留: 16.16 GB
INFO:VRAMMonitor:[LiveCC] 運行中佔用 VRAM: 15.57 GB | 保留(Reserved): 16.88 GB
WARNING:VRAMMonitor:🚨 [警告] LiveCC 佔用過多 VRAM (15.57 GB 超過 15.0 GB)！
INFO:VRAMMonitor:🔄 正在為 LiveCC 進行 VRAM 回收與清理 (empty_cache)...
INFO:VRAMMonitor:✅ 清理完成，LiveCC 目前佔用 VRAM: 15.57 GB | 保留: 15.62 GB
INFO:VRAMMonitor:[LiveCC] 運行中佔用 VRAM: 15.65 GB | 保留(Reserved): 16.60 GB
WARNING:VRAMMonitor:🚨 [警告] LiveCC 佔用過多 VRAM (15.65 GB 超過 15.0 GB)！
INFO:VRAMMonitor:🔄 正在為 LiveCC 進行 VRAM 回收與清理 (empty_cache)...
INFO:VRAMMonitor:✅ 清理完成，LiveCC 目前佔用 VRAM: 15.65 GB | 保留: 15.71 GB
INFO:VRAMMonitor:[LiveCC] 運行中佔用 VRAM: 15.73 GB | 保留(Reserved): 16.69 GB
WARNING:VRAMMonitor:🚨 [警告] LiveCC 佔用過多 VRAM (15.73 GB 超過 15.0 GB)！
INFO:VRAMMonitor:🔄 正在為 LiveCC 進行 VRAM 回收與清理 (empty_cache)...
INFO:VRAMMonitor:✅ 清理完成，LiveCC 目前佔用 VRAM: 15.73 GB | 保留: 15.81 GB
INFO:VRAMMonitor:[LiveCC] 運行中佔用 VRAM: 15.82 GB | 保留(Reserved): 16.79 GB
WARNING:VRAMMonitor:🚨 [警告] LiveCC 佔用過多 VRAM (15.82 GB 超過 15.0 GB)！
INFO:VRAMMonitor:🔄 正在為 LiveCC 進行 VRAM 回收與清理 (empty_cache)...
INFO:VRAMMonitor:✅ 清理完成，LiveCC 目前佔用 VRAM: 15.82 GB | 保留: 15.91 GB
INFO:VRAMMonitor:[LiveCC] 運行中佔用 VRAM: 15.90 GB | 保留(Reserved): 16.90 GB
WARNING:VRAMMonitor:🚨 [警告] LiveCC 佔用過多 VRAM (15.90 GB 超過 15.0 GB)！
INFO:VRAMMonitor:🔄 正在為 LiveCC 進行 VRAM 回收與清理 (empty_cache)...
INFO:VRAMMonitor:✅ 清理完成，LiveCC 目前佔用 VRAM: 15.90 GB | 保留: 16.02 GB
INFO:VRAMMonitor:[LiveCC] 運行中佔用 VRAM: 15.98 GB | 保留(Reserved): 17.01 GB
WARNING:VRAMMonitor:🚨 [警告] LiveCC 佔用過多 VRAM (15.98 GB 超過 15.0 GB)！
INFO:VRAMMonitor:🔄 正在為 LiveCC 進行 VRAM 回收與清理 (empty_cache)...
INFO:VRAMMonitor:✅ 清理完成，LiveCC 目前佔用 VRAM: 15.98 GB | 保留: 16.16 GB
INFO:VRAMMonitor:[LiveCC] 運行中佔用 VRAM: 15.57 GB | 保留(Reserved): 16.88 GB
WARNING:VRAMMonitor:🚨 [警告] LiveCC 佔用過多 VRAM (15.57 GB 超過 15.0 GB)！
INFO:VRAMMonitor:🔄 正在為 LiveCC 進行 VRAM 回收與清理 (empty_cache)...
INFO:VRAMMonitor:✅ 清理完成，LiveCC 目前佔用 VRAM: 15.57 GB | 保留: 15.62 GB
INFO:VRAMMonitor:[LiveCC] 運行中佔用 VRAM: 15.65 GB | 保留(Reserved): 16.60 GB
WARNING:VRAMMonitor:🚨 [警告] LiveCC 佔用過多 VRAM (15.65 GB 超過 15.0 GB)！
INFO:VRAMMonitor:🔄 正在為 LiveCC 進行 VRAM 回收與清理 (empty_cache)...
INFO:VRAMMonitor:✅ 清理完成，LiveCC 目前佔用 VRAM: 15.65 GB | 保留: 15.71 GB
INFO:VRAMMonitor:[LiveCC] 運行中佔用 VRAM: 15.73 GB | 保留(Reserved): 16.69 GB
WARNING:VRAMMonitor:🚨 [警告] LiveCC 佔用過多 VRAM (15.73 GB 超過 15.0 GB)！
INFO:VRAMMonitor:🔄 正在為 LiveCC 進行 VRAM 回收與清理 (empty_cache)...
INFO:VRAMMonitor:✅ 清理完成，LiveCC 目前佔用 VRAM: 15.73 GB | 保留: 15.82 GB
INFO:VRAMMonitor:[LiveCC] 運行中佔用 VRAM: 15.82 GB | 保留(Reserved): 16.79 GB
WARNING:VRAMMonitor:🚨 [警告] LiveCC 佔用過多 VRAM (15.82 GB 超過 15.0 GB)！
INFO:VRAMMonitor:🔄 正在為 LiveCC 進行 VRAM 回收與清理 (empty_cache)...
INFO:VRAMMonitor:✅ 清理完成，LiveCC 目前佔用 VRAM: 15.82 GB | 保留: 15.88 GB
INFO:VRAMMonitor:[LiveCC] 運行中佔用 VRAM: 15.90 GB | 保留(Reserved): 16.88 GB
WARNING:VRAMMonitor:🚨 [警告] LiveCC 佔用過多 VRAM (15.90 GB 超過 15.0 GB)！
INFO:VRAMMonitor:🔄 正在為 LiveCC 進行 VRAM 回收與清理 (empty_cache)...
INFO:VRAMMonitor:✅ 清理完成，LiveCC 目前佔用 VRAM: 15.90 GB | 保留: 15.96 GB
INFO:VRAMMonitor:[LiveCC] 運行中佔用 VRAM: 15.97 GB | 保留(Reserved): 16.94 GB
WARNING:VRAMMonitor:🚨 [警告] LiveCC 佔用過多 VRAM (15.97 GB 超過 15.0 GB)！
INFO:VRAMMonitor:🔄 正在為 LiveCC 進行 VRAM 回收與清理 (empty_cache)...
INFO:VRAMMonitor:✅ 清理完成，LiveCC 目前佔用 VRAM: 15.97 GB | 保留: 16.18 GB
INFO:VRAMMonitor:[LiveCC] 運行中佔用 VRAM: 15.57 GB | 保留(Reserved): 16.90 GB
WARNING:VRAMMonitor:🚨 [警告] LiveCC 佔用過多 VRAM (15.57 GB 超過 15.0 GB)！
INFO:VRAMMonitor:🔄 正在為 LiveCC 進行 VRAM 回收與清理 (empty_cache)...
INFO:VRAMMonitor:✅ 清理完成，LiveCC 目前佔用 VRAM: 15.57 GB | 保留: 15.61 GB
INFO:VRAMMonitor:[LiveCC] 運行中佔用 VRAM: 15.65 GB | 保留(Reserved): 16.59 GB
WARNING:VRAMMonitor:🚨 [警告] LiveCC 佔用過多 VRAM (15.65 GB 超過 15.0 GB)！
INFO:VRAMMonitor:🔄 正在為 LiveCC 進行 VRAM 回收與清理 (empty_cache)...
INFO:VRAMMonitor:✅ 清理完成，LiveCC 目前佔用 VRAM: 15.65 GB | 保留: 15.70 GB
INFO:VRAMMonitor:[LiveCC] 運行中佔用 VRAM: 15.73 GB | 保留(Reserved): 16.67 GB
WARNING:VRAMMonitor:🚨 [警告] LiveCC 佔用過多 VRAM (15.73 GB 超過 15.0 GB)！
INFO:VRAMMonitor:🔄 正在為 LiveCC 進行 VRAM 回收與清理 (empty_cache)...
INFO:VRAMMonitor:✅ 清理完成，LiveCC 目前佔用 VRAM: 15.73 GB | 保留: 15.82 GB
INFO:VRAMMonitor:[LiveCC] 運行中佔用 VRAM: 15.82 GB | 保留(Reserved): 16.79 GB
WARNING:VRAMMonitor:🚨 [警告] LiveCC 佔用過多 VRAM (15.82 GB 超過 15.0 GB)！
INFO:VRAMMonitor:🔄 正在為 LiveCC 進行 VRAM 回收與清理 (empty_cache)...
INFO:VRAMMonitor:✅ 清理完成，LiveCC 目前佔用 VRAM: 15.82 GB | 保留: 15.88 GB
INFO:VRAMMonitor:[LiveCC] 運行中佔用 VRAM: 15.90 GB | 保留(Reserved): 16.88 GB
WARNING:VRAMMonitor:🚨 [警告] LiveCC 佔用過多 VRAM (15.90 GB 超過 15.0 GB)！
INFO:VRAMMonitor:🔄 正在為 LiveCC 進行 VRAM 回收與清理 (empty_cache)...
INFO:VRAMMonitor:✅ 清理完成，LiveCC 目前佔用 VRAM: 15.90 GB | 保留: 15.97 GB
INFO:VRAMMonitor:[LiveCC] 運行中佔用 VRAM: 15.97 GB | 保留(Reserved): 16.95 GB
WARNING:VRAMMonitor:🚨 [警告] LiveCC 佔用過多 VRAM (15.97 GB 超過 15.0 GB)！
INFO:VRAMMonitor:🔄 正在為 LiveCC 進行 VRAM 回收與清理 (empty_cache)...
INFO:VRAMMonitor:✅ 清理完成，LiveCC 目前佔用 VRAM: 15.97 GB | 保留: 16.16 GB
INFO:VRAMMonitor:[LiveCC] 運行中佔用 VRAM: 15.57 GB | 保留(Reserved): 16.88 GB
WARNING:VRAMMonitor:🚨 [警告] LiveCC 佔用過多 VRAM (15.57 GB 超過 15.0 GB)！
INFO:VRAMMonitor:🔄 正在為 LiveCC 進行 VRAM 回收與清理 (empty_cache)...
INFO:VRAMMonitor:✅ 清理完成，LiveCC 目前佔用 VRAM: 15.57 GB | 保留: 15.62 GB
INFO:VRAMMonitor:[LiveCC] 運行中佔用 VRAM: 15.65 GB | 保留(Reserved): 16.60 GB
WARNING:VRAMMonitor:🚨 [警告] LiveCC 佔用過多 VRAM (15.65 GB 超過 15.0 GB)！
INFO:VRAMMonitor:🔄 正在為 LiveCC 進行 VRAM 回收與清理 (empty_cache)...
INFO:VRAMMonitor:✅ 清理完成，LiveCC 目前佔用 VRAM: 15.65 GB | 保留: 15.71 GB
INFO:VRAMMonitor:[LiveCC] 運行中佔用 VRAM: 15.73 GB | 保留(Reserved): 16.69 GB
WARNING:VRAMMonitor:🚨 [警告] LiveCC 佔用過多 VRAM (15.73 GB 超過 15.0 GB)！
INFO:VRAMMonitor:🔄 正在為 LiveCC 進行 VRAM 回收與清理 (empty_cache)...
INFO:VRAMMonitor:✅ 清理完成，LiveCC 目前佔用 VRAM: 15.73 GB | 保留: 15.79 GB
INFO:VRAMMonitor:[LiveCC] 運行中佔用 VRAM: 15.82 GB | 保留(Reserved): 16.79 GB
WARNING:VRAMMonitor:🚨 [警告] LiveCC 佔用過多 VRAM (15.82 GB 超過 15.0 GB)！
INFO:VRAMMonitor:🔄 正在為 LiveCC 進行 VRAM 回收與清理 (empty_cache)...
INFO:VRAMMonitor:✅ 清理完成，LiveCC 目前佔用 VRAM: 15.82 GB | 保留: 15.90 GB
INFO:VRAMMonitor:[LiveCC] 運行中佔用 VRAM: 15.90 GB | 保留(Reserved): 16.88 GB
WARNING:VRAMMonitor:🚨 [警告] LiveCC 佔用過多 VRAM (15.90 GB 超過 15.0 GB)！
INFO:VRAMMonitor:🔄 正在為 LiveCC 進行 VRAM 回收與清理 (empty_cache)...
INFO:VRAMMonitor:✅ 清理完成，LiveCC 目前佔用 VRAM: 15.90 GB | 保留: 15.93 GB
INFO:VRAMMonitor:[LiveCC] 運行中佔用 VRAM: 15.97 GB | 保留(Reserved): 16.92 GB
WARNING:VRAMMonitor:🚨 [警告] LiveCC 佔用過多 VRAM (15.97 GB 超過 15.0 GB)！
INFO:VRAMMonitor:🔄 正在為 LiveCC 進行 VRAM 回收與清理 (empty_cache)...
INFO:VRAMMonitor:✅ 清理完成，LiveCC 目前佔用 VRAM: 15.97 GB | 保留: 16.16 GB
INFO:VRAMMonitor:[LiveCC] 運行中佔用 VRAM: 15.57 GB | 保留(Reserved): 16.88 GB
WARNING:VRAMMonitor:🚨 [警告] LiveCC 佔用過多 VRAM (15.57 GB 超過 15.0 GB)！
INFO:VRAMMonitor:🔄 正在為 LiveCC 進行 VRAM 回收與清理 (empty_cache)...
INFO:VRAMMonitor:✅ 清理完成，LiveCC 目前佔用 VRAM: 15.57 GB | 保留: 15.62 GB
INFO:VRAMMonitor:[LiveCC] 運行中佔用 VRAM: 15.65 GB | 保留(Reserved): 16.60 GB
WARNING:VRAMMonitor:🚨 [警告] LiveCC 佔用過多 VRAM (15.65 GB 超過 15.0 GB)！
INFO:VRAMMonitor:🔄 正在為 LiveCC 進行 VRAM 回收與清理 (empty_cache)...
INFO:VRAMMonitor:✅ 清理完成，LiveCC 目前佔用 VRAM: 15.65 GB | 保留: 15.71 GB
INFO:VRAMMonitor:[LiveCC] 運行中佔用 VRAM: 15.73 GB | 保留(Reserved): 16.69 GB
WARNING:VRAMMonitor:🚨 [警告] LiveCC 佔用過多 VRAM (15.73 GB 超過 15.0 GB)！
INFO:VRAMMonitor:🔄 正在為 LiveCC 進行 VRAM 回收與清理 (empty_cache)...
INFO:VRAMMonitor:✅ 清理完成，LiveCC 目前佔用 VRAM: 15.73 GB | 保留: 15.82 GB
INFO:VRAMMonitor:[LiveCC] 運行中佔用 VRAM: 15.82 GB | 保留(Reserved): 16.81 GB
WARNING:VRAMMonitor:🚨 [警告] LiveCC 佔用過多 VRAM (15.82 GB 超過 15.0 GB)！
INFO:VRAMMonitor:🔄 正在為 LiveCC 進行 VRAM 回收與清理 (empty_cache)...
INFO:VRAMMonitor:✅ 清理完成，LiveCC 目前佔用 VRAM: 15.82 GB | 保留: 15.91 GB
INFO:VRAMMonitor:[LiveCC] 運行中佔用 VRAM: 15.90 GB | 保留(Reserved): 16.88 GB
WARNING:VRAMMonitor:🚨 [警告] LiveCC 佔用過多 VRAM (15.90 GB 超過 15.0 GB)！
INFO:VRAMMonitor:🔄 正在為 LiveCC 進行 VRAM 回收與清理 (empty_cache)...
INFO:VRAMMonitor:✅ 清理完成，LiveCC 目前佔用 VRAM: 15.90 GB | 保留: 15.94 GB
INFO:VRAMMonitor:[LiveCC] 運行中佔用 VRAM: 15.98 GB | 保留(Reserved): 16.93 GB
WARNING:VRAMMonitor:🚨 [警告] LiveCC 佔用過多 VRAM (15.98 GB 超過 15.0 GB)！
INFO:VRAMMonitor:🔄 正在為 LiveCC 進行 VRAM 回收與清理 (empty_cache)...
INFO:VRAMMonitor:✅ 清理完成，LiveCC 目前佔用 VRAM: 15.98 GB | 保留: 16.16 GB
INFO:VRAMMonitor:[LiveCC] 運行中佔用 VRAM: 15.57 GB | 保留(Reserved): 16.83 GB
WARNING:VRAMMonitor:🚨 [警告] LiveCC 佔用過多 VRAM (15.57 GB 超過 15.0 GB)！
INFO:VRAMMonitor:🔄 正在為 LiveCC 進行 VRAM 回收與清理 (empty_cache)...
INFO:VRAMMonitor:✅ 清理完成，LiveCC 目前佔用 VRAM: 15.57 GB | 保留: 15.62 GB
INFO:VRAMMonitor:[LiveCC] 運行中佔用 VRAM: 15.65 GB | 保留(Reserved): 16.60 GB
WARNING:VRAMMonitor:🚨 [警告] LiveCC 佔用過多 VRAM (15.65 GB 超過 15.0 GB)！
INFO:VRAMMonitor:🔄 正在為 LiveCC 進行 VRAM 回收與清理 (empty_cache)...
INFO:VRAMMonitor:✅ 清理完成，LiveCC 目前佔用 VRAM: 15.65 GB | 保留: 15.69 GB
INFO:VRAMMonitor:[LiveCC] 運行中佔用 VRAM: 15.73 GB | 保留(Reserved): 16.69 GB
WARNING:VRAMMonitor:🚨 [警告] LiveCC 佔用過多 VRAM (15.73 GB 超過 15.0 GB)！
INFO:VRAMMonitor:🔄 正在為 LiveCC 進行 VRAM 回收與清理 (empty_cache)...
INFO:VRAMMonitor:✅ 清理完成，LiveCC 目前佔用 VRAM: 15.73 GB | 保留: 15.82 GB
INFO:VRAMMonitor:[LiveCC] 運行中佔用 VRAM: 15.82 GB | 保留(Reserved): 16.80 GB
WARNING:VRAMMonitor:🚨 [警告] LiveCC 佔用過多 VRAM (15.82 GB 超過 15.0 GB)！
INFO:VRAMMonitor:🔄 正在為 LiveCC 進行 VRAM 回收與清理 (empty_cache)...
INFO:VRAMMonitor:✅ 清理完成，LiveCC 目前佔用 VRAM: 15.82 GB | 保留: 15.90 GB
INFO:VRAMMonitor:[LiveCC] 運行中佔用 VRAM: 15.90 GB | 保留(Reserved): 16.88 GB
WARNING:VRAMMonitor:🚨 [警告] LiveCC 佔用過多 VRAM (15.90 GB 超過 15.0 GB)！
INFO:VRAMMonitor:🔄 正在為 LiveCC 進行 VRAM 回收與清理 (empty_cache)...
INFO:VRAMMonitor:✅ 清理完成，LiveCC 目前佔用 VRAM: 15.90 GB | 保留: 15.96 GB
INFO:VRAMMonitor:[LiveCC] 運行中佔用 VRAM: 15.98 GB | 保留(Reserved): 16.93 GB
WARNING:VRAMMonitor:🚨 [警告] LiveCC 佔用過多 VRAM (15.98 GB 超過 15.0 GB)！
INFO:VRAMMonitor:🔄 正在為 LiveCC 進行 VRAM 回收與清理 (empty_cache)...
INFO:VRAMMonitor:✅ 清理完成，LiveCC 目前佔用 VRAM: 15.98 GB | 保留: 16.16 GB
INFO:root:[LiveCCWorker] Cleared cached video readers on stop request
INFO:root:[LiveCCWorker] Stop requested, breaking inference loop
INFO:root:[LiveCCWorker] LiveCC inference finished. Took 108.85 s
INFO:root:[LiveCCWorker] Cleared cached video readers after inference
INFO:VRAMMonitor:[LiveCC] 初始化佔用淨 VRAM: 15.44 GB (載入前 0.00GB -> 載入後 15.44GB)
INFO:root:[LiveCCWorker] Start LiveCC inference on: /home/miislab-server5/miis_broadcast_poyu/miis_broadcast/examples/basketball_1080p_02.mp4
INFO:root:[LiveCCWorker] Cleared cached video readers
INFO:VRAMMonitor:[LiveCC] 運行中佔用 VRAM: 15.64 GB | 保留(Reserved): 17.12 GB
INFO:VRAMMonitor:[LiveCC] 運行中佔用 VRAM: 15.70 GB | 保留(Reserved): 17.12 GB
INFO:VRAMMonitor:[LiveCC] 運行中佔用 VRAM: 15.78 GB | 保留(Reserved): 17.12 GB
INFO:VRAMMonitor:[LiveCC] 運行中佔用 VRAM: 15.86 GB | 保留(Reserved): 17.12 GB
INFO:VRAMMonitor:[LiveCC] 運行中佔用 VRAM: 15.94 GB | 保留(Reserved): 17.12 GB
INFO:VRAMMonitor:[LiveCC] 運行中佔用 VRAM: 15.57 GB | 保留(Reserved): 17.12 GB
INFO:VRAMMonitor:[LiveCC] 運行中佔用 VRAM: 15.65 GB | 保留(Reserved): 17.12 GB
INFO:VRAMMonitor:[LiveCC] 運行中佔用 VRAM: 15.73 GB | 保留(Reserved): 17.12 GB
INFO:VRAMMonitor:[LiveCC] 運行中佔用 VRAM: 15.81 GB | 保留(Reserved): 17.12 GB
INFO:VRAMMonitor:[LiveCC] 運行中佔用 VRAM: 15.89 GB | 保留(Reserved): 17.12 GB
INFO:VRAMMonitor:[LiveCC] 運行中佔用 VRAM: 15.57 GB | 保留(Reserved): 17.12 GB
INFO:VRAMMonitor:[LiveCC] 運行中佔用 VRAM: 15.65 GB | 保留(Reserved): 17.12 GB
INFO:VRAMMonitor:[LiveCC] 運行中佔用 VRAM: 15.73 GB | 保留(Reserved): 17.12 GB
INFO:VRAMMonitor:[LiveCC] 運行中佔用 VRAM: 15.81 GB | 保留(Reserved): 17.12 GB
INFO:VRAMMonitor:[LiveCC] 運行中佔用 VRAM: 15.90 GB | 保留(Reserved): 17.12 GB
INFO:VRAMMonitor:[LiveCC] 運行中佔用 VRAM: 15.98 GB | 保留(Reserved): 17.12 GB
INFO:VRAMMonitor:[LiveCC] 運行中佔用 VRAM: 15.57 GB | 保留(Reserved): 17.12 GB
INFO:VRAMMonitor:[LiveCC] 運行中佔用 VRAM: 15.65 GB | 保留(Reserved): 17.12 GB
INFO:VRAMMonitor:[LiveCC] 運行中佔用 VRAM: 15.73 GB | 保留(Reserved): 17.12 GB
INFO:VRAMMonitor:[LiveCC] 運行中佔用 VRAM: 15.81 GB | 保留(Reserved): 17.12 GB
INFO:VRAMMonitor:[LiveCC] 運行中佔用 VRAM: 15.90 GB | 保留(Reserved): 17.12 GB
INFO:VRAMMonitor:[LiveCC] 運行中佔用 VRAM: 15.98 GB | 保留(Reserved): 17.12 GB
INFO:VRAMMonitor:[LiveCC] 運行中佔用 VRAM: 15.57 GB | 保留(Reserved): 17.12 GB
INFO:VRAMMonitor:[LiveCC] 運行中佔用 VRAM: 15.65 GB | 保留(Reserved): 17.12 GB
INFO:VRAMMonitor:[LiveCC] 運行中佔用 VRAM: 15.73 GB | 保留(Reserved): 17.12 GB
INFO:root:[LiveCCWorker] Stop requested, breaking inference loop
INFO:root:[LiveCCWorker] LiveCC inference finished. Took 52.25 s
INFO:root:[LiveCCWorker] Cleared cached video readers after inference
INFO:root:[LiveCCWorker] Cleared cached video readers on stop request
INFO:root:[LiveCCWorker] Start LiveCC inference on: /home/miislab-server5/miis_broadcast_poyu/miis_broadcast/examples/遊戲小人大.mp4
INFO:root:[LiveCCWorker] Cleared cached video readers
INFO:VRAMMonitor:[LiveCC] 運行中佔用 VRAM: 15.64 GB | 保留(Reserved): 17.12 GB
INFO:VRAMMonitor:[LiveCC] 運行中佔用 VRAM: 15.72 GB | 保留(Reserved): 17.12 GB
INFO:VRAMMonitor:[LiveCC] 運行中佔用 VRAM: 15.78 GB | 保留(Reserved): 17.12 GB
INFO:VRAMMonitor:[LiveCC] 運行中佔用 VRAM: 15.86 GB | 保留(Reserved): 17.12 GB
INFO:VRAMMonitor:[LiveCC] 運行中佔用 VRAM: 15.94 GB | 保留(Reserved): 17.12 GB
INFO:VRAMMonitor:[LiveCC] 運行中佔用 VRAM: 15.57 GB | 保留(Reserved): 17.12 GB
INFO:VRAMMonitor:[LiveCC] 運行中佔用 VRAM: 15.65 GB | 保留(Reserved): 17.12 GB
INFO:VRAMMonitor:[LiveCC] 運行中佔用 VRAM: 15.73 GB | 保留(Reserved): 17.12 GB
INFO:VRAMMonitor:[LiveCC] 運行中佔用 VRAM: 15.81 GB | 保留(Reserved): 17.12 GB
INFO:VRAMMonitor:[LiveCC] 運行中佔用 VRAM: 15.89 GB | 保留(Reserved): 17.12 GB
INFO:VRAMMonitor:[LiveCC] 運行中佔用 VRAM: 15.98 GB | 保留(Reserved): 17.12 GB
INFO:VRAMMonitor:[LiveCC] 運行中佔用 VRAM: 15.57 GB | 保留(Reserved): 17.12 GB
INFO:VRAMMonitor:[LiveCC] 運行中佔用 VRAM: 15.65 GB | 保留(Reserved): 17.12 GB
INFO:VRAMMonitor:[LiveCC] 運行中佔用 VRAM: 15.73 GB | 保留(Reserved): 17.12 GB
INFO:VRAMMonitor:[LiveCC] 運行中佔用 VRAM: 15.81 GB | 保留(Reserved): 17.12 GB
INFO:VRAMMonitor:[LiveCC] 運行中佔用 VRAM: 15.89 GB | 保留(Reserved): 17.12 GB
INFO:VRAMMonitor:[LiveCC] 運行中佔用 VRAM: 15.97 GB | 保留(Reserved): 17.12 GB
INFO:VRAMMonitor:[LiveCC] 運行中佔用 VRAM: 15.57 GB | 保留(Reserved): 17.12 GB
INFO:VRAMMonitor:[LiveCC] 運行中佔用 VRAM: 15.65 GB | 保留(Reserved): 17.12 GB
INFO:VRAMMonitor:[LiveCC] 運行中佔用 VRAM: 15.73 GB | 保留(Reserved): 17.12 GB
INFO:VRAMMonitor:[LiveCC] 運行中佔用 VRAM: 15.81 GB | 保留(Reserved): 17.12 GB
INFO:VRAMMonitor:[LiveCC] 運行中佔用 VRAM: 15.89 GB | 保留(Reserved): 17.12 GB
INFO:VRAMMonitor:[LiveCC] 運行中佔用 VRAM: 15.97 GB | 保留(Reserved): 17.12 GB
INFO:VRAMMonitor:[LiveCC] 運行中佔用 VRAM: 15.57 GB | 保留(Reserved): 17.12 GB
INFO:VRAMMonitor:[LiveCC] 運行中佔用 VRAM: 15.65 GB | 保留(Reserved): 17.12 GB
INFO:VRAMMonitor:[LiveCC] 運行中佔用 VRAM: 15.73 GB | 保留(Reserved): 17.12 GB
INFO:VRAMMonitor:[LiveCC] 運行中佔用 VRAM: 15.81 GB | 保留(Reserved): 17.12 GB
INFO:VRAMMonitor:[LiveCC] 運行中佔用 VRAM: 15.89 GB | 保留(Reserved): 17.12 GB
INFO:VRAMMonitor:[LiveCC] 運行中佔用 VRAM: 15.58 GB | 保留(Reserved): 17.12 GB
INFO:root:[LiveCCWorker] Stop requested, breaking inference loop
INFO:root:[LiveCCWorker] LiveCC inference finished. Took 61.01 s
INFO:root:[LiveCCWorker] Cleared cached video readers after inference
INFO:root:[LiveCCWorker] Cleared cached video readers on stop request
INFO:root:[LiveCCWorker] Start LiveCC inference on: /home/miislab-server5/miis_broadcast_poyu/miis_broadcast/examples/遊戲小人大.mp4
INFO:root:[LiveCCWorker] Cleared cached video readers
INFO:root:[LiveCCWorker] Cleared cached video readers on stop request
INFO:VRAMMonitor:[LiveCC] 運行中佔用 VRAM: 15.64 GB | 保留(Reserved): 17.12 GB
INFO:root:[LiveCCWorker] Stop requested, breaking inference loop
INFO:root:[LiveCCWorker] LiveCC inference finished. Took 1.32 s
INFO:root:[LiveCCWorker] Cleared cached video readers after inference
INFO:root:[LiveCCWorker] Start LiveCC inference on: /home/miislab-server5/miis_broadcast_poyu/miis_broadcast/examples/散剪.mp4
INFO:root:[LiveCCWorker] Cleared cached video readers
INFO:VRAMMonitor:[LiveCC] 運行中佔用 VRAM: 15.64 GB | 保留(Reserved): 17.12 GB
INFO:VRAMMonitor:[LiveCC] 運行中佔用 VRAM: 15.72 GB | 保留(Reserved): 17.12 GB
INFO:VRAMMonitor:[LiveCC] 運行中佔用 VRAM: 15.78 GB | 保留(Reserved): 17.12 GB
INFO:VRAMMonitor:[LiveCC] 運行中佔用 VRAM: 15.86 GB | 保留(Reserved): 17.12 GB
INFO:VRAMMonitor:[LiveCC] 運行中佔用 VRAM: 15.94 GB | 保留(Reserved): 17.12 GB
INFO:VRAMMonitor:[LiveCC] 運行中佔用 VRAM: 15.57 GB | 保留(Reserved): 17.12 GB
INFO:VRAMMonitor:[LiveCC] 運行中佔用 VRAM: 15.65 GB | 保留(Reserved): 17.12 GB
INFO:VRAMMonitor:[LiveCC] 運行中佔用 VRAM: 15.73 GB | 保留(Reserved): 17.12 GB
INFO:VRAMMonitor:[LiveCC] 運行中佔用 VRAM: 15.81 GB | 保留(Reserved): 17.12 GB
INFO:VRAMMonitor:[LiveCC] 運行中佔用 VRAM: 15.89 GB | 保留(Reserved): 17.12 GB
INFO:VRAMMonitor:[LiveCC] 運行中佔用 VRAM: 15.97 GB | 保留(Reserved): 17.12 GB
INFO:VRAMMonitor:[LiveCC] 運行中佔用 VRAM: 15.57 GB | 保留(Reserved): 17.12 GB
INFO:VRAMMonitor:[LiveCC] 運行中佔用 VRAM: 15.65 GB | 保留(Reserved): 17.12 GB
INFO:VRAMMonitor:[LiveCC] 運行中佔用 VRAM: 15.73 GB | 保留(Reserved): 17.12 GB
INFO:VRAMMonitor:[LiveCC] 運行中佔用 VRAM: 15.81 GB | 保留(Reserved): 17.12 GB
INFO:VRAMMonitor:[LiveCC] 運行中佔用 VRAM: 15.89 GB | 保留(Reserved): 17.12 GB
INFO:VRAMMonitor:[LiveCC] 運行中佔用 VRAM: 15.97 GB | 保留(Reserved): 17.12 GB
INFO:VRAMMonitor:[LiveCC] 運行中佔用 VRAM: 15.57 GB | 保留(Reserved): 17.12 GB
INFO:VRAMMonitor:[LiveCC] 運行中佔用 VRAM: 15.65 GB | 保留(Reserved): 17.12 GB
INFO:VRAMMonitor:[LiveCC] 運行中佔用 VRAM: 15.73 GB | 保留(Reserved): 17.12 GB
INFO:VRAMMonitor:[LiveCC] 運行中佔用 VRAM: 15.81 GB | 保留(Reserved): 17.12 GB
INFO:VRAMMonitor:[LiveCC] 運行中佔用 VRAM: 15.89 GB | 保留(Reserved): 17.12 GB
INFO:VRAMMonitor:[LiveCC] 運行中佔用 VRAM: 15.57 GB | 保留(Reserved): 17.12 GB
INFO:VRAMMonitor:[LiveCC] 運行中佔用 VRAM: 15.65 GB | 保留(Reserved): 17.12 GB
INFO:VRAMMonitor:[LiveCC] 運行中佔用 VRAM: 15.73 GB | 保留(Reserved): 17.12 GB
INFO:VRAMMonitor:[LiveCC] 運行中佔用 VRAM: 15.81 GB | 保留(Reserved): 17.12 GB
INFO:VRAMMonitor:[LiveCC] 運行中佔用 VRAM: 15.89 GB | 保留(Reserved): 17.12 GB
INFO:VRAMMonitor:[LiveCC] 運行中佔用 VRAM: 15.98 GB | 保留(Reserved): 17.12 GB
INFO:VRAMMonitor:[LiveCC] 運行中佔用 VRAM: 15.57 GB | 保留(Reserved): 17.12 GB
INFO:root:[LiveCCWorker] Cleared cached video readers on stop request
INFO:root:[LiveCCWorker] Stop requested, breaking inference loop
INFO:root:[LiveCCWorker] LiveCC inference finished. Took 60.98 s
INFO:root:[LiveCCWorker] Cleared cached video readers after inference
INFO:VRAMMonitor:[LiveCC] 初始化佔用淨 VRAM: 15.44 GB (載入前 0.00GB -> 載入後 15.44GB)
INFO:root:[LiveCCWorker] Start LiveCC inference on: /home/miislab-server5/miis_broadcast_poyu/miis_broadcast/examples/basketball_1080p.mp4
INFO:root:[LiveCCWorker] Cleared cached video readers
INFO:VRAMMonitor:[LiveCC] 運行中佔用 VRAM: 15.64 GB | 保留(Reserved): 17.12 GB
INFO:VRAMMonitor:[LiveCC] 運行中佔用 VRAM: 15.71 GB | 保留(Reserved): 17.12 GB
INFO:VRAMMonitor:[LiveCC] 運行中佔用 VRAM: 15.78 GB | 保留(Reserved): 17.12 GB
INFO:VRAMMonitor:[LiveCC] 運行中佔用 VRAM: 15.86 GB | 保留(Reserved): 17.12 GB
INFO:VRAMMonitor:[LiveCC] 運行中佔用 VRAM: 15.94 GB | 保留(Reserved): 17.12 GB
INFO:VRAMMonitor:[LiveCC] 運行中佔用 VRAM: 15.57 GB | 保留(Reserved): 17.12 GB
INFO:VRAMMonitor:[LiveCC] 運行中佔用 VRAM: 15.65 GB | 保留(Reserved): 17.12 GB
INFO:VRAMMonitor:[LiveCC] 運行中佔用 VRAM: 15.73 GB | 保留(Reserved): 17.12 GB
INFO:VRAMMonitor:[LiveCC] 運行中佔用 VRAM: 15.81 GB | 保留(Reserved): 17.12 GB
INFO:VRAMMonitor:[LiveCC] 運行中佔用 VRAM: 15.89 GB | 保留(Reserved): 17.12 GB
INFO:VRAMMonitor:[LiveCC] 運行中佔用 VRAM: 15.97 GB | 保留(Reserved): 17.12 GB
INFO:VRAMMonitor:[LiveCC] 運行中佔用 VRAM: 15.57 GB | 保留(Reserved): 17.12 GB
INFO:VRAMMonitor:[LiveCC] 運行中佔用 VRAM: 15.65 GB | 保留(Reserved): 17.12 GB
INFO:VRAMMonitor:[LiveCC] 運行中佔用 VRAM: 15.73 GB | 保留(Reserved): 17.12 GB
INFO:VRAMMonitor:[LiveCC] 運行中佔用 VRAM: 15.81 GB | 保留(Reserved): 17.12 GB
INFO:VRAMMonitor:[LiveCC] 運行中佔用 VRAM: 15.89 GB | 保留(Reserved): 17.12 GB
INFO:VRAMMonitor:[LiveCC] 運行中佔用 VRAM: 15.98 GB | 保留(Reserved): 17.12 GB
INFO:VRAMMonitor:[LiveCC] 運行中佔用 VRAM: 15.57 GB | 保留(Reserved): 17.12 GB
INFO:VRAMMonitor:[LiveCC] 運行中佔用 VRAM: 15.65 GB | 保留(Reserved): 17.12 GB
INFO:VRAMMonitor:[LiveCC] 運行中佔用 VRAM: 15.73 GB | 保留(Reserved): 17.12 GB
INFO:VRAMMonitor:[LiveCC] 運行中佔用 VRAM: 15.81 GB | 保留(Reserved): 17.12 GB
INFO:VRAMMonitor:[LiveCC] 運行中佔用 VRAM: 15.90 GB | 保留(Reserved): 17.12 GB
INFO:VRAMMonitor:[LiveCC] 運行中佔用 VRAM: 15.98 GB | 保留(Reserved): 17.12 GB
INFO:VRAMMonitor:[LiveCC] 運行中佔用 VRAM: 15.57 GB | 保留(Reserved): 17.12 GB
INFO:VRAMMonitor:[LiveCC] 運行中佔用 VRAM: 15.65 GB | 保留(Reserved): 17.12 GB
INFO:VRAMMonitor:[LiveCC] 運行中佔用 VRAM: 15.74 GB | 保留(Reserved): 17.12 GB
INFO:VRAMMonitor:[LiveCC] 運行中佔用 VRAM: 15.82 GB | 保留(Reserved): 17.12 GB
INFO:VRAMMonitor:[LiveCC] 運行中佔用 VRAM: 15.90 GB | 保留(Reserved): 17.12 GB
INFO:VRAMMonitor:[LiveCC] 運行中佔用 VRAM: 15.57 GB | 保留(Reserved): 17.12 GB
INFO:VRAMMonitor:[LiveCC] 運行中佔用 VRAM: 15.65 GB | 保留(Reserved): 17.12 GB
INFO:VRAMMonitor:[LiveCC] 運行中佔用 VRAM: 15.73 GB | 保留(Reserved): 17.12 GB
INFO:VRAMMonitor:[LiveCC] 運行中佔用 VRAM: 15.81 GB | 保留(Reserved): 17.12 GB
INFO:VRAMMonitor:[LiveCC] 運行中佔用 VRAM: 15.89 GB | 保留(Reserved): 17.12 GB
INFO:VRAMMonitor:[LiveCC] 運行中佔用 VRAM: 15.97 GB | 保留(Reserved): 17.12 GB
INFO:VRAMMonitor:[LiveCC] 運行中佔用 VRAM: 15.57 GB | 保留(Reserved): 17.12 GB
INFO:VRAMMonitor:[LiveCC] 運行中佔用 VRAM: 15.65 GB | 保留(Reserved): 17.12 GB
INFO:VRAMMonitor:[LiveCC] 運行中佔用 VRAM: 15.73 GB | 保留(Reserved): 17.12 GB
INFO:VRAMMonitor:[LiveCC] 運行中佔用 VRAM: 15.81 GB | 保留(Reserved): 17.12 GB
INFO:VRAMMonitor:[LiveCC] 運行中佔用 VRAM: 15.90 GB | 保留(Reserved): 17.12 GB
INFO:VRAMMonitor:[LiveCC] 運行中佔用 VRAM: 15.57 GB | 保留(Reserved): 17.12 GB
INFO:VRAMMonitor:[LiveCC] 運行中佔用 VRAM: 15.65 GB | 保留(Reserved): 17.12 GB
INFO:VRAMMonitor:[LiveCC] 運行中佔用 VRAM: 15.73 GB | 保留(Reserved): 17.12 GB
INFO:VRAMMonitor:[LiveCC] 運行中佔用 VRAM: 15.81 GB | 保留(Reserved): 17.12 GB
INFO:VRAMMonitor:[LiveCC] 運行中佔用 VRAM: 15.90 GB | 保留(Reserved): 17.12 GB
INFO:VRAMMonitor:[LiveCC] 運行中佔用 VRAM: 15.98 GB | 保留(Reserved): 17.12 GB
INFO:VRAMMonitor:[LiveCC] 運行中佔用 VRAM: 15.57 GB | 保留(Reserved): 17.12 GB
INFO:VRAMMonitor:[LiveCC] 運行中佔用 VRAM: 15.65 GB | 保留(Reserved): 17.12 GB
INFO:VRAMMonitor:[LiveCC] 運行中佔用 VRAM: 15.73 GB | 保留(Reserved): 17.12 GB
INFO:VRAMMonitor:[LiveCC] 運行中佔用 VRAM: 15.81 GB | 保留(Reserved): 17.12 GB
INFO:VRAMMonitor:[LiveCC] 運行中佔用 VRAM: 15.89 GB | 保留(Reserved): 17.12 GB
INFO:VRAMMonitor:[LiveCC] 運行中佔用 VRAM: 15.97 GB | 保留(Reserved): 17.12 GB
INFO:VRAMMonitor:[LiveCC] 運行中佔用 VRAM: 15.57 GB | 保留(Reserved): 17.12 GB
INFO:VRAMMonitor:[LiveCC] 運行中佔用 VRAM: 15.65 GB | 保留(Reserved): 17.12 GB
INFO:VRAMMonitor:[LiveCC] 運行中佔用 VRAM: 15.73 GB | 保留(Reserved): 17.12 GB
INFO:VRAMMonitor:[LiveCC] 運行中佔用 VRAM: 15.81 GB | 保留(Reserved): 17.12 GB
INFO:VRAMMonitor:[LiveCC] 運行中佔用 VRAM: 15.89 GB | 保留(Reserved): 17.12 GB
INFO:VRAMMonitor:[LiveCC] 運行中佔用 VRAM: 15.98 GB | 保留(Reserved): 17.12 GB
INFO:VRAMMonitor:[LiveCC] 運行中佔用 VRAM: 15.57 GB | 保留(Reserved): 17.12 GB
INFO:VRAMMonitor:[LiveCC] 運行中佔用 VRAM: 15.65 GB | 保留(Reserved): 17.12 GB
INFO:VRAMMonitor:[LiveCC] 運行中佔用 VRAM: 15.73 GB | 保留(Reserved): 17.12 GB
INFO:VRAMMonitor:[LiveCC] 運行中佔用 VRAM: 15.81 GB | 保留(Reserved): 17.12 GB
INFO:VRAMMonitor:[LiveCC] 運行中佔用 VRAM: 15.90 GB | 保留(Reserved): 17.12 GB
INFO:VRAMMonitor:[LiveCC] 運行中佔用 VRAM: 15.98 GB | 保留(Reserved): 17.12 GB
INFO:VRAMMonitor:[LiveCC] 運行中佔用 VRAM: 15.57 GB | 保留(Reserved): 17.12 GB
INFO:VRAMMonitor:[LiveCC] 運行中佔用 VRAM: 15.65 GB | 保留(Reserved): 17.12 GB
INFO:VRAMMonitor:[LiveCC] 運行中佔用 VRAM: 15.73 GB | 保留(Reserved): 17.12 GB
INFO:VRAMMonitor:[LiveCC] 運行中佔用 VRAM: 15.81 GB | 保留(Reserved): 17.12 GB
INFO:VRAMMonitor:[LiveCC] 運行中佔用 VRAM: 15.90 GB | 保留(Reserved): 17.12 GB
INFO:VRAMMonitor:[LiveCC] 運行中佔用 VRAM: 15.98 GB | 保留(Reserved): 17.12 GB
INFO:VRAMMonitor:[LiveCC] 運行中佔用 VRAM: 15.58 GB | 保留(Reserved): 17.12 GB
INFO:VRAMMonitor:[LiveCC] 運行中佔用 VRAM: 15.66 GB | 保留(Reserved): 17.12 GB
INFO:VRAMMonitor:[LiveCC] 運行中佔用 VRAM: 15.74 GB | 保留(Reserved): 17.12 GB
INFO:VRAMMonitor:[LiveCC] 運行中佔用 VRAM: 15.82 GB | 保留(Reserved): 17.12 GB
INFO:VRAMMonitor:[LiveCC] 運行中佔用 VRAM: 15.90 GB | 保留(Reserved): 17.12 GB
INFO:VRAMMonitor:[LiveCC] 運行中佔用 VRAM: 15.57 GB | 保留(Reserved): 17.12 GB
INFO:VRAMMonitor:[LiveCC] 運行中佔用 VRAM: 15.65 GB | 保留(Reserved): 17.12 GB
INFO:VRAMMonitor:[LiveCC] 運行中佔用 VRAM: 15.73 GB | 保留(Reserved): 17.12 GB
INFO:VRAMMonitor:[LiveCC] 運行中佔用 VRAM: 15.81 GB | 保留(Reserved): 17.12 GB
INFO:VRAMMonitor:[LiveCC] 運行中佔用 VRAM: 15.90 GB | 保留(Reserved): 17.12 GB
INFO:VRAMMonitor:[LiveCC] 運行中佔用 VRAM: 15.98 GB | 保留(Reserved): 17.12 GB
INFO:VRAMMonitor:[LiveCC] 運行中佔用 VRAM: 15.58 GB | 保留(Reserved): 17.12 GB
INFO:VRAMMonitor:[LiveCC] 運行中佔用 VRAM: 15.65 GB | 保留(Reserved): 17.12 GB
INFO:VRAMMonitor:[LiveCC] 運行中佔用 VRAM: 15.74 GB | 保留(Reserved): 17.12 GB
INFO:VRAMMonitor:[LiveCC] 運行中佔用 VRAM: 15.82 GB | 保留(Reserved): 17.12 GB
INFO:VRAMMonitor:[LiveCC] 運行中佔用 VRAM: 15.90 GB | 保留(Reserved): 17.12 GB
INFO:VRAMMonitor:[LiveCC] 運行中佔用 VRAM: 15.98 GB | 保留(Reserved): 17.12 GB
INFO:VRAMMonitor:[LiveCC] 運行中佔用 VRAM: 15.57 GB | 保留(Reserved): 17.12 GB
INFO:VRAMMonitor:[LiveCC] 運行中佔用 VRAM: 15.65 GB | 保留(Reserved): 17.12 GB
INFO:VRAMMonitor:[LiveCC] 運行中佔用 VRAM: 15.73 GB | 保留(Reserved): 17.12 GB
INFO:VRAMMonitor:[LiveCC] 運行中佔用 VRAM: 15.81 GB | 保留(Reserved): 17.12 GB
INFO:VRAMMonitor:[LiveCC] 運行中佔用 VRAM: 15.90 GB | 保留(Reserved): 17.12 GB
INFO:VRAMMonitor:[LiveCC] 運行中佔用 VRAM: 15.98 GB | 保留(Reserved): 17.12 GB
INFO:VRAMMonitor:[LiveCC] 運行中佔用 VRAM: 15.57 GB | 保留(Reserved): 17.12 GB
INFO:VRAMMonitor:[LiveCC] 運行中佔用 VRAM: 15.65 GB | 保留(Reserved): 17.12 GB
INFO:VRAMMonitor:[LiveCC] 運行中佔用 VRAM: 15.73 GB | 保留(Reserved): 17.12 GB
INFO:VRAMMonitor:[LiveCC] 運行中佔用 VRAM: 15.81 GB | 保留(Reserved): 17.12 GB
INFO:VRAMMonitor:[LiveCC] 運行中佔用 VRAM: 15.89 GB | 保留(Reserved): 17.12 GB
INFO:VRAMMonitor:[LiveCC] 運行中佔用 VRAM: 15.97 GB | 保留(Reserved): 17.12 GB
INFO:VRAMMonitor:[LiveCC] 運行中佔用 VRAM: 15.57 GB | 保留(Reserved): 17.12 GB
INFO:VRAMMonitor:[LiveCC] 運行中佔用 VRAM: 15.65 GB | 保留(Reserved): 17.12 GB
INFO:VRAMMonitor:[LiveCC] 運行中佔用 VRAM: 15.74 GB | 保留(Reserved): 17.12 GB
INFO:VRAMMonitor:[LiveCC] 運行中佔用 VRAM: 15.82 GB | 保留(Reserved): 17.12 GB
INFO:VRAMMonitor:[LiveCC] 運行中佔用 VRAM: 15.90 GB | 保留(Reserved): 17.12 GB
INFO:VRAMMonitor:[LiveCC] 運行中佔用 VRAM: 15.98 GB | 保留(Reserved): 17.12 GB
INFO:VRAMMonitor:[LiveCC] 運行中佔用 VRAM: 15.57 GB | 保留(Reserved): 17.12 GB
INFO:VRAMMonitor:[LiveCC] 運行中佔用 VRAM: 15.65 GB | 保留(Reserved): 17.12 GB
INFO:VRAMMonitor:[LiveCC] 運行中佔用 VRAM: 15.73 GB | 保留(Reserved): 17.12 GB
INFO:VRAMMonitor:[LiveCC] 運行中佔用 VRAM: 15.81 GB | 保留(Reserved): 17.12 GB
INFO:VRAMMonitor:[LiveCC] 運行中佔用 VRAM: 15.89 GB | 保留(Reserved): 17.12 GB
INFO:VRAMMonitor:[LiveCC] 運行中佔用 VRAM: 15.57 GB | 保留(Reserved): 17.12 GB
INFO:VRAMMonitor:[LiveCC] 運行中佔用 VRAM: 15.65 GB | 保留(Reserved): 17.12 GB
INFO:VRAMMonitor:[LiveCC] 運行中佔用 VRAM: 15.73 GB | 保留(Reserved): 17.12 GB
INFO:VRAMMonitor:[LiveCC] 運行中佔用 VRAM: 15.81 GB | 保留(Reserved): 17.12 GB
INFO:VRAMMonitor:[LiveCC] 運行中佔用 VRAM: 15.90 GB | 保留(Reserved): 17.12 GB
INFO:VRAMMonitor:[LiveCC] 運行中佔用 VRAM: 15.98 GB | 保留(Reserved): 17.12 GB
INFO:VRAMMonitor:[LiveCC] 運行中佔用 VRAM: 15.57 GB | 保留(Reserved): 17.12 GB
INFO:VRAMMonitor:[LiveCC] 運行中佔用 VRAM: 15.65 GB | 保留(Reserved): 17.12 GB
INFO:VRAMMonitor:[LiveCC] 運行中佔用 VRAM: 15.73 GB | 保留(Reserved): 17.12 GB
INFO:VRAMMonitor:[LiveCC] 運行中佔用 VRAM: 15.81 GB | 保留(Reserved): 17.12 GB
INFO:VRAMMonitor:[LiveCC] 運行中佔用 VRAM: 15.89 GB | 保留(Reserved): 17.12 GB
INFO:VRAMMonitor:[LiveCC] 運行中佔用 VRAM: 15.98 GB | 保留(Reserved): 17.12 GB
INFO:VRAMMonitor:[LiveCC] 運行中佔用 VRAM: 15.57 GB | 保留(Reserved): 17.12 GB
INFO:VRAMMonitor:[LiveCC] 運行中佔用 VRAM: 15.65 GB | 保留(Reserved): 17.12 GB
INFO:VRAMMonitor:[LiveCC] 運行中佔用 VRAM: 15.74 GB | 保留(Reserved): 17.12 GB
INFO:VRAMMonitor:[LiveCC] 運行中佔用 VRAM: 15.81 GB | 保留(Reserved): 17.12 GB
INFO:VRAMMonitor:[LiveCC] 運行中佔用 VRAM: 15.90 GB | 保留(Reserved): 17.12 GB
INFO:VRAMMonitor:[LiveCC] 運行中佔用 VRAM: 15.98 GB | 保留(Reserved): 17.12 GB
INFO:VRAMMonitor:[LiveCC] 運行中佔用 VRAM: 15.58 GB | 保留(Reserved): 17.12 GB
INFO:VRAMMonitor:[LiveCC] 運行中佔用 VRAM: 15.65 GB | 保留(Reserved): 17.12 GB
INFO:VRAMMonitor:[LiveCC] 運行中佔用 VRAM: 15.74 GB | 保留(Reserved): 17.12 GB
INFO:VRAMMonitor:[LiveCC] 運行中佔用 VRAM: 15.82 GB | 保留(Reserved): 17.12 GB
INFO:VRAMMonitor:[LiveCC] 運行中佔用 VRAM: 15.90 GB | 保留(Reserved): 17.12 GB
INFO:VRAMMonitor:[LiveCC] 運行中佔用 VRAM: 15.57 GB | 保留(Reserved): 17.12 GB
INFO:VRAMMonitor:[LiveCC] 運行中佔用 VRAM: 15.65 GB | 保留(Reserved): 17.12 GB
INFO:VRAMMonitor:[LiveCC] 運行中佔用 VRAM: 15.74 GB | 保留(Reserved): 17.12 GB
INFO:VRAMMonitor:[LiveCC] 運行中佔用 VRAM: 15.82 GB | 保留(Reserved): 17.12 GB
INFO:VRAMMonitor:[LiveCC] 運行中佔用 VRAM: 15.90 GB | 保留(Reserved): 17.12 GB
INFO:VRAMMonitor:[LiveCC] 運行中佔用 VRAM: 15.98 GB | 保留(Reserved): 17.12 GB
INFO:VRAMMonitor:[LiveCC] 運行中佔用 VRAM: 15.57 GB | 保留(Reserved): 17.12 GB
INFO:VRAMMonitor:[LiveCC] 運行中佔用 VRAM: 15.65 GB | 保留(Reserved): 17.12 GB
INFO:VRAMMonitor:[LiveCC] 運行中佔用 VRAM: 15.73 GB | 保留(Reserved): 17.12 GB
INFO:VRAMMonitor:[LiveCC] 運行中佔用 VRAM: 15.81 GB | 保留(Reserved): 17.12 GB
INFO:VRAMMonitor:[LiveCC] 運行中佔用 VRAM: 15.89 GB | 保留(Reserved): 17.12 GB
INFO:VRAMMonitor:[LiveCC] 運行中佔用 VRAM: 15.98 GB | 保留(Reserved): 17.12 GB
INFO:VRAMMonitor:[LiveCC] 運行中佔用 VRAM: 15.57 GB | 保留(Reserved): 17.12 GB
INFO:VRAMMonitor:[LiveCC] 運行中佔用 VRAM: 15.65 GB | 保留(Reserved): 17.12 GB
INFO:VRAMMonitor:[LiveCC] 運行中佔用 VRAM: 15.73 GB | 保留(Reserved): 17.12 GB
INFO:VRAMMonitor:[LiveCC] 運行中佔用 VRAM: 15.81 GB | 保留(Reserved): 17.12 GB
INFO:VRAMMonitor:[LiveCC] 運行中佔用 VRAM: 15.89 GB | 保留(Reserved): 17.12 GB
INFO:VRAMMonitor:[LiveCC] 運行中佔用 VRAM: 15.97 GB | 保留(Reserved): 17.12 GB
INFO:VRAMMonitor:[LiveCC] 運行中佔用 VRAM: 15.57 GB | 保留(Reserved): 17.12 GB
INFO:VRAMMonitor:[LiveCC] 運行中佔用 VRAM: 15.65 GB | 保留(Reserved): 17.12 GB
INFO:VRAMMonitor:[LiveCC] 運行中佔用 VRAM: 15.73 GB | 保留(Reserved): 17.12 GB
INFO:VRAMMonitor:[LiveCC] 運行中佔用 VRAM: 15.81 GB | 保留(Reserved): 17.12 GB
INFO:VRAMMonitor:[LiveCC] 運行中佔用 VRAM: 15.90 GB | 保留(Reserved): 17.12 GB
INFO:VRAMMonitor:[LiveCC] 運行中佔用 VRAM: 15.98 GB | 保留(Reserved): 17.12 GB
INFO:VRAMMonitor:[LiveCC] 運行中佔用 VRAM: 15.57 GB | 保留(Reserved): 17.12 GB
INFO:VRAMMonitor:[LiveCC] 運行中佔用 VRAM: 15.65 GB | 保留(Reserved): 17.12 GB
INFO:VRAMMonitor:[LiveCC] 運行中佔用 VRAM: 15.74 GB | 保留(Reserved): 17.12 GB
INFO:VRAMMonitor:[LiveCC] 運行中佔用 VRAM: 15.82 GB | 保留(Reserved): 17.12 GB
INFO:VRAMMonitor:[LiveCC] 運行中佔用 VRAM: 15.90 GB | 保留(Reserved): 17.12 GB
INFO:VRAMMonitor:[LiveCC] 運行中佔用 VRAM: 15.57 GB | 保留(Reserved): 17.12 GB
INFO:VRAMMonitor:[LiveCC] 運行中佔用 VRAM: 15.65 GB | 保留(Reserved): 17.12 GB
INFO:VRAMMonitor:[LiveCC] 運行中佔用 VRAM: 15.74 GB | 保留(Reserved): 17.12 GB
INFO:VRAMMonitor:[LiveCC] 運行中佔用 VRAM: 15.82 GB | 保留(Reserved): 17.12 GB
INFO:VRAMMonitor:[LiveCC] 運行中佔用 VRAM: 15.90 GB | 保留(Reserved): 17.12 GB
INFO:VRAMMonitor:[LiveCC] 運行中佔用 VRAM: 15.58 GB | 保留(Reserved): 17.12 GB
INFO:VRAMMonitor:[LiveCC] 運行中佔用 VRAM: 15.65 GB | 保留(Reserved): 17.12 GB
INFO:VRAMMonitor:[LiveCC] 運行中佔用 VRAM: 15.74 GB | 保留(Reserved): 17.12 GB
INFO:VRAMMonitor:[LiveCC] 運行中佔用 VRAM: 15.82 GB | 保留(Reserved): 17.12 GB
INFO:VRAMMonitor:[LiveCC] 運行中佔用 VRAM: 15.90 GB | 保留(Reserved): 17.12 GB
INFO:VRAMMonitor:[LiveCC] 運行中佔用 VRAM: 15.98 GB | 保留(Reserved): 17.12 GB
INFO:VRAMMonitor:[LiveCC] 運行中佔用 VRAM: 15.57 GB | 保留(Reserved): 17.12 GB
INFO:VRAMMonitor:[LiveCC] 運行中佔用 VRAM: 15.65 GB | 保留(Reserved): 17.12 GB
INFO:VRAMMonitor:[LiveCC] 運行中佔用 VRAM: 15.73 GB | 保留(Reserved): 17.12 GB
INFO:VRAMMonitor:[LiveCC] 運行中佔用 VRAM: 15.81 GB | 保留(Reserved): 17.12 GB
INFO:VRAMMonitor:[LiveCC] 運行中佔用 VRAM: 15.89 GB | 保留(Reserved): 17.12 GB
INFO:VRAMMonitor:[LiveCC] 運行中佔用 VRAM: 15.98 GB | 保留(Reserved): 17.12 GB
INFO:VRAMMonitor:[LiveCC] 運行中佔用 VRAM: 15.57 GB | 保留(Reserved): 17.12 GB
INFO:VRAMMonitor:[LiveCC] 運行中佔用 VRAM: 15.65 GB | 保留(Reserved): 17.12 GB
INFO:VRAMMonitor:[LiveCC] 運行中佔用 VRAM: 15.74 GB | 保留(Reserved): 17.12 GB
INFO:VRAMMonitor:[LiveCC] 運行中佔用 VRAM: 15.82 GB | 保留(Reserved): 17.12 GB
INFO:VRAMMonitor:[LiveCC] 運行中佔用 VRAM: 15.90 GB | 保留(Reserved): 17.12 GB
INFO:VRAMMonitor:[LiveCC] 運行中佔用 VRAM: 15.98 GB | 保留(Reserved): 17.12 GB
INFO:VRAMMonitor:[LiveCC] 運行中佔用 VRAM: 15.58 GB | 保留(Reserved): 17.12 GB
INFO:VRAMMonitor:[LiveCC] 運行中佔用 VRAM: 15.65 GB | 保留(Reserved): 17.12 GB
INFO:VRAMMonitor:[LiveCC] 運行中佔用 VRAM: 15.74 GB | 保留(Reserved): 17.12 GB
INFO:VRAMMonitor:[LiveCC] 運行中佔用 VRAM: 15.82 GB | 保留(Reserved): 17.12 GB
INFO:VRAMMonitor:[LiveCC] 運行中佔用 VRAM: 15.90 GB | 保留(Reserved): 17.12 GB
INFO:VRAMMonitor:[LiveCC] 運行中佔用 VRAM: 15.98 GB | 保留(Reserved): 17.12 GB
INFO:VRAMMonitor:[LiveCC] 運行中佔用 VRAM: 15.57 GB | 保留(Reserved): 17.12 GB
INFO:VRAMMonitor:[LiveCC] 運行中佔用 VRAM: 15.65 GB | 保留(Reserved): 17.12 GB
INFO:VRAMMonitor:[LiveCC] 運行中佔用 VRAM: 15.73 GB | 保留(Reserved): 17.12 GB
INFO:VRAMMonitor:[LiveCC] 運行中佔用 VRAM: 15.81 GB | 保留(Reserved): 17.12 GB
INFO:VRAMMonitor:[LiveCC] 運行中佔用 VRAM: 15.89 GB | 保留(Reserved): 17.12 GB
INFO:VRAMMonitor:[LiveCC] 運行中佔用 VRAM: 15.97 GB | 保留(Reserved): 17.12 GB
INFO:VRAMMonitor:[LiveCC] 運行中佔用 VRAM: 15.57 GB | 保留(Reserved): 17.12 GB
INFO:VRAMMonitor:[LiveCC] 運行中佔用 VRAM: 15.65 GB | 保留(Reserved): 17.12 GB
INFO:VRAMMonitor:[LiveCC] 運行中佔用 VRAM: 15.73 GB | 保留(Reserved): 17.12 GB
INFO:VRAMMonitor:[LiveCC] 運行中佔用 VRAM: 15.81 GB | 保留(Reserved): 17.12 GB
INFO:VRAMMonitor:[LiveCC] 運行中佔用 VRAM: 15.90 GB | 保留(Reserved): 17.12 GB
INFO:VRAMMonitor:[LiveCC] 運行中佔用 VRAM: 15.98 GB | 保留(Reserved): 17.12 GB
INFO:VRAMMonitor:[LiveCC] 運行中佔用 VRAM: 15.57 GB | 保留(Reserved): 17.12 GB
INFO:VRAMMonitor:[LiveCC] 運行中佔用 VRAM: 15.65 GB | 保留(Reserved): 17.12 GB
INFO:VRAMMonitor:[LiveCC] 運行中佔用 VRAM: 15.73 GB | 保留(Reserved): 17.12 GB
INFO:VRAMMonitor:[LiveCC] 運行中佔用 VRAM: 15.81 GB | 保留(Reserved): 17.12 GB
INFO:VRAMMonitor:[LiveCC] 運行中佔用 VRAM: 15.89 GB | 保留(Reserved): 17.12 GB
INFO:VRAMMonitor:[LiveCC] 運行中佔用 VRAM: 15.97 GB | 保留(Reserved): 17.12 GB
INFO:VRAMMonitor:[LiveCC] 運行中佔用 VRAM: 15.57 GB | 保留(Reserved): 17.12 GB
INFO:VRAMMonitor:[LiveCC] 運行中佔用 VRAM: 15.65 GB | 保留(Reserved): 17.12 GB
INFO:VRAMMonitor:[LiveCC] 運行中佔用 VRAM: 15.73 GB | 保留(Reserved): 17.12 GB
INFO:VRAMMonitor:[LiveCC] 運行中佔用 VRAM: 15.81 GB | 保留(Reserved): 17.12 GB
INFO:VRAMMonitor:[LiveCC] 運行中佔用 VRAM: 15.90 GB | 保留(Reserved): 17.12 GB
INFO:VRAMMonitor:[LiveCC] 運行中佔用 VRAM: 15.98 GB | 保留(Reserved): 17.12 GB
INFO:VRAMMonitor:[LiveCC] 運行中佔用 VRAM: 15.58 GB | 保留(Reserved): 17.12 GB
INFO:VRAMMonitor:[LiveCC] 運行中佔用 VRAM: 15.65 GB | 保留(Reserved): 17.12 GB
INFO:VRAMMonitor:[LiveCC] 運行中佔用 VRAM: 15.74 GB | 保留(Reserved): 17.12 GB
INFO:VRAMMonitor:[LiveCC] 運行中佔用 VRAM: 15.82 GB | 保留(Reserved): 17.12 GB
INFO:VRAMMonitor:[LiveCC] 運行中佔用 VRAM: 15.90 GB | 保留(Reserved): 17.12 GB
INFO:VRAMMonitor:[LiveCC] 運行中佔用 VRAM: 15.57 GB | 保留(Reserved): 17.12 GB
INFO:VRAMMonitor:[LiveCC] 運行中佔用 VRAM: 15.65 GB | 保留(Reserved): 17.12 GB
INFO:VRAMMonitor:[LiveCC] 運行中佔用 VRAM: 15.73 GB | 保留(Reserved): 17.12 GB
INFO:VRAMMonitor:[LiveCC] 運行中佔用 VRAM: 15.81 GB | 保留(Reserved): 17.12 GB
INFO:VRAMMonitor:[LiveCC] 運行中佔用 VRAM: 15.89 GB | 保留(Reserved): 17.12 GB
INFO:VRAMMonitor:[LiveCC] 運行中佔用 VRAM: 15.97 GB | 保留(Reserved): 17.12 GB
INFO:VRAMMonitor:[LiveCC] 運行中佔用 VRAM: 15.57 GB | 保留(Reserved): 17.12 GB
INFO:VRAMMonitor:[LiveCC] 運行中佔用 VRAM: 15.65 GB | 保留(Reserved): 17.12 GB
INFO:VRAMMonitor:[LiveCC] 運行中佔用 VRAM: 15.73 GB | 保留(Reserved): 17.12 GB
INFO:VRAMMonitor:[LiveCC] 運行中佔用 VRAM: 15.81 GB | 保留(Reserved): 17.12 GB
INFO:VRAMMonitor:[LiveCC] 運行中佔用 VRAM: 15.90 GB | 保留(Reserved): 17.12 GB
INFO:VRAMMonitor:[LiveCC] 運行中佔用 VRAM: 15.98 GB | 保留(Reserved): 17.12 GB
INFO:VRAMMonitor:[LiveCC] 運行中佔用 VRAM: 15.57 GB | 保留(Reserved): 17.12 GB
INFO:VRAMMonitor:[LiveCC] 運行中佔用 VRAM: 15.65 GB | 保留(Reserved): 17.12 GB
INFO:VRAMMonitor:[LiveCC] 運行中佔用 VRAM: 15.74 GB | 保留(Reserved): 17.12 GB
INFO:VRAMMonitor:[LiveCC] 運行中佔用 VRAM: 15.82 GB | 保留(Reserved): 17.12 GB
INFO:VRAMMonitor:[LiveCC] 運行中佔用 VRAM: 15.90 GB | 保留(Reserved): 17.12 GB
INFO:VRAMMonitor:[LiveCC] 運行中佔用 VRAM: 15.98 GB | 保留(Reserved): 17.12 GB
INFO:VRAMMonitor:[LiveCC] 運行中佔用 VRAM: 15.57 GB | 保留(Reserved): 17.12 GB
INFO:VRAMMonitor:[LiveCC] 運行中佔用 VRAM: 15.65 GB | 保留(Reserved): 17.12 GB
INFO:VRAMMonitor:[LiveCC] 運行中佔用 VRAM: 15.74 GB | 保留(Reserved): 17.12 GB
INFO:VRAMMonitor:[LiveCC] 運行中佔用 VRAM: 15.82 GB | 保留(Reserved): 17.12 GB
INFO:VRAMMonitor:[LiveCC] 運行中佔用 VRAM: 15.90 GB | 保留(Reserved): 17.12 GB
INFO:VRAMMonitor:[LiveCC] 運行中佔用 VRAM: 15.98 GB | 保留(Reserved): 17.12 GB
INFO:VRAMMonitor:[LiveCC] 運行中佔用 VRAM: 15.57 GB | 保留(Reserved): 17.12 GB
INFO:VRAMMonitor:[LiveCC] 運行中佔用 VRAM: 15.65 GB | 保留(Reserved): 17.12 GB
INFO:VRAMMonitor:[LiveCC] 運行中佔用 VRAM: 15.73 GB | 保留(Reserved): 17.12 GB
INFO:VRAMMonitor:[LiveCC] 運行中佔用 VRAM: 15.81 GB | 保留(Reserved): 17.12 GB
INFO:VRAMMonitor:[LiveCC] 運行中佔用 VRAM: 15.89 GB | 保留(Reserved): 17.12 GB
INFO:VRAMMonitor:[LiveCC] 運行中佔用 VRAM: 15.97 GB | 保留(Reserved): 17.12 GB
INFO:VRAMMonitor:[LiveCC] 運行中佔用 VRAM: 15.57 GB | 保留(Reserved): 17.12 GB
INFO:VRAMMonitor:[LiveCC] 運行中佔用 VRAM: 15.65 GB | 保留(Reserved): 17.12 GB
INFO:VRAMMonitor:[LiveCC] 運行中佔用 VRAM: 15.73 GB | 保留(Reserved): 17.12 GB
INFO:VRAMMonitor:[LiveCC] 運行中佔用 VRAM: 15.81 GB | 保留(Reserved): 17.12 GB
INFO:VRAMMonitor:[LiveCC] 運行中佔用 VRAM: 15.89 GB | 保留(Reserved): 17.12 GB
INFO:VRAMMonitor:[LiveCC] 運行中佔用 VRAM: 15.98 GB | 保留(Reserved): 17.12 GB
INFO:VRAMMonitor:[LiveCC] 運行中佔用 VRAM: 15.57 GB | 保留(Reserved): 17.12 GB
INFO:VRAMMonitor:[LiveCC] 運行中佔用 VRAM: 15.66 GB | 保留(Reserved): 17.12 GB
INFO:VRAMMonitor:[LiveCC] 運行中佔用 VRAM: 15.74 GB | 保留(Reserved): 17.12 GB
INFO:VRAMMonitor:[LiveCC] 運行中佔用 VRAM: 15.82 GB | 保留(Reserved): 17.12 GB
INFO:VRAMMonitor:[LiveCC] 運行中佔用 VRAM: 15.90 GB | 保留(Reserved): 17.12 GB
INFO:VRAMMonitor:[LiveCC] 運行中佔用 VRAM: 15.57 GB | 保留(Reserved): 17.12 GB
INFO:VRAMMonitor:[LiveCC] 運行中佔用 VRAM: 15.65 GB | 保留(Reserved): 17.12 GB
INFO:VRAMMonitor:[LiveCC] 運行中佔用 VRAM: 15.73 GB | 保留(Reserved): 17.12 GB
INFO:VRAMMonitor:[LiveCC] 運行中佔用 VRAM: 15.81 GB | 保留(Reserved): 17.12 GB
INFO:VRAMMonitor:[LiveCC] 運行中佔用 VRAM: 15.89 GB | 保留(Reserved): 17.12 GB
INFO:VRAMMonitor:[LiveCC] 運行中佔用 VRAM: 15.57 GB | 保留(Reserved): 17.12 GB
INFO:VRAMMonitor:[LiveCC] 運行中佔用 VRAM: 15.65 GB | 保留(Reserved): 17.12 GB
INFO:VRAMMonitor:[LiveCC] 運行中佔用 VRAM: 15.74 GB | 保留(Reserved): 17.12 GB
INFO:VRAMMonitor:[LiveCC] 運行中佔用 VRAM: 15.82 GB | 保留(Reserved): 17.12 GB
INFO:VRAMMonitor:[LiveCC] 運行中佔用 VRAM: 15.90 GB | 保留(Reserved): 17.12 GB
INFO:VRAMMonitor:[LiveCC] 運行中佔用 VRAM: 15.98 GB | 保留(Reserved): 17.12 GB
INFO:VRAMMonitor:[LiveCC] 運行中佔用 VRAM: 15.58 GB | 保留(Reserved): 17.12 GB
INFO:VRAMMonitor:[LiveCC] 運行中佔用 VRAM: 15.65 GB | 保留(Reserved): 17.12 GB
INFO:VRAMMonitor:[LiveCC] 運行中佔用 VRAM: 15.74 GB | 保留(Reserved): 17.12 GB
ERROR:root:[LiveCCWorker] Error during inference
Traceback (most recent call last):
  File "/home/miislab-server5/miis_broadcast_poyu/miis_broadcast/src/miis_broadcast/workers/livecc.py", line 88, in runInference
    for (start_t, stop_t), response, state in self.livecc.live_cc(query, state):
  File "/home/miislab-server5/miis_broadcast_poyu/miis_broadcast/src/miis_broadcast/core/models/livecc_transformers.py", line 412, in live_cc
    state["last_video_pts_index"] = clip_idxs[-1]
IndexError: list index out of range
INFO:root:[LiveCCWorker] Cleared cached video readers after inference
INFO:root:[LiveCCWorker] Cleared cached video readers on stop request
INFO:root:[LiveCCWorker] Start LiveCC inference on: /home/miislab-server5/Poyu/miis_broadcast_poyu/miis_broadcast/examples/weightlifting_1080p.mp4
INFO:root:[LiveCCWorker] Cleared cached video readers
INFO:root:[LiveCCWorker] Cleared cached video readers on stop request
INFO:root:[LiveCCWorker] Stop requested, breaking inference loop
INFO:root:[LiveCCWorker] LiveCC inference finished. Took 164.66 s
INFO:root:[LiveCCWorker] Cleared cached video readers after inference
INFO:root:[LiveCCWorker] Start LiveCC inference on: /home/miislab-server5/Poyu/miis_broadcast_poyu/miis_broadcast/examples/遊戲小人大.mp4
INFO:root:[LiveCCWorker] Cleared cached video readers
INFO:root:[LiveCCWorker] Cleared cached video readers on stop request
INFO:root:[LiveCCWorker] Stop requested, breaking inference loop
INFO:root:[LiveCCWorker] LiveCC inference finished. Took 27.53 s
INFO:root:[LiveCCWorker] Cleared cached video readers after inference
INFO:root:[LiveCCWorker] Start LiveCC inference on: /home/miislab-server5/Poyu/miis_broadcast_poyu/miis_broadcast/examples/Takendo_1080_.mp4
INFO:root:[LiveCCWorker] Cleared cached video readers
INFO:root:[LiveCCWorker] Cleared cached video readers on stop request
INFO:root:[LiveCCWorker] Stop requested, breaking inference loop
INFO:root:[LiveCCWorker] LiveCC inference finished. Took 150.51 s
INFO:root:[LiveCCWorker] Cleared cached video readers after inference
INFO:root:[LiveCCWorker] Start LiveCC inference on: /home/miislab-server5/Poyu/miis_broadcast_poyu/miis_broadcast/examples/basketball_1080p.mp4
INFO:root:[LiveCCWorker] Cleared cached video readers
INFO:root:[LiveCCWorker] Cleared cached video readers on stop request
INFO:root:[LiveCCWorker] Stop requested, breaking inference loop
INFO:root:[LiveCCWorker] LiveCC inference finished. Took 134.63 s
INFO:root:[LiveCCWorker] Cleared cached video readers after inference
INFO:root:[LiveCCWorker] Start LiveCC inference on: /home/miislab-server5/Poyu/miis_broadcast_poyu/miis_broadcast/examples/實況主.mp4
INFO:root:[LiveCCWorker] Cleared cached video readers
INFO:root:[LiveCCWorker] Cleared cached video readers on stop request
INFO:root:[LiveCCWorker] Stop requested, breaking inference loop
INFO:root:[LiveCCWorker] LiveCC inference finished. Took 108.85 s
INFO:root:[LiveCCWorker] Cleared cached video readers after inference
INFO:root:[LiveCCWorker] Start LiveCC inference on: /home/miislab-server5/Poyu/miis_broadcast_poyu/miis_broadcast/examples/實況主.mp4
INFO:root:[LiveCCWorker] Cleared cached video readers
INFO:root:[LiveCCWorker] Cleared cached video readers on stop request
INFO:root:[LiveCCWorker] Stop requested, breaking inference loop
INFO:root:[LiveCCWorker] LiveCC inference finished. Took 108.96 s
INFO:root:[LiveCCWorker] Cleared cached video readers after inference
INFO:root:[LiveCCWorker] Start LiveCC inference on: /home/miislab-server5/Poyu/miis_broadcast_poyu/miis_broadcast/examples/basketball_1080p_02.mp4
INFO:root:[LiveCCWorker] Cleared cached video readers
INFO:root:[LiveCCWorker] Cleared cached video readers on stop request
INFO:root:[LiveCCWorker] Stop requested, breaking inference loop
INFO:root:[LiveCCWorker] LiveCC inference finished. Took 158.27 s
INFO:root:[LiveCCWorker] Cleared cached video readers after inference
INFO:root:[LiveCCWorker] Start LiveCC inference on: /home/miislab-server5/Poyu/miis_broadcast_poyu/miis_broadcast/examples/Takendo_1080_.mp4
INFO:root:[LiveCCWorker] Cleared cached video readers
INFO:root:[LiveCCWorker] Cleared cached video readers on stop request
INFO:root:[LiveCCWorker] Stop requested, breaking inference loop
INFO:root:[LiveCCWorker] LiveCC inference finished. Took 150.97 s
INFO:root:[LiveCCWorker] Cleared cached video readers after inference
INFO:root:[LiveCCWorker] Start LiveCC inference on: /home/miislab-server5/Poyu/miis_broadcast_poyu/miis_broadcast/examples/basketball_1080p.mp4
INFO:root:[LiveCCWorker] Cleared cached video readers
INFO:root:[LiveCCWorker] Cleared cached video readers on stop request
INFO:root:[LiveCCWorker] Stop requested, breaking inference loop
INFO:root:[LiveCCWorker] LiveCC inference finished. Took 91.67 s
INFO:root:[LiveCCWorker] Cleared cached video readers after inference
INFO:root:[LiveCCWorker] Start LiveCC inference on: /home/miislab-server5/Poyu/miis_broadcast_poyu/miis_broadcast/examples/basketball_1080p.mp4
INFO:root:[LiveCCWorker] Cleared cached video readers
INFO:root:[LiveCCWorker] Cleared cached video readers on stop request
INFO:root:[LiveCCWorker] Stop requested, breaking inference loop
INFO:root:[LiveCCWorker] LiveCC inference finished. Took 96.02 s
INFO:root:[LiveCCWorker] Cleared cached video readers after inference
INFO:root:[LiveCCWorker] Start LiveCC inference on: /home/miislab-server5/Poyu/miis_broadcast_poyu/miis_broadcast/examples/basketball_1080p.mp4
INFO:root:[LiveCCWorker] Cleared cached video readers
INFO:root:[LiveCCWorker] Cleared cached video readers on stop request
INFO:root:[LiveCCWorker] Stop requested, breaking inference loop
INFO:root:[LiveCCWorker] LiveCC inference finished. Took 4.37 s
INFO:root:[LiveCCWorker] Cleared cached video readers after inference
INFO:root:[LiveCCWorker] Start LiveCC inference on: /home/miislab-server5/Poyu/miis_broadcast_poyu/miis_broadcast/examples/basketball_1080p.mp4
INFO:root:[LiveCCWorker] Cleared cached video readers
INFO:root:[LiveCCWorker] Stop requested, breaking inference loop
INFO:root:[LiveCCWorker] LiveCC inference finished. Took 43.94 s
INFO:root:[LiveCCWorker] Cleared cached video readers after inference
INFO:root:[LiveCCWorker] Cleared cached video readers on stop request
INFO:root:[LiveCCWorker] Start LiveCC inference on: /home/miislab-server5/Poyu/miis_broadcast_poyu/miis_broadcast/examples/basketball_1080p.mp4
INFO:root:[LiveCCWorker] Cleared cached video readers
INFO:root:[LiveCCWorker] Cleared cached video readers on stop request
INFO:root:[LiveCCWorker] Stop requested, breaking inference loop
INFO:root:[LiveCCWorker] LiveCC inference finished. Took 70.26 s
INFO:root:[LiveCCWorker] Cleared cached video readers after inference
INFO:root:[LiveCCWorker] Start LiveCC inference on: /home/miislab-server5/Poyu/miis_broadcast_poyu/miis_broadcast/examples/basketball_1080p.mp4
INFO:root:[LiveCCWorker] Cleared cached video readers
INFO:root:[LiveCCWorker] Cleared cached video readers on stop request
INFO:root:[LiveCCWorker] Stop requested, breaking inference loop
INFO:root:[LiveCCWorker] LiveCC inference finished. Took 70.96 s
INFO:root:[LiveCCWorker] Cleared cached video readers after inference
INFO:root:[LiveCCWorker] Start LiveCC inference on: /home/miislab-server5/Poyu/miis_broadcast_poyu/miis_broadcast/examples/實況主.mp4
INFO:root:[LiveCCWorker] Cleared cached video readers
INFO:root:[LiveCCWorker] Cleared cached video readers on stop request
INFO:root:[LiveCCWorker] Stop requested, breaking inference loop
INFO:root:[LiveCCWorker] LiveCC inference finished. Took 50.84 s
INFO:root:[LiveCCWorker] Cleared cached video readers after inference
INFO:root:[LiveCCWorker] Start LiveCC inference on: /home/miislab-server5/Poyu/miis_broadcast_poyu/miis_broadcast/examples/basketball_1080p.mp4
INFO:root:[LiveCCWorker] Cleared cached video readers
INFO:root:[LiveCCWorker] Stop requested, breaking inference loop
INFO:root:[LiveCCWorker] LiveCC inference finished. Took 40.99 s
INFO:root:[LiveCCWorker] Cleared cached video readers after inference
INFO:root:[LiveCCWorker] Cleared cached video readers on stop request
INFO:root:[LiveCCWorker] Start LiveCC inference on: /home/miislab-server5/Poyu/miis_broadcast_poyu/miis_broadcast/examples/basketball_1080p.mp4
INFO:root:[LiveCCWorker] Cleared cached video readers
INFO:root:[LiveCCWorker] Cleared cached video readers on stop request
INFO:root:[LiveCCWorker] Stop requested, breaking inference loop
INFO:root:[LiveCCWorker] LiveCC inference finished. Took 64.19 s
INFO:root:[LiveCCWorker] Cleared cached video readers after inference
INFO:root:[LiveCCWorker] Start LiveCC inference on: /home/miislab-server5/Poyu/miis_broadcast_poyu/miis_broadcast/examples/basketball_1080p.mp4
INFO:root:[LiveCCWorker] Cleared cached video readers
INFO:root:[LiveCCWorker] Stop requested, breaking inference loop
INFO:root:[LiveCCWorker] LiveCC inference finished. Took 2.31 s
INFO:root:[LiveCCWorker] Cleared cached video readers after inference
INFO:root:[LiveCCWorker] Cleared cached video readers on stop request
INFO:root:[GeminiBroadcaster] Gemini client initialized
INFO:root:[GeminiWorker] Ready
INFO:root:[LiveCCWorker] Start LiveCC inference on: /home/miislab-server5/Poyu/miis_broadcast_poyu/miis_broadcast/examples/basketball_1080p.mp4
INFO:root:[LiveCCWorker] Cleared cached video readers
INFO:google_genai.models:AFC is enabled with max remote calls: 10.
INFO:httpx:HTTP Request: POST https://generativelanguage.googleapis.com/v1beta/models/gemini-2.0-flash:generateContent "HTTP/1.1 404 Not Found"
ERROR:root:[GeminiBroadcaster] API call failed
Traceback (most recent call last):
  File "/home/miislab-server5/Poyu/miis_broadcast_poyu/miis_broadcast/src/miis_broadcast/core/models/gemini_broadcaster.py", line 61, in call_gemini
    response = client.models.generate_content(
  File "/home/miislab-server5/miniconda3/envs/broadcast/lib/python3.10/site-packages/google/genai/models.py", line 6329, in generate_content
    response = self._generate_content(
  File "/home/miislab-server5/miniconda3/envs/broadcast/lib/python3.10/site-packages/google/genai/models.py", line 4767, in _generate_content
    response = self._api_client.request(
  File "/home/miislab-server5/miniconda3/envs/broadcast/lib/python3.10/site-packages/google/genai/_api_client.py", line 1579, in request
    response = self._request(http_request, http_options, stream=False)
  File "/home/miislab-server5/miniconda3/envs/broadcast/lib/python3.10/site-packages/google/genai/_api_client.py", line 1372, in _request
    return self._retry(self._request_once, http_request, stream)  # type: ignore[no-any-return]
  File "/home/miislab-server5/miniconda3/envs/broadcast/lib/python3.10/site-packages/tenacity/__init__.py", line 470, in __call__
    do = self.iter(retry_state=retry_state)
  File "/home/miislab-server5/miniconda3/envs/broadcast/lib/python3.10/site-packages/tenacity/__init__.py", line 371, in iter
    result = action(retry_state)
  File "/home/miislab-server5/miniconda3/envs/broadcast/lib/python3.10/site-packages/tenacity/__init__.py", line 413, in exc_check
    raise retry_exc.reraise()
  File "/home/miislab-server5/miniconda3/envs/broadcast/lib/python3.10/site-packages/tenacity/__init__.py", line 184, in reraise
    raise self.last_attempt.result()
  File "/home/miislab-server5/miniconda3/envs/broadcast/lib/python3.10/concurrent/futures/_base.py", line 451, in result
    return self.__get_result()
  File "/home/miislab-server5/miniconda3/envs/broadcast/lib/python3.10/concurrent/futures/_base.py", line 403, in __get_result
    raise self._exception
  File "/home/miislab-server5/miniconda3/envs/broadcast/lib/python3.10/site-packages/tenacity/__init__.py", line 473, in __call__
    result = fn(*args, **kwargs)
  File "/home/miislab-server5/miniconda3/envs/broadcast/lib/python3.10/site-packages/google/genai/_api_client.py", line 1349, in _request_once
    errors.APIError.raise_for_response(response)
  File "/home/miislab-server5/miniconda3/envs/broadcast/lib/python3.10/site-packages/google/genai/errors.py", line 155, in raise_for_response
    cls.raise_error(response.status_code, response_json, response)
  File "/home/miislab-server5/miniconda3/envs/broadcast/lib/python3.10/site-packages/google/genai/errors.py", line 184, in raise_error
    raise ClientError(status_code, response_json, response)
google.genai.errors.ClientError: 404 NOT_FOUND. {'error': {'code': 404, 'message': 'This model models/gemini-2.0-flash is no longer available to new users. Please update your code to use a newer model for the latest features and improvements.', 'status': 'NOT_FOUND'}}
ERROR:root:[GeminiWorker] call_gemini failed
Traceback (most recent call last):
  File "/home/miislab-server5/Poyu/miis_broadcast_poyu/miis_broadcast/src/miis_broadcast/workers/gemini.py", line 52, in process_segment
    result = call_gemini(data)
  File "/home/miislab-server5/Poyu/miis_broadcast_poyu/miis_broadcast/src/miis_broadcast/core/models/gemini_broadcaster.py", line 61, in call_gemini
    response = client.models.generate_content(
  File "/home/miislab-server5/miniconda3/envs/broadcast/lib/python3.10/site-packages/google/genai/models.py", line 6329, in generate_content
    response = self._generate_content(
  File "/home/miislab-server5/miniconda3/envs/broadcast/lib/python3.10/site-packages/google/genai/models.py", line 4767, in _generate_content
    response = self._api_client.request(
  File "/home/miislab-server5/miniconda3/envs/broadcast/lib/python3.10/site-packages/google/genai/_api_client.py", line 1579, in request
    response = self._request(http_request, http_options, stream=False)
  File "/home/miislab-server5/miniconda3/envs/broadcast/lib/python3.10/site-packages/google/genai/_api_client.py", line 1372, in _request
    return self._retry(self._request_once, http_request, stream)  # type: ignore[no-any-return]
  File "/home/miislab-server5/miniconda3/envs/broadcast/lib/python3.10/site-packages/tenacity/__init__.py", line 470, in __call__
    do = self.iter(retry_state=retry_state)
  File "/home/miislab-server5/miniconda3/envs/broadcast/lib/python3.10/site-packages/tenacity/__init__.py", line 371, in iter
    result = action(retry_state)
  File "/home/miislab-server5/miniconda3/envs/broadcast/lib/python3.10/site-packages/tenacity/__init__.py", line 413, in exc_check
    raise retry_exc.reraise()
  File "/home/miislab-server5/miniconda3/envs/broadcast/lib/python3.10/site-packages/tenacity/__init__.py", line 184, in reraise
    raise self.last_attempt.result()
  File "/home/miislab-server5/miniconda3/envs/broadcast/lib/python3.10/concurrent/futures/_base.py", line 451, in result
    return self.__get_result()
  File "/home/miislab-server5/miniconda3/envs/broadcast/lib/python3.10/concurrent/futures/_base.py", line 403, in __get_result
    raise self._exception
  File "/home/miislab-server5/miniconda3/envs/broadcast/lib/python3.10/site-packages/tenacity/__init__.py", line 473, in __call__
    result = fn(*args, **kwargs)
  File "/home/miislab-server5/miniconda3/envs/broadcast/lib/python3.10/site-packages/google/genai/_api_client.py", line 1349, in _request_once
    errors.APIError.raise_for_response(response)
  File "/home/miislab-server5/miniconda3/envs/broadcast/lib/python3.10/site-packages/google/genai/errors.py", line 155, in raise_for_response
    cls.raise_error(response.status_code, response_json, response)
  File "/home/miislab-server5/miniconda3/envs/broadcast/lib/python3.10/site-packages/google/genai/errors.py", line 184, in raise_error
    raise ClientError(status_code, response_json, response)
google.genai.errors.ClientError: 404 NOT_FOUND. {'error': {'code': 404, 'message': 'This model models/gemini-2.0-flash is no longer available to new users. Please update your code to use a newer model for the latest features and improvements.', 'status': 'NOT_FOUND'}}
INFO:root:[LiveCCWorker] Cleared cached video readers on stop request
INFO:root:[LiveCCWorker] Stop requested, breaking inference loop
INFO:root:[LiveCCWorker] LiveCC inference finished. Took 2.13 s
INFO:root:[LiveCCWorker] Cleared cached video readers after inference
INFO:root:[LiveCCWorker] Start LiveCC inference on: /home/miislab-server5/Poyu/miis_broadcast_poyu/miis_broadcast/examples/basketball_1080p.mp4
INFO:root:[LiveCCWorker] Cleared cached video readers
INFO:google_genai.models:AFC is enabled with max remote calls: 10.
INFO:httpx:HTTP Request: POST https://generativelanguage.googleapis.com/v1beta/models/gemini-2.0-flash:generateContent "HTTP/1.1 404 Not Found"
ERROR:root:[GeminiBroadcaster] API call failed
Traceback (most recent call last):
  File "/home/miislab-server5/Poyu/miis_broadcast_poyu/miis_broadcast/src/miis_broadcast/core/models/gemini_broadcaster.py", line 61, in call_gemini
    response = client.models.generate_content(
  File "/home/miislab-server5/miniconda3/envs/broadcast/lib/python3.10/site-packages/google/genai/models.py", line 6329, in generate_content
    response = self._generate_content(
  File "/home/miislab-server5/miniconda3/envs/broadcast/lib/python3.10/site-packages/google/genai/models.py", line 4767, in _generate_content
    response = self._api_client.request(
  File "/home/miislab-server5/miniconda3/envs/broadcast/lib/python3.10/site-packages/google/genai/_api_client.py", line 1579, in request
    response = self._request(http_request, http_options, stream=False)
  File "/home/miislab-server5/miniconda3/envs/broadcast/lib/python3.10/site-packages/google/genai/_api_client.py", line 1372, in _request
    return self._retry(self._request_once, http_request, stream)  # type: ignore[no-any-return]
  File "/home/miislab-server5/miniconda3/envs/broadcast/lib/python3.10/site-packages/tenacity/__init__.py", line 470, in __call__
    do = self.iter(retry_state=retry_state)
  File "/home/miislab-server5/miniconda3/envs/broadcast/lib/python3.10/site-packages/tenacity/__init__.py", line 371, in iter
    result = action(retry_state)
  File "/home/miislab-server5/miniconda3/envs/broadcast/lib/python3.10/site-packages/tenacity/__init__.py", line 413, in exc_check
    raise retry_exc.reraise()
  File "/home/miislab-server5/miniconda3/envs/broadcast/lib/python3.10/site-packages/tenacity/__init__.py", line 184, in reraise
    raise self.last_attempt.result()
  File "/home/miislab-server5/miniconda3/envs/broadcast/lib/python3.10/concurrent/futures/_base.py", line 451, in result
    return self.__get_result()
  File "/home/miislab-server5/miniconda3/envs/broadcast/lib/python3.10/concurrent/futures/_base.py", line 403, in __get_result
    raise self._exception
  File "/home/miislab-server5/miniconda3/envs/broadcast/lib/python3.10/site-packages/tenacity/__init__.py", line 473, in __call__
    result = fn(*args, **kwargs)
  File "/home/miislab-server5/miniconda3/envs/broadcast/lib/python3.10/site-packages/google/genai/_api_client.py", line 1349, in _request_once
    errors.APIError.raise_for_response(response)
  File "/home/miislab-server5/miniconda3/envs/broadcast/lib/python3.10/site-packages/google/genai/errors.py", line 155, in raise_for_response
    cls.raise_error(response.status_code, response_json, response)
  File "/home/miislab-server5/miniconda3/envs/broadcast/lib/python3.10/site-packages/google/genai/errors.py", line 184, in raise_error
    raise ClientError(status_code, response_json, response)
google.genai.errors.ClientError: 404 NOT_FOUND. {'error': {'code': 404, 'message': 'This model models/gemini-2.0-flash is no longer available to new users. Please update your code to use a newer model for the latest features and improvements.', 'status': 'NOT_FOUND'}}
ERROR:root:[GeminiWorker] call_gemini failed
Traceback (most recent call last):
  File "/home/miislab-server5/Poyu/miis_broadcast_poyu/miis_broadcast/src/miis_broadcast/workers/gemini.py", line 52, in process_segment
    result = call_gemini(data)
  File "/home/miislab-server5/Poyu/miis_broadcast_poyu/miis_broadcast/src/miis_broadcast/core/models/gemini_broadcaster.py", line 61, in call_gemini
    response = client.models.generate_content(
  File "/home/miislab-server5/miniconda3/envs/broadcast/lib/python3.10/site-packages/google/genai/models.py", line 6329, in generate_content
    response = self._generate_content(
  File "/home/miislab-server5/miniconda3/envs/broadcast/lib/python3.10/site-packages/google/genai/models.py", line 4767, in _generate_content
    response = self._api_client.request(
  File "/home/miislab-server5/miniconda3/envs/broadcast/lib/python3.10/site-packages/google/genai/_api_client.py", line 1579, in request
    response = self._request(http_request, http_options, stream=False)
  File "/home/miislab-server5/miniconda3/envs/broadcast/lib/python3.10/site-packages/google/genai/_api_client.py", line 1372, in _request
    return self._retry(self._request_once, http_request, stream)  # type: ignore[no-any-return]
  File "/home/miislab-server5/miniconda3/envs/broadcast/lib/python3.10/site-packages/tenacity/__init__.py", line 470, in __call__
    do = self.iter(retry_state=retry_state)
  File "/home/miislab-server5/miniconda3/envs/broadcast/lib/python3.10/site-packages/tenacity/__init__.py", line 371, in iter
    result = action(retry_state)
  File "/home/miislab-server5/miniconda3/envs/broadcast/lib/python3.10/site-packages/tenacity/__init__.py", line 413, in exc_check
    raise retry_exc.reraise()
  File "/home/miislab-server5/miniconda3/envs/broadcast/lib/python3.10/site-packages/tenacity/__init__.py", line 184, in reraise
    raise self.last_attempt.result()
  File "/home/miislab-server5/miniconda3/envs/broadcast/lib/python3.10/concurrent/futures/_base.py", line 451, in result
    return self.__get_result()
  File "/home/miislab-server5/miniconda3/envs/broadcast/lib/python3.10/concurrent/futures/_base.py", line 403, in __get_result
    raise self._exception
  File "/home/miislab-server5/miniconda3/envs/broadcast/lib/python3.10/site-packages/tenacity/__init__.py", line 473, in __call__
    result = fn(*args, **kwargs)
  File "/home/miislab-server5/miniconda3/envs/broadcast/lib/python3.10/site-packages/google/genai/_api_client.py", line 1349, in _request_once
    errors.APIError.raise_for_response(response)
  File "/home/miislab-server5/miniconda3/envs/broadcast/lib/python3.10/site-packages/google/genai/errors.py", line 155, in raise_for_response
    cls.raise_error(response.status_code, response_json, response)
  File "/home/miislab-server5/miniconda3/envs/broadcast/lib/python3.10/site-packages/google/genai/errors.py", line 184, in raise_error
    raise ClientError(status_code, response_json, response)
google.genai.errors.ClientError: 404 NOT_FOUND. {'error': {'code': 404, 'message': 'This model models/gemini-2.0-flash is no longer available to new users. Please update your code to use a newer model for the latest features and improvements.', 'status': 'NOT_FOUND'}}
INFO:root:[LiveCCWorker] Cleared cached video readers on stop request
INFO:root:[LiveCCWorker] Stop requested, breaking inference loop
INFO:root:[LiveCCWorker] LiveCC inference finished. Took 2.66 s
INFO:root:[LiveCCWorker] Cleared cached video readers after inference
INFO:root:[GeminiBroadcaster] Gemini client initialized
INFO:root:[GeminiWorker] Ready
INFO:root:[LiveCCWorker] Start LiveCC inference on: /home/miislab-server5/Poyu/miis_broadcast_poyu/miis_broadcast/examples/basketball_1080p.mp4
INFO:root:[LiveCCWorker] Cleared cached video readers
INFO:google_genai.models:AFC is enabled with max remote calls: 10.
INFO:httpx:HTTP Request: POST https://generativelanguage.googleapis.com/v1beta/models/gemini-2.5-flash:generateContent "HTTP/1.1 200 OK"
INFO:google_genai.models:AFC is enabled with max remote calls: 10.
INFO:httpx:HTTP Request: POST https://generativelanguage.googleapis.com/v1beta/models/gemini-2.5-flash:generateContent "HTTP/1.1 200 OK"
INFO:google_genai.models:AFC is enabled with max remote calls: 10.
INFO:httpx:HTTP Request: POST https://generativelanguage.googleapis.com/v1beta/models/gemini-2.5-flash:generateContent "HTTP/1.1 200 OK"
INFO:google_genai.models:AFC is enabled with max remote calls: 10.
INFO:httpx:HTTP Request: POST https://generativelanguage.googleapis.com/v1beta/models/gemini-2.5-flash:generateContent "HTTP/1.1 200 OK"
INFO:google_genai.models:AFC is enabled with max remote calls: 10.
INFO:httpx:HTTP Request: POST https://generativelanguage.googleapis.com/v1beta/models/gemini-2.5-flash:generateContent "HTTP/1.1 200 OK"
INFO:google_genai.models:AFC is enabled with max remote calls: 10.
INFO:httpx:HTTP Request: POST https://generativelanguage.googleapis.com/v1beta/models/gemini-2.5-flash:generateContent "HTTP/1.1 200 OK"
INFO:google_genai.models:AFC is enabled with max remote calls: 10.
INFO:httpx:HTTP Request: POST https://generativelanguage.googleapis.com/v1beta/models/gemini-2.5-flash:generateContent "HTTP/1.1 200 OK"
INFO:google_genai.models:AFC is enabled with max remote calls: 10.
INFO:httpx:HTTP Request: POST https://generativelanguage.googleapis.com/v1beta/models/gemini-2.5-flash:generateContent "HTTP/1.1 200 OK"
INFO:google_genai.models:AFC is enabled with max remote calls: 10.
INFO:httpx:HTTP Request: POST https://generativelanguage.googleapis.com/v1beta/models/gemini-2.5-flash:generateContent "HTTP/1.1 200 OK"
INFO:google_genai.models:AFC is enabled with max remote calls: 10.
INFO:httpx:HTTP Request: POST https://generativelanguage.googleapis.com/v1beta/models/gemini-2.5-flash:generateContent "HTTP/1.1 200 OK"
INFO:google_genai.models:AFC is enabled with max remote calls: 10.
INFO:httpx:HTTP Request: POST https://generativelanguage.googleapis.com/v1beta/models/gemini-2.5-flash:generateContent "HTTP/1.1 200 OK"
INFO:google_genai.models:AFC is enabled with max remote calls: 10.
INFO:httpx:HTTP Request: POST https://generativelanguage.googleapis.com/v1beta/models/gemini-2.5-flash:generateContent "HTTP/1.1 200 OK"
INFO:google_genai.models:AFC is enabled with max remote calls: 10.
INFO:httpx:HTTP Request: POST https://generativelanguage.googleapis.com/v1beta/models/gemini-2.5-flash:generateContent "HTTP/1.1 200 OK"
INFO:google_genai.models:AFC is enabled with max remote calls: 10.
INFO:httpx:HTTP Request: POST https://generativelanguage.googleapis.com/v1beta/models/gemini-2.5-flash:generateContent "HTTP/1.1 200 OK"
INFO:google_genai.models:AFC is enabled with max remote calls: 10.
INFO:httpx:HTTP Request: POST https://generativelanguage.googleapis.com/v1beta/models/gemini-2.5-flash:generateContent "HTTP/1.1 200 OK"
INFO:google_genai.models:AFC is enabled with max remote calls: 10.
INFO:httpx:HTTP Request: POST https://generativelanguage.googleapis.com/v1beta/models/gemini-2.5-flash:generateContent "HTTP/1.1 200 OK"
INFO:google_genai.models:AFC is enabled with max remote calls: 10.
INFO:httpx:HTTP Request: POST https://generativelanguage.googleapis.com/v1beta/models/gemini-2.5-flash:generateContent "HTTP/1.1 200 OK"
INFO:google_genai.models:AFC is enabled with max remote calls: 10.
INFO:httpx:HTTP Request: POST https://generativelanguage.googleapis.com/v1beta/models/gemini-2.5-flash:generateContent "HTTP/1.1 200 OK"
INFO:google_genai.models:AFC is enabled with max remote calls: 10.
INFO:httpx:HTTP Request: POST https://generativelanguage.googleapis.com/v1beta/models/gemini-2.5-flash:generateContent "HTTP/1.1 200 OK"
INFO:google_genai.models:AFC is enabled with max remote calls: 10.
INFO:httpx:HTTP Request: POST https://generativelanguage.googleapis.com/v1beta/models/gemini-2.5-flash:generateContent "HTTP/1.1 200 OK"
INFO:google_genai.models:AFC is enabled with max remote calls: 10.
INFO:httpx:HTTP Request: POST https://generativelanguage.googleapis.com/v1beta/models/gemini-2.5-flash:generateContent "HTTP/1.1 200 OK"
INFO:google_genai.models:AFC is enabled with max remote calls: 10.
INFO:httpx:HTTP Request: POST https://generativelanguage.googleapis.com/v1beta/models/gemini-2.5-flash:generateContent "HTTP/1.1 200 OK"
INFO:google_genai.models:AFC is enabled with max remote calls: 10.
INFO:httpx:HTTP Request: POST https://generativelanguage.googleapis.com/v1beta/models/gemini-2.5-flash:generateContent "HTTP/1.1 200 OK"
INFO:google_genai.models:AFC is enabled with max remote calls: 10.
INFO:httpx:HTTP Request: POST https://generativelanguage.googleapis.com/v1beta/models/gemini-2.5-flash:generateContent "HTTP/1.1 200 OK"
INFO:google_genai.models:AFC is enabled with max remote calls: 10.
INFO:httpx:HTTP Request: POST https://generativelanguage.googleapis.com/v1beta/models/gemini-2.5-flash:generateContent "HTTP/1.1 200 OK"
INFO:google_genai.models:AFC is enabled with max remote calls: 10.
INFO:httpx:HTTP Request: POST https://generativelanguage.googleapis.com/v1beta/models/gemini-2.5-flash:generateContent "HTTP/1.1 200 OK"
INFO:google_genai.models:AFC is enabled with max remote calls: 10.
INFO:httpx:HTTP Request: POST https://generativelanguage.googleapis.com/v1beta/models/gemini-2.5-flash:generateContent "HTTP/1.1 200 OK"
INFO:google_genai.models:AFC is enabled with max remote calls: 10.
INFO:httpx:HTTP Request: POST https://generativelanguage.googleapis.com/v1beta/models/gemini-2.5-flash:generateContent "HTTP/1.1 200 OK"
INFO:google_genai.models:AFC is enabled with max remote calls: 10.
INFO:httpx:HTTP Request: POST https://generativelanguage.googleapis.com/v1beta/models/gemini-2.5-flash:generateContent "HTTP/1.1 200 OK"
INFO:google_genai.models:AFC is enabled with max remote calls: 10.
INFO:httpx:HTTP Request: POST https://generativelanguage.googleapis.com/v1beta/models/gemini-2.5-flash:generateContent "HTTP/1.1 200 OK"
INFO:google_genai.models:AFC is enabled with max remote calls: 10.
INFO:httpx:HTTP Request: POST https://generativelanguage.googleapis.com/v1beta/models/gemini-2.5-flash:generateContent "HTTP/1.1 200 OK"
INFO:google_genai.models:AFC is enabled with max remote calls: 10.
INFO:httpx:HTTP Request: POST https://generativelanguage.googleapis.com/v1beta/models/gemini-2.5-flash:generateContent "HTTP/1.1 200 OK"
INFO:google_genai.models:AFC is enabled with max remote calls: 10.
INFO:root:[LiveCCWorker] Cleared cached video readers on stop request
INFO:root:[LiveCCWorker] Stop requested, breaking inference loop
INFO:root:[LiveCCWorker] LiveCC inference finished. Took 88.18 s
INFO:root:[LiveCCWorker] Cleared cached video readers after inference
INFO:httpx:HTTP Request: POST https://generativelanguage.googleapis.com/v1beta/models/gemini-2.5-flash:generateContent "HTTP/1.1 200 OK"
INFO:google_genai.models:AFC is enabled with max remote calls: 10.
INFO:httpx:HTTP Request: POST https://generativelanguage.googleapis.com/v1beta/models/gemini-2.5-flash:generateContent "HTTP/1.1 200 OK"
INFO:google_genai.models:AFC is enabled with max remote calls: 10.
INFO:httpx:HTTP Request: POST https://generativelanguage.googleapis.com/v1beta/models/gemini-2.5-flash:generateContent "HTTP/1.1 200 OK"
INFO:google_genai.models:AFC is enabled with max remote calls: 10.
INFO:httpx:HTTP Request: POST https://generativelanguage.googleapis.com/v1beta/models/gemini-2.5-flash:generateContent "HTTP/1.1 200 OK"
INFO:google_genai.models:AFC is enabled with max remote calls: 10.
INFO:httpx:HTTP Request: POST https://generativelanguage.googleapis.com/v1beta/models/gemini-2.5-flash:generateContent "HTTP/1.1 200 OK"
INFO:google_genai.models:AFC is enabled with max remote calls: 10.
INFO:httpx:HTTP Request: POST https://generativelanguage.googleapis.com/v1beta/models/gemini-2.5-flash:generateContent "HTTP/1.1 200 OK"
INFO:google_genai.models:AFC is enabled with max remote calls: 10.
INFO:httpx:HTTP Request: POST https://generativelanguage.googleapis.com/v1beta/models/gemini-2.5-flash:generateContent "HTTP/1.1 200 OK"
INFO:google_genai.models:AFC is enabled with max remote calls: 10.
INFO:httpx:HTTP Request: POST https://generativelanguage.googleapis.com/v1beta/models/gemini-2.5-flash:generateContent "HTTP/1.1 200 OK"
INFO:google_genai.models:AFC is enabled with max remote calls: 10.
INFO:httpx:HTTP Request: POST https://generativelanguage.googleapis.com/v1beta/models/gemini-2.5-flash:generateContent "HTTP/1.1 200 OK"
INFO:google_genai.models:AFC is enabled with max remote calls: 10.
INFO:httpx:HTTP Request: POST https://generativelanguage.googleapis.com/v1beta/models/gemini-2.5-flash:generateContent "HTTP/1.1 200 OK"
INFO:google_genai.models:AFC is enabled with max remote calls: 10.
INFO:httpx:HTTP Request: POST https://generativelanguage.googleapis.com/v1beta/models/gemini-2.5-flash:generateContent "HTTP/1.1 200 OK"
INFO:root:[GeminiBroadcaster] Gemini client initialized
INFO:root:[GeminiWorker] Ready
INFO:root:[LiveCCWorker] Start LiveCC inference on: /home/miislab-server5/Poyu/miis_broadcast_poyu/miis_broadcast/examples/basketball_1080p.mp4
INFO:root:[LiveCCWorker] Cleared cached video readers
INFO:google_genai.models:AFC is enabled with max remote calls: 10.
INFO:httpx:HTTP Request: POST https://generativelanguage.googleapis.com/v1beta/models/gemini-2.5-flash:generateContent "HTTP/1.1 200 OK"
INFO:google_genai.models:AFC is enabled with max remote calls: 10.
INFO:httpx:HTTP Request: POST https://generativelanguage.googleapis.com/v1beta/models/gemini-2.5-flash:generateContent "HTTP/1.1 200 OK"
INFO:google_genai.models:AFC is enabled with max remote calls: 10.
INFO:httpx:HTTP Request: POST https://generativelanguage.googleapis.com/v1beta/models/gemini-2.5-flash:generateContent "HTTP/1.1 200 OK"
INFO:google_genai.models:AFC is enabled with max remote calls: 10.
INFO:httpx:HTTP Request: POST https://generativelanguage.googleapis.com/v1beta/models/gemini-2.5-flash:generateContent "HTTP/1.1 200 OK"
INFO:google_genai.models:AFC is enabled with max remote calls: 10.
INFO:httpx:HTTP Request: POST https://generativelanguage.googleapis.com/v1beta/models/gemini-2.5-flash:generateContent "HTTP/1.1 200 OK"
INFO:google_genai.models:AFC is enabled with max remote calls: 10.
INFO:httpx:HTTP Request: POST https://generativelanguage.googleapis.com/v1beta/models/gemini-2.5-flash:generateContent "HTTP/1.1 200 OK"
INFO:google_genai.models:AFC is enabled with max remote calls: 10.
INFO:httpx:HTTP Request: POST https://generativelanguage.googleapis.com/v1beta/models/gemini-2.5-flash:generateContent "HTTP/1.1 200 OK"
INFO:google_genai.models:AFC is enabled with max remote calls: 10.
INFO:httpx:HTTP Request: POST https://generativelanguage.googleapis.com/v1beta/models/gemini-2.5-flash:generateContent "HTTP/1.1 200 OK"
INFO:google_genai.models:AFC is enabled with max remote calls: 10.
INFO:httpx:HTTP Request: POST https://generativelanguage.googleapis.com/v1beta/models/gemini-2.5-flash:generateContent "HTTP/1.1 200 OK"
INFO:google_genai.models:AFC is enabled with max remote calls: 10.
INFO:httpx:HTTP Request: POST https://generativelanguage.googleapis.com/v1beta/models/gemini-2.5-flash:generateContent "HTTP/1.1 200 OK"
INFO:google_genai.models:AFC is enabled with max remote calls: 10.
INFO:root:[LiveCCWorker] Cleared cached video readers on stop request
INFO:root:[LiveCCWorker] Stop requested, breaking inference loop
INFO:root:[LiveCCWorker] LiveCC inference finished. Took 46.45 s
INFO:root:[LiveCCWorker] Cleared cached video readers after inference
INFO:httpx:HTTP Request: POST https://generativelanguage.googleapis.com/v1beta/models/gemini-2.5-flash:generateContent "HTTP/1.1 200 OK"
INFO:google_genai.models:AFC is enabled with max remote calls: 10.
INFO:httpx:HTTP Request: POST https://generativelanguage.googleapis.com/v1beta/models/gemini-2.5-flash:generateContent "HTTP/1.1 200 OK"
INFO:google_genai.models:AFC is enabled with max remote calls: 10.
INFO:httpx:HTTP Request: POST https://generativelanguage.googleapis.com/v1beta/models/gemini-2.5-flash:generateContent "HTTP/1.1 200 OK"
INFO:google_genai.models:AFC is enabled with max remote calls: 10.
INFO:httpx:HTTP Request: POST https://generativelanguage.googleapis.com/v1beta/models/gemini-2.5-flash:generateContent "HTTP/1.1 200 OK"
INFO:google_genai.models:AFC is enabled with max remote calls: 10.
INFO:httpx:HTTP Request: POST https://generativelanguage.googleapis.com/v1beta/models/gemini-2.5-flash:generateContent "HTTP/1.1 200 OK"
INFO:google_genai.models:AFC is enabled with max remote calls: 10.
INFO:httpx:HTTP Request: POST https://generativelanguage.googleapis.com/v1beta/models/gemini-2.5-flash:generateContent "HTTP/1.1 200 OK"
INFO:google_genai.models:AFC is enabled with max remote calls: 10.
INFO:httpx:HTTP Request: POST https://generativelanguage.googleapis.com/v1beta/models/gemini-2.5-flash:generateContent "HTTP/1.1 200 OK"
INFO:google_genai.models:AFC is enabled with max remote calls: 10.
INFO:httpx:HTTP Request: POST https://generativelanguage.googleapis.com/v1beta/models/gemini-2.5-flash:generateContent "HTTP/1.1 200 OK"
INFO:google_genai.models:AFC is enabled with max remote calls: 10.
INFO:httpx:HTTP Request: POST https://generativelanguage.googleapis.com/v1beta/models/gemini-2.5-flash:generateContent "HTTP/1.1 200 OK"
INFO:google_genai.models:AFC is enabled with max remote calls: 10.
INFO:httpx:HTTP Request: POST https://generativelanguage.googleapis.com/v1beta/models/gemini-2.5-flash:generateContent "HTTP/1.1 200 OK"
INFO:google_genai.models:AFC is enabled with max remote calls: 10.
INFO:httpx:HTTP Request: POST https://generativelanguage.googleapis.com/v1beta/models/gemini-2.5-flash:generateContent "HTTP/1.1 200 OK"
INFO:google_genai.models:AFC is enabled with max remote calls: 10.
INFO:httpx:HTTP Request: POST https://generativelanguage.googleapis.com/v1beta/models/gemini-2.5-flash:generateContent "HTTP/1.1 200 OK"
INFO:root:[GeminiBroadcaster] Gemini client initialized
INFO:root:[GeminiWorker] Ready
INFO:root:[LiveCCWorker] Start LiveCC inference on: /home/miislab-server5/Poyu/miis_broadcast_poyu/miis_broadcast/examples/basketball_1080p.mp4
INFO:root:[LiveCCWorker] Cleared cached video readers
INFO:google_genai.models:AFC is enabled with max remote calls: 10.
INFO:httpx:HTTP Request: POST https://generativelanguage.googleapis.com/v1beta/models/gemini-2.5-flash:generateContent "HTTP/1.1 200 OK"
INFO:google_genai.models:AFC is enabled with max remote calls: 10.
INFO:httpx:HTTP Request: POST https://generativelanguage.googleapis.com/v1beta/models/gemini-2.5-flash:generateContent "HTTP/1.1 200 OK"
INFO:google_genai.models:AFC is enabled with max remote calls: 10.
INFO:httpx:HTTP Request: POST https://generativelanguage.googleapis.com/v1beta/models/gemini-2.5-flash:generateContent "HTTP/1.1 200 OK"
INFO:google_genai.models:AFC is enabled with max remote calls: 10.
INFO:httpx:HTTP Request: POST https://generativelanguage.googleapis.com/v1beta/models/gemini-2.5-flash:generateContent "HTTP/1.1 200 OK"
INFO:google_genai.models:AFC is enabled with max remote calls: 10.
INFO:httpx:HTTP Request: POST https://generativelanguage.googleapis.com/v1beta/models/gemini-2.5-flash:generateContent "HTTP/1.1 200 OK"
INFO:google_genai.models:AFC is enabled with max remote calls: 10.
INFO:httpx:HTTP Request: POST https://generativelanguage.googleapis.com/v1beta/models/gemini-2.5-flash:generateContent "HTTP/1.1 200 OK"
INFO:google_genai.models:AFC is enabled with max remote calls: 10.
INFO:httpx:HTTP Request: POST https://generativelanguage.googleapis.com/v1beta/models/gemini-2.5-flash:generateContent "HTTP/1.1 200 OK"
INFO:google_genai.models:AFC is enabled with max remote calls: 10.
INFO:httpx:HTTP Request: POST https://generativelanguage.googleapis.com/v1beta/models/gemini-2.5-flash:generateContent "HTTP/1.1 200 OK"
INFO:google_genai.models:AFC is enabled with max remote calls: 10.
INFO:httpx:HTTP Request: POST https://generativelanguage.googleapis.com/v1beta/models/gemini-2.5-flash:generateContent "HTTP/1.1 200 OK"
INFO:google_genai.models:AFC is enabled with max remote calls: 10.
INFO:httpx:HTTP Request: POST https://generativelanguage.googleapis.com/v1beta/models/gemini-2.5-flash:generateContent "HTTP/1.1 200 OK"
INFO:google_genai.models:AFC is enabled with max remote calls: 10.
INFO:httpx:HTTP Request: POST https://generativelanguage.googleapis.com/v1beta/models/gemini-2.5-flash:generateContent "HTTP/1.1 200 OK"
INFO:google_genai.models:AFC is enabled with max remote calls: 10.
INFO:httpx:HTTP Request: POST https://generativelanguage.googleapis.com/v1beta/models/gemini-2.5-flash:generateContent "HTTP/1.1 200 OK"
INFO:google_genai.models:AFC is enabled with max remote calls: 10.
INFO:httpx:HTTP Request: POST https://generativelanguage.googleapis.com/v1beta/models/gemini-2.5-flash:generateContent "HTTP/1.1 200 OK"
INFO:google_genai.models:AFC is enabled with max remote calls: 10.
INFO:httpx:HTTP Request: POST https://generativelanguage.googleapis.com/v1beta/models/gemini-2.5-flash:generateContent "HTTP/1.1 200 OK"
INFO:google_genai.models:AFC is enabled with max remote calls: 10.
INFO:httpx:HTTP Request: POST https://generativelanguage.googleapis.com/v1beta/models/gemini-2.5-flash:generateContent "HTTP/1.1 200 OK"
INFO:google_genai.models:AFC is enabled with max remote calls: 10.
INFO:httpx:HTTP Request: POST https://generativelanguage.googleapis.com/v1beta/models/gemini-2.5-flash:generateContent "HTTP/1.1 200 OK"
INFO:google_genai.models:AFC is enabled with max remote calls: 10.
INFO:httpx:HTTP Request: POST https://generativelanguage.googleapis.com/v1beta/models/gemini-2.5-flash:generateContent "HTTP/1.1 200 OK"
INFO:google_genai.models:AFC is enabled with max remote calls: 10.
INFO:httpx:HTTP Request: POST https://generativelanguage.googleapis.com/v1beta/models/gemini-2.5-flash:generateContent "HTTP/1.1 200 OK"
INFO:google_genai.models:AFC is enabled with max remote calls: 10.
INFO:httpx:HTTP Request: POST https://generativelanguage.googleapis.com/v1beta/models/gemini-2.5-flash:generateContent "HTTP/1.1 200 OK"
INFO:google_genai.models:AFC is enabled with max remote calls: 10.
INFO:httpx:HTTP Request: POST https://generativelanguage.googleapis.com/v1beta/models/gemini-2.5-flash:generateContent "HTTP/1.1 200 OK"
INFO:root:[LiveCCWorker] Cleared cached video readers on stop request
INFO:google_genai.models:AFC is enabled with max remote calls: 10.
INFO:root:[LiveCCWorker] Stop requested, breaking inference loop
INFO:root:[LiveCCWorker] LiveCC inference finished. Took 44.01 s
INFO:root:[LiveCCWorker] Cleared cached video readers after inference
INFO:httpx:HTTP Request: POST https://generativelanguage.googleapis.com/v1beta/models/gemini-2.5-flash:generateContent "HTTP/1.1 200 OK"
INFO:root:[GeminiBroadcaster] Gemini client initialized
INFO:root:[GeminiWorker] Ready
INFO:root:[LiveCCWorker] Start LiveCC inference on: /home/miislab-server5/Poyu/miis_broadcast_poyu/miis_broadcast/examples/basketball_1080p.mp4
INFO:root:[LiveCCWorker] Cleared cached video readers
INFO:google_genai.models:AFC is enabled with max remote calls: 10.
INFO:httpx:HTTP Request: POST https://generativelanguage.googleapis.com/v1beta/models/gemini-2.5-flash:generateContent "HTTP/1.1 200 OK"
INFO:google_genai.models:AFC is enabled with max remote calls: 10.
INFO:httpx:HTTP Request: POST https://generativelanguage.googleapis.com/v1beta/models/gemini-2.5-flash:generateContent "HTTP/1.1 200 OK"
INFO:google_genai.models:AFC is enabled with max remote calls: 10.
INFO:httpx:HTTP Request: POST https://generativelanguage.googleapis.com/v1beta/models/gemini-2.5-flash:generateContent "HTTP/1.1 200 OK"
INFO:google_genai.models:AFC is enabled with max remote calls: 10.
INFO:httpx:HTTP Request: POST https://generativelanguage.googleapis.com/v1beta/models/gemini-2.5-flash:generateContent "HTTP/1.1 200 OK"
INFO:google_genai.models:AFC is enabled with max remote calls: 10.
INFO:httpx:HTTP Request: POST https://generativelanguage.googleapis.com/v1beta/models/gemini-2.5-flash:generateContent "HTTP/1.1 200 OK"
INFO:google_genai.models:AFC is enabled with max remote calls: 10.
INFO:httpx:HTTP Request: POST https://generativelanguage.googleapis.com/v1beta/models/gemini-2.5-flash:generateContent "HTTP/1.1 200 OK"
INFO:google_genai.models:AFC is enabled with max remote calls: 10.
INFO:httpx:HTTP Request: POST https://generativelanguage.googleapis.com/v1beta/models/gemini-2.5-flash:generateContent "HTTP/1.1 200 OK"
INFO:google_genai.models:AFC is enabled with max remote calls: 10.
INFO:httpx:HTTP Request: POST https://generativelanguage.googleapis.com/v1beta/models/gemini-2.5-flash:generateContent "HTTP/1.1 200 OK"
INFO:google_genai.models:AFC is enabled with max remote calls: 10.
INFO:httpx:HTTP Request: POST https://generativelanguage.googleapis.com/v1beta/models/gemini-2.5-flash:generateContent "HTTP/1.1 200 OK"
INFO:google_genai.models:AFC is enabled with max remote calls: 10.
INFO:httpx:HTTP Request: POST https://generativelanguage.googleapis.com/v1beta/models/gemini-2.5-flash:generateContent "HTTP/1.1 200 OK"
INFO:google_genai.models:AFC is enabled with max remote calls: 10.
INFO:httpx:HTTP Request: POST https://generativelanguage.googleapis.com/v1beta/models/gemini-2.5-flash:generateContent "HTTP/1.1 200 OK"
INFO:google_genai.models:AFC is enabled with max remote calls: 10.
INFO:httpx:HTTP Request: POST https://generativelanguage.googleapis.com/v1beta/models/gemini-2.5-flash:generateContent "HTTP/1.1 200 OK"
INFO:google_genai.models:AFC is enabled with max remote calls: 10.
INFO:httpx:HTTP Request: POST https://generativelanguage.googleapis.com/v1beta/models/gemini-2.5-flash:generateContent "HTTP/1.1 200 OK"
INFO:google_genai.models:AFC is enabled with max remote calls: 10.
INFO:httpx:HTTP Request: POST https://generativelanguage.googleapis.com/v1beta/models/gemini-2.5-flash:generateContent "HTTP/1.1 200 OK"
INFO:google_genai.models:AFC is enabled with max remote calls: 10.
INFO:httpx:HTTP Request: POST https://generativelanguage.googleapis.com/v1beta/models/gemini-2.5-flash:generateContent "HTTP/1.1 200 OK"
INFO:google_genai.models:AFC is enabled with max remote calls: 10.
INFO:httpx:HTTP Request: POST https://generativelanguage.googleapis.com/v1beta/models/gemini-2.5-flash:generateContent "HTTP/1.1 200 OK"
INFO:google_genai.models:AFC is enabled with max remote calls: 10.
INFO:httpx:HTTP Request: POST https://generativelanguage.googleapis.com/v1beta/models/gemini-2.5-flash:generateContent "HTTP/1.1 200 OK"
INFO:root:[LiveCCWorker] Cleared cached video readers on stop request
INFO:google_genai.models:AFC is enabled with max remote calls: 10.
INFO:root:[LiveCCWorker] Stop requested, breaking inference loop
INFO:root:[LiveCCWorker] LiveCC inference finished. Took 39.99 s
INFO:root:[LiveCCWorker] Cleared cached video readers after inference
INFO:httpx:HTTP Request: POST https://generativelanguage.googleapis.com/v1beta/models/gemini-2.5-flash:generateContent "HTTP/1.1 200 OK"
INFO:root:[GeminiBroadcaster] Gemini client initialized
INFO:root:[GeminiWorker] Ready
INFO:root:[LiveCCWorker] Start LiveCC inference on: /home/miislab-server5/Poyu/miis_broadcast_poyu/miis_broadcast/examples/basketball_1080p.mp4
INFO:root:[LiveCCWorker] Cleared cached video readers
INFO:root:[LiveCCWorker] Cleared cached video readers on stop request
INFO:root:[LiveCCWorker] Stop requested, breaking inference loop
INFO:root:[LiveCCWorker] LiveCC inference finished. Took 13.86 s
INFO:root:[LiveCCWorker] Cleared cached video readers after inference
INFO:root:[LiveCCWorker] Start LiveCC inference on: /home/miislab-server5/Poyu/miis_broadcast_poyu/miis_broadcast/examples/basketball_1080p.mp4
INFO:root:[LiveCCWorker] Cleared cached video readers
INFO:root:[LiveCCWorker] Stop requested, breaking inference loop
INFO:root:[LiveCCWorker] LiveCC inference finished. Took 22.27 s
INFO:root:[LiveCCWorker] Cleared cached video readers after inference
INFO:root:[LiveCCWorker] Cleared cached video readers on stop request
INFO:root:[GeminiBroadcaster] Gemini client initialized
INFO:root:[GeminiWorker] Ready
INFO:root:[LiveCCWorker] Start LiveCC inference on: /home/miislab-server5/Poyu/miis_broadcast_poyu/miis_broadcast/examples/basketball_1080p_02.mp4
INFO:root:[LiveCCWorker] Cleared cached video readers
INFO:google_genai.models:AFC is enabled with max remote calls: 10.
INFO:httpx:HTTP Request: POST https://generativelanguage.googleapis.com/v1beta/models/gemini-2.5-flash:generateContent "HTTP/1.1 200 OK"
INFO:google_genai.models:AFC is enabled with max remote calls: 10.
INFO:httpx:HTTP Request: POST https://generativelanguage.googleapis.com/v1beta/models/gemini-2.5-flash:generateContent "HTTP/1.1 200 OK"
INFO:google_genai.models:AFC is enabled with max remote calls: 10.
INFO:httpx:HTTP Request: POST https://generativelanguage.googleapis.com/v1beta/models/gemini-2.5-flash:generateContent "HTTP/1.1 200 OK"
INFO:google_genai.models:AFC is enabled with max remote calls: 10.
INFO:httpx:HTTP Request: POST https://generativelanguage.googleapis.com/v1beta/models/gemini-2.5-flash:generateContent "HTTP/1.1 200 OK"
INFO:google_genai.models:AFC is enabled with max remote calls: 10.
INFO:httpx:HTTP Request: POST https://generativelanguage.googleapis.com/v1beta/models/gemini-2.5-flash:generateContent "HTTP/1.1 200 OK"
INFO:google_genai.models:AFC is enabled with max remote calls: 10.
INFO:httpx:HTTP Request: POST https://generativelanguage.googleapis.com/v1beta/models/gemini-2.5-flash:generateContent "HTTP/1.1 200 OK"
INFO:google_genai.models:AFC is enabled with max remote calls: 10.
INFO:httpx:HTTP Request: POST https://generativelanguage.googleapis.com/v1beta/models/gemini-2.5-flash:generateContent "HTTP/1.1 200 OK"
INFO:google_genai.models:AFC is enabled with max remote calls: 10.
INFO:httpx:HTTP Request: POST https://generativelanguage.googleapis.com/v1beta/models/gemini-2.5-flash:generateContent "HTTP/1.1 200 OK"
INFO:google_genai.models:AFC is enabled with max remote calls: 10.
INFO:httpx:HTTP Request: POST https://generativelanguage.googleapis.com/v1beta/models/gemini-2.5-flash:generateContent "HTTP/1.1 200 OK"
INFO:google_genai.models:AFC is enabled with max remote calls: 10.
INFO:httpx:HTTP Request: POST https://generativelanguage.googleapis.com/v1beta/models/gemini-2.5-flash:generateContent "HTTP/1.1 200 OK"
INFO:google_genai.models:AFC is enabled with max remote calls: 10.
INFO:httpx:HTTP Request: POST https://generativelanguage.googleapis.com/v1beta/models/gemini-2.5-flash:generateContent "HTTP/1.1 200 OK"
INFO:google_genai.models:AFC is enabled with max remote calls: 10.
INFO:httpx:HTTP Request: POST https://generativelanguage.googleapis.com/v1beta/models/gemini-2.5-flash:generateContent "HTTP/1.1 200 OK"
INFO:google_genai.models:AFC is enabled with max remote calls: 10.
INFO:httpx:HTTP Request: POST https://generativelanguage.googleapis.com/v1beta/models/gemini-2.5-flash:generateContent "HTTP/1.1 200 OK"
INFO:google_genai.models:AFC is enabled with max remote calls: 10.
INFO:httpx:HTTP Request: POST https://generativelanguage.googleapis.com/v1beta/models/gemini-2.5-flash:generateContent "HTTP/1.1 200 OK"
INFO:google_genai.models:AFC is enabled with max remote calls: 10.
INFO:httpx:HTTP Request: POST https://generativelanguage.googleapis.com/v1beta/models/gemini-2.5-flash:generateContent "HTTP/1.1 200 OK"
INFO:google_genai.models:AFC is enabled with max remote calls: 10.
INFO:httpx:HTTP Request: POST https://generativelanguage.googleapis.com/v1beta/models/gemini-2.5-flash:generateContent "HTTP/1.1 200 OK"
INFO:google_genai.models:AFC is enabled with max remote calls: 10.
INFO:httpx:HTTP Request: POST https://generativelanguage.googleapis.com/v1beta/models/gemini-2.5-flash:generateContent "HTTP/1.1 200 OK"
INFO:google_genai.models:AFC is enabled with max remote calls: 10.
INFO:httpx:HTTP Request: POST https://generativelanguage.googleapis.com/v1beta/models/gemini-2.5-flash:generateContent "HTTP/1.1 200 OK"
INFO:google_genai.models:AFC is enabled with max remote calls: 10.
INFO:httpx:HTTP Request: POST https://generativelanguage.googleapis.com/v1beta/models/gemini-2.5-flash:generateContent "HTTP/1.1 200 OK"
INFO:google_genai.models:AFC is enabled with max remote calls: 10.
INFO:httpx:HTTP Request: POST https://generativelanguage.googleapis.com/v1beta/models/gemini-2.5-flash:generateContent "HTTP/1.1 200 OK"
INFO:google_genai.models:AFC is enabled with max remote calls: 10.
INFO:httpx:HTTP Request: POST https://generativelanguage.googleapis.com/v1beta/models/gemini-2.5-flash:generateContent "HTTP/1.1 200 OK"
INFO:google_genai.models:AFC is enabled with max remote calls: 10.
INFO:httpx:HTTP Request: POST https://generativelanguage.googleapis.com/v1beta/models/gemini-2.5-flash:generateContent "HTTP/1.1 200 OK"
INFO:google_genai.models:AFC is enabled with max remote calls: 10.
INFO:httpx:HTTP Request: POST https://generativelanguage.googleapis.com/v1beta/models/gemini-2.5-flash:generateContent "HTTP/1.1 200 OK"
INFO:google_genai.models:AFC is enabled with max remote calls: 10.
INFO:httpx:HTTP Request: POST https://generativelanguage.googleapis.com/v1beta/models/gemini-2.5-flash:generateContent "HTTP/1.1 200 OK"
INFO:google_genai.models:AFC is enabled with max remote calls: 10.
INFO:httpx:HTTP Request: POST https://generativelanguage.googleapis.com/v1beta/models/gemini-2.5-flash:generateContent "HTTP/1.1 200 OK"
INFO:google_genai.models:AFC is enabled with max remote calls: 10.
INFO:httpx:HTTP Request: POST https://generativelanguage.googleapis.com/v1beta/models/gemini-2.5-flash:generateContent "HTTP/1.1 200 OK"
INFO:google_genai.models:AFC is enabled with max remote calls: 10.
INFO:httpx:HTTP Request: POST https://generativelanguage.googleapis.com/v1beta/models/gemini-2.5-flash:generateContent "HTTP/1.1 200 OK"
INFO:google_genai.models:AFC is enabled with max remote calls: 10.
INFO:httpx:HTTP Request: POST https://generativelanguage.googleapis.com/v1beta/models/gemini-2.5-flash:generateContent "HTTP/1.1 200 OK"
INFO:google_genai.models:AFC is enabled with max remote calls: 10.
INFO:httpx:HTTP Request: POST https://generativelanguage.googleapis.com/v1beta/models/gemini-2.5-flash:generateContent "HTTP/1.1 200 OK"
INFO:google_genai.models:AFC is enabled with max remote calls: 10.
INFO:httpx:HTTP Request: POST https://generativelanguage.googleapis.com/v1beta/models/gemini-2.5-flash:generateContent "HTTP/1.1 200 OK"
INFO:google_genai.models:AFC is enabled with max remote calls: 10.
INFO:httpx:HTTP Request: POST https://generativelanguage.googleapis.com/v1beta/models/gemini-2.5-flash:generateContent "HTTP/1.1 200 OK"
INFO:google_genai.models:AFC is enabled with max remote calls: 10.
INFO:httpx:HTTP Request: POST https://generativelanguage.googleapis.com/v1beta/models/gemini-2.5-flash:generateContent "HTTP/1.1 200 OK"
INFO:google_genai.models:AFC is enabled with max remote calls: 10.
INFO:httpx:HTTP Request: POST https://generativelanguage.googleapis.com/v1beta/models/gemini-2.5-flash:generateContent "HTTP/1.1 200 OK"
INFO:google_genai.models:AFC is enabled with max remote calls: 10.
INFO:httpx:HTTP Request: POST https://generativelanguage.googleapis.com/v1beta/models/gemini-2.5-flash:generateContent "HTTP/1.1 200 OK"
INFO:google_genai.models:AFC is enabled with max remote calls: 10.
INFO:httpx:HTTP Request: POST https://generativelanguage.googleapis.com/v1beta/models/gemini-2.5-flash:generateContent "HTTP/1.1 200 OK"
INFO:google_genai.models:AFC is enabled with max remote calls: 10.
INFO:httpx:HTTP Request: POST https://generativelanguage.googleapis.com/v1beta/models/gemini-2.5-flash:generateContent "HTTP/1.1 200 OK"
INFO:google_genai.models:AFC is enabled with max remote calls: 10.
INFO:httpx:HTTP Request: POST https://generativelanguage.googleapis.com/v1beta/models/gemini-2.5-flash:generateContent "HTTP/1.1 200 OK"
INFO:google_genai.models:AFC is enabled with max remote calls: 10.
INFO:httpx:HTTP Request: POST https://generativelanguage.googleapis.com/v1beta/models/gemini-2.5-flash:generateContent "HTTP/1.1 200 OK"
INFO:google_genai.models:AFC is enabled with max remote calls: 10.
INFO:httpx:HTTP Request: POST https://generativelanguage.googleapis.com/v1beta/models/gemini-2.5-flash:generateContent "HTTP/1.1 200 OK"
INFO:google_genai.models:AFC is enabled with max remote calls: 10.
INFO:httpx:HTTP Request: POST https://generativelanguage.googleapis.com/v1beta/models/gemini-2.5-flash:generateContent "HTTP/1.1 200 OK"
INFO:google_genai.models:AFC is enabled with max remote calls: 10.
INFO:httpx:HTTP Request: POST https://generativelanguage.googleapis.com/v1beta/models/gemini-2.5-flash:generateContent "HTTP/1.1 200 OK"
INFO:google_genai.models:AFC is enabled with max remote calls: 10.
INFO:httpx:HTTP Request: POST https://generativelanguage.googleapis.com/v1beta/models/gemini-2.5-flash:generateContent "HTTP/1.1 200 OK"
INFO:google_genai.models:AFC is enabled with max remote calls: 10.
INFO:httpx:HTTP Request: POST https://generativelanguage.googleapis.com/v1beta/models/gemini-2.5-flash:generateContent "HTTP/1.1 200 OK"
INFO:google_genai.models:AFC is enabled with max remote calls: 10.
INFO:httpx:HTTP Request: POST https://generativelanguage.googleapis.com/v1beta/models/gemini-2.5-flash:generateContent "HTTP/1.1 200 OK"
INFO:google_genai.models:AFC is enabled with max remote calls: 10.
INFO:httpx:HTTP Request: POST https://generativelanguage.googleapis.com/v1beta/models/gemini-2.5-flash:generateContent "HTTP/1.1 200 OK"
INFO:google_genai.models:AFC is enabled with max remote calls: 10.
INFO:httpx:HTTP Request: POST https://generativelanguage.googleapis.com/v1beta/models/gemini-2.5-flash:generateContent "HTTP/1.1 200 OK"
INFO:google_genai.models:AFC is enabled with max remote calls: 10.
INFO:httpx:HTTP Request: POST https://generativelanguage.googleapis.com/v1beta/models/gemini-2.5-flash:generateContent "HTTP/1.1 200 OK"
INFO:google_genai.models:AFC is enabled with max remote calls: 10.
INFO:root:[LiveCCWorker] Cleared cached video readers on stop request
INFO:httpx:HTTP Request: POST https://generativelanguage.googleapis.com/v1beta/models/gemini-2.5-flash:generateContent "HTTP/1.1 200 OK"
INFO:root:[LiveCCWorker] Stop requested, breaking inference loop
INFO:root:[LiveCCWorker] LiveCC inference finished. Took 98.75 s
INFO:root:[LiveCCWorker] Cleared cached video readers after inference
INFO:root:[LiveCCWorker] Start LiveCC inference on: /home/miislab-server5/Poyu/miis_broadcast_poyu/miis_broadcast/examples/basketball_1080p_02.mp4
INFO:root:[LiveCCWorker] Cleared cached video readers
INFO:google_genai.models:AFC is enabled with max remote calls: 10.
INFO:httpx:HTTP Request: POST https://generativelanguage.googleapis.com/v1beta/models/gemini-2.5-flash:generateContent "HTTP/1.1 200 OK"
INFO:google_genai.models:AFC is enabled with max remote calls: 10.
INFO:httpx:HTTP Request: POST https://generativelanguage.googleapis.com/v1beta/models/gemini-2.5-flash:generateContent "HTTP/1.1 200 OK"
INFO:google_genai.models:AFC is enabled with max remote calls: 10.
INFO:httpx:HTTP Request: POST https://generativelanguage.googleapis.com/v1beta/models/gemini-2.5-flash:generateContent "HTTP/1.1 200 OK"
INFO:google_genai.models:AFC is enabled with max remote calls: 10.
INFO:httpx:HTTP Request: POST https://generativelanguage.googleapis.com/v1beta/models/gemini-2.5-flash:generateContent "HTTP/1.1 200 OK"
INFO:google_genai.models:AFC is enabled with max remote calls: 10.
INFO:httpx:HTTP Request: POST https://generativelanguage.googleapis.com/v1beta/models/gemini-2.5-flash:generateContent "HTTP/1.1 200 OK"
INFO:google_genai.models:AFC is enabled with max remote calls: 10.
INFO:httpx:HTTP Request: POST https://generativelanguage.googleapis.com/v1beta/models/gemini-2.5-flash:generateContent "HTTP/1.1 200 OK"
INFO:google_genai.models:AFC is enabled with max remote calls: 10.
INFO:httpx:HTTP Request: POST https://generativelanguage.googleapis.com/v1beta/models/gemini-2.5-flash:generateContent "HTTP/1.1 200 OK"
INFO:google_genai.models:AFC is enabled with max remote calls: 10.
INFO:httpx:HTTP Request: POST https://generativelanguage.googleapis.com/v1beta/models/gemini-2.5-flash:generateContent "HTTP/1.1 200 OK"
INFO:google_genai.models:AFC is enabled with max remote calls: 10.
INFO:root:[LiveCCWorker] Stop requested, breaking inference loop
INFO:root:[LiveCCWorker] LiveCC inference finished. Took 19.97 s
INFO:root:[LiveCCWorker] Cleared cached video readers after inference
INFO:root:[LiveCCWorker] Cleared cached video readers on stop request
INFO:httpx:HTTP Request: POST https://generativelanguage.googleapis.com/v1beta/models/gemini-2.5-flash:generateContent "HTTP/1.1 200 OK"
INFO:root:[GeminiBroadcaster] Gemini client initialized
INFO:root:[GeminiWorker] Ready
INFO:root:[LiveCCWorker] Start LiveCC inference on: /home/miislab-server5/Poyu/miis_broadcast_poyu/miis_broadcast/examples/basketball_1080p.mp4
INFO:root:[LiveCCWorker] Cleared cached video readers
INFO:google_genai.models:AFC is enabled with max remote calls: 10.
INFO:httpx:HTTP Request: POST https://generativelanguage.googleapis.com/v1beta/models/gemini-2.5-flash:streamGenerateContent?alt=sse "HTTP/1.1 200 OK"
INFO:google_genai.models:AFC is enabled with max remote calls: 10.
INFO:httpx:HTTP Request: POST https://generativelanguage.googleapis.com/v1beta/models/gemini-2.5-flash:streamGenerateContent?alt=sse "HTTP/1.1 200 OK"
INFO:google_genai.models:AFC is enabled with max remote calls: 10.
INFO:httpx:HTTP Request: POST https://generativelanguage.googleapis.com/v1beta/models/gemini-2.5-flash:streamGenerateContent?alt=sse "HTTP/1.1 200 OK"
INFO:google_genai.models:AFC is enabled with max remote calls: 10.
INFO:httpx:HTTP Request: POST https://generativelanguage.googleapis.com/v1beta/models/gemini-2.5-flash:streamGenerateContent?alt=sse "HTTP/1.1 200 OK"
INFO:google_genai.models:AFC is enabled with max remote calls: 10.
INFO:httpx:HTTP Request: POST https://generativelanguage.googleapis.com/v1beta/models/gemini-2.5-flash:streamGenerateContent?alt=sse "HTTP/1.1 200 OK"
INFO:google_genai.models:AFC is enabled with max remote calls: 10.
INFO:httpx:HTTP Request: POST https://generativelanguage.googleapis.com/v1beta/models/gemini-2.5-flash:streamGenerateContent?alt=sse "HTTP/1.1 200 OK"
INFO:google_genai.models:AFC is enabled with max remote calls: 10.
INFO:httpx:HTTP Request: POST https://generativelanguage.googleapis.com/v1beta/models/gemini-2.5-flash:streamGenerateContent?alt=sse "HTTP/1.1 200 OK"
INFO:google_genai.models:AFC is enabled with max remote calls: 10.
INFO:httpx:HTTP Request: POST https://generativelanguage.googleapis.com/v1beta/models/gemini-2.5-flash:streamGenerateContent?alt=sse "HTTP/1.1 200 OK"
INFO:google_genai.models:AFC is enabled with max remote calls: 10.
INFO:httpx:HTTP Request: POST https://generativelanguage.googleapis.com/v1beta/models/gemini-2.5-flash:streamGenerateContent?alt=sse "HTTP/1.1 200 OK"
INFO:google_genai.models:AFC is enabled with max remote calls: 10.
INFO:httpx:HTTP Request: POST https://generativelanguage.googleapis.com/v1beta/models/gemini-2.5-flash:streamGenerateContent?alt=sse "HTTP/1.1 200 OK"
INFO:google_genai.models:AFC is enabled with max remote calls: 10.
INFO:httpx:HTTP Request: POST https://generativelanguage.googleapis.com/v1beta/models/gemini-2.5-flash:streamGenerateContent?alt=sse "HTTP/1.1 200 OK"
INFO:google_genai.models:AFC is enabled with max remote calls: 10.
INFO:httpx:HTTP Request: POST https://generativelanguage.googleapis.com/v1beta/models/gemini-2.5-flash:streamGenerateContent?alt=sse "HTTP/1.1 200 OK"
INFO:google_genai.models:AFC is enabled with max remote calls: 10.
INFO:httpx:HTTP Request: POST https://generativelanguage.googleapis.com/v1beta/models/gemini-2.5-flash:streamGenerateContent?alt=sse "HTTP/1.1 200 OK"
INFO:google_genai.models:AFC is enabled with max remote calls: 10.
INFO:httpx:HTTP Request: POST https://generativelanguage.googleapis.com/v1beta/models/gemini-2.5-flash:streamGenerateContent?alt=sse "HTTP/1.1 200 OK"
INFO:google_genai.models:AFC is enabled with max remote calls: 10.
INFO:httpx:HTTP Request: POST https://generativelanguage.googleapis.com/v1beta/models/gemini-2.5-flash:streamGenerateContent?alt=sse "HTTP/1.1 200 OK"
INFO:google_genai.models:AFC is enabled with max remote calls: 10.
INFO:httpx:HTTP Request: POST https://generativelanguage.googleapis.com/v1beta/models/gemini-2.5-flash:streamGenerateContent?alt=sse "HTTP/1.1 200 OK"
INFO:google_genai.models:AFC is enabled with max remote calls: 10.
INFO:httpx:HTTP Request: POST https://generativelanguage.googleapis.com/v1beta/models/gemini-2.5-flash:streamGenerateContent?alt=sse "HTTP/1.1 200 OK"
INFO:google_genai.models:AFC is enabled with max remote calls: 10.
INFO:httpx:HTTP Request: POST https://generativelanguage.googleapis.com/v1beta/models/gemini-2.5-flash:streamGenerateContent?alt=sse "HTTP/1.1 200 OK"
INFO:google_genai.models:AFC is enabled with max remote calls: 10.
INFO:httpx:HTTP Request: POST https://generativelanguage.googleapis.com/v1beta/models/gemini-2.5-flash:streamGenerateContent?alt=sse "HTTP/1.1 200 OK"
INFO:google_genai.models:AFC is enabled with max remote calls: 10.
INFO:httpx:HTTP Request: POST https://generativelanguage.googleapis.com/v1beta/models/gemini-2.5-flash:streamGenerateContent?alt=sse "HTTP/1.1 200 OK"
INFO:google_genai.models:AFC is enabled with max remote calls: 10.
INFO:httpx:HTTP Request: POST https://generativelanguage.googleapis.com/v1beta/models/gemini-2.5-flash:streamGenerateContent?alt=sse "HTTP/1.1 200 OK"
INFO:google_genai.models:AFC is enabled with max remote calls: 10.
INFO:httpx:HTTP Request: POST https://generativelanguage.googleapis.com/v1beta/models/gemini-2.5-flash:streamGenerateContent?alt=sse "HTTP/1.1 200 OK"
INFO:google_genai.models:AFC is enabled with max remote calls: 10.
INFO:httpx:HTTP Request: POST https://generativelanguage.googleapis.com/v1beta/models/gemini-2.5-flash:streamGenerateContent?alt=sse "HTTP/1.1 200 OK"
INFO:google_genai.models:AFC is enabled with max remote calls: 10.
INFO:httpx:HTTP Request: POST https://generativelanguage.googleapis.com/v1beta/models/gemini-2.5-flash:streamGenerateContent?alt=sse "HTTP/1.1 200 OK"
INFO:google_genai.models:AFC is enabled with max remote calls: 10.
INFO:httpx:HTTP Request: POST https://generativelanguage.googleapis.com/v1beta/models/gemini-2.5-flash:streamGenerateContent?alt=sse "HTTP/1.1 200 OK"
INFO:google_genai.models:AFC is enabled with max remote calls: 10.
INFO:httpx:HTTP Request: POST https://generativelanguage.googleapis.com/v1beta/models/gemini-2.5-flash:streamGenerateContent?alt=sse "HTTP/1.1 200 OK"
INFO:google_genai.models:AFC is enabled with max remote calls: 10.
INFO:httpx:HTTP Request: POST https://generativelanguage.googleapis.com/v1beta/models/gemini-2.5-flash:streamGenerateContent?alt=sse "HTTP/1.1 200 OK"
INFO:google_genai.models:AFC is enabled with max remote calls: 10.
INFO:httpx:HTTP Request: POST https://generativelanguage.googleapis.com/v1beta/models/gemini-2.5-flash:streamGenerateContent?alt=sse "HTTP/1.1 200 OK"
INFO:google_genai.models:AFC is enabled with max remote calls: 10.
INFO:httpx:HTTP Request: POST https://generativelanguage.googleapis.com/v1beta/models/gemini-2.5-flash:streamGenerateContent?alt=sse "HTTP/1.1 200 OK"
INFO:google_genai.models:AFC is enabled with max remote calls: 10.
INFO:httpx:HTTP Request: POST https://generativelanguage.googleapis.com/v1beta/models/gemini-2.5-flash:streamGenerateContent?alt=sse "HTTP/1.1 200 OK"
INFO:google_genai.models:AFC is enabled with max remote calls: 10.
INFO:httpx:HTTP Request: POST https://generativelanguage.googleapis.com/v1beta/models/gemini-2.5-flash:streamGenerateContent?alt=sse "HTTP/1.1 200 OK"
INFO:google_genai.models:AFC is enabled with max remote calls: 10.
INFO:httpx:HTTP Request: POST https://generativelanguage.googleapis.com/v1beta/models/gemini-2.5-flash:streamGenerateContent?alt=sse "HTTP/1.1 200 OK"
INFO:google_genai.models:AFC is enabled with max remote calls: 10.
INFO:httpx:HTTP Request: POST https://generativelanguage.googleapis.com/v1beta/models/gemini-2.5-flash:streamGenerateContent?alt=sse "HTTP/1.1 200 OK"
INFO:google_genai.models:AFC is enabled with max remote calls: 10.
INFO:httpx:HTTP Request: POST https://generativelanguage.googleapis.com/v1beta/models/gemini-2.5-flash:streamGenerateContent?alt=sse "HTTP/1.1 200 OK"
INFO:google_genai.models:AFC is enabled with max remote calls: 10.
INFO:httpx:HTTP Request: POST https://generativelanguage.googleapis.com/v1beta/models/gemini-2.5-flash:streamGenerateContent?alt=sse "HTTP/1.1 200 OK"
INFO:google_genai.models:AFC is enabled with max remote calls: 10.
INFO:httpx:HTTP Request: POST https://generativelanguage.googleapis.com/v1beta/models/gemini-2.5-flash:streamGenerateContent?alt=sse "HTTP/1.1 200 OK"
INFO:google_genai.models:AFC is enabled with max remote calls: 10.
INFO:httpx:HTTP Request: POST https://generativelanguage.googleapis.com/v1beta/models/gemini-2.5-flash:streamGenerateContent?alt=sse "HTTP/1.1 200 OK"
INFO:google_genai.models:AFC is enabled with max remote calls: 10.
INFO:httpx:HTTP Request: POST https://generativelanguage.googleapis.com/v1beta/models/gemini-2.5-flash:streamGenerateContent?alt=sse "HTTP/1.1 200 OK"
INFO:google_genai.models:AFC is enabled with max remote calls: 10.
INFO:httpx:HTTP Request: POST https://generativelanguage.googleapis.com/v1beta/models/gemini-2.5-flash:streamGenerateContent?alt=sse "HTTP/1.1 200 OK"
INFO:google_genai.models:AFC is enabled with max remote calls: 10.
INFO:httpx:HTTP Request: POST https://generativelanguage.googleapis.com/v1beta/models/gemini-2.5-flash:streamGenerateContent?alt=sse "HTTP/1.1 200 OK"
INFO:google_genai.models:AFC is enabled with max remote calls: 10.
INFO:httpx:HTTP Request: POST https://generativelanguage.googleapis.com/v1beta/models/gemini-2.5-flash:streamGenerateContent?alt=sse "HTTP/1.1 200 OK"
INFO:google_genai.models:AFC is enabled with max remote calls: 10.
INFO:httpx:HTTP Request: POST https://generativelanguage.googleapis.com/v1beta/models/gemini-2.5-flash:streamGenerateContent?alt=sse "HTTP/1.1 200 OK"
INFO:google_genai.models:AFC is enabled with max remote calls: 10.
INFO:httpx:HTTP Request: POST https://generativelanguage.googleapis.com/v1beta/models/gemini-2.5-flash:streamGenerateContent?alt=sse "HTTP/1.1 200 OK"
INFO:google_genai.models:AFC is enabled with max remote calls: 10.
INFO:httpx:HTTP Request: POST https://generativelanguage.googleapis.com/v1beta/models/gemini-2.5-flash:streamGenerateContent?alt=sse "HTTP/1.1 200 OK"
INFO:google_genai.models:AFC is enabled with max remote calls: 10.
INFO:httpx:HTTP Request: POST https://generativelanguage.googleapis.com/v1beta/models/gemini-2.5-flash:streamGenerateContent?alt=sse "HTTP/1.1 200 OK"
INFO:root:[LiveCCWorker] Cleared cached video readers on stop request
INFO:google_genai.models:AFC is enabled with max remote calls: 10.
INFO:root:[LiveCCWorker] Stop requested, breaking inference loop
INFO:root:[LiveCCWorker] LiveCC inference finished. Took 95.68 s
INFO:root:[LiveCCWorker] Cleared cached video readers on stop request
INFO:root:[LiveCCWorker] Cleared cached video readers after inference
INFO:root:[LiveCCWorker] Start LiveCC inference on: /home/miislab-server5/Poyu/miis_broadcast_poyu/miis_broadcast/examples/basketball_1080p.mp4
INFO:root:[LiveCCWorker] Cleared cached video readers
INFO:httpx:HTTP Request: POST https://generativelanguage.googleapis.com/v1beta/models/gemini-2.5-flash:streamGenerateContent?alt=sse "HTTP/1.1 200 OK"
INFO:google_genai.models:AFC is enabled with max remote calls: 10.
INFO:httpx:HTTP Request: POST https://generativelanguage.googleapis.com/v1beta/models/gemini-2.5-flash:streamGenerateContent?alt=sse "HTTP/1.1 200 OK"
INFO:root:[LiveCCWorker] Stop requested, breaking inference loop
INFO:root:[LiveCCWorker] LiveCC inference finished. Took 3.87 s
INFO:root:[LiveCCWorker] Cleared cached video readers after inference
INFO:root:[LiveCCWorker] Start LiveCC inference on: /home/miislab-server5/Poyu/miis_broadcast_poyu/miis_broadcast/examples/basketball_1080p.mp4
INFO:root:[LiveCCWorker] Cleared cached video readers
INFO:root:[LiveCCWorker] Cleared cached video readers on stop request
ERROR:root:[LiveCCWorker] Error during inference
Traceback (most recent call last):
  File "/home/miislab-server5/Poyu/miis_broadcast_poyu/miis_broadcast/src/miis_broadcast/workers/livecc.py", line 89, in runInference
    for (start_t, stop_t), response, state in self.livecc.live_cc(
  File "/home/miislab-server5/Poyu/miis_broadcast_poyu/miis_broadcast/src/miis_broadcast/core/models/livecc_transformers.py", line 390, in live_cc
    self._cached_video_readers_with_hw[video_path] = get_smart_resized_video_reader(
  File "/home/miislab-server5/miniconda3/envs/broadcast/lib/python3.10/site-packages/livecc_utils/video_process_patch.py", line 112, in get_smart_resized_video_reader
    height, width, _ = video_reader.next().shape
  File "/home/miislab-server5/miniconda3/envs/broadcast/lib/python3.10/site-packages/decord/video_reader.py", line 117, in next
    arr = _CAPI_VideoReaderNextFrame(self._handle)
  File "/home/miislab-server5/miniconda3/envs/broadcast/lib/python3.10/site-packages/decord/_ffi/_ctypes/function.py", line 173, in __call__
    check_call(_LIB.DECORDFuncCall(
  File "/home/miislab-server5/miniconda3/envs/broadcast/lib/python3.10/site-packages/decord/_ffi/base.py", line 78, in check_call
    raise DECORDError(err_str)
decord._ffi.base.DECORDError: [14:45:33] /github/workspace/src/video/video_reader.cc:444: [/home/miislab-server5/Poyu/miis_broadcast_poyu/miis_broadcast/examples/basketball_1080p.mp4]Unable to handle EOF because it takes too long to retrieve last few frames and `DECORD_EOF_RETRY_MAX=10240`. You may override the limit by `export DECORD_EOF_RETRY_MAX=20480` for example to allow more EOF retry attempts, exit...
INFO:root:[LiveCCWorker] Cleared cached video readers on stop request
INFO:root:[LiveCCWorker] Cleared cached video readers on stop request
INFO:root:[LiveCCWorker] Cleared cached video readers after inference
INFO:root:[LiveCCWorker] Start LiveCC inference on: /home/miislab-server5/Poyu/miis_broadcast_poyu/miis_broadcast/examples/basketball_1080p.mp4
INFO:root:[LiveCCWorker] Cleared cached video readers
INFO:root:[LiveCCWorker] Cleared cached video readers on stop request
INFO:google_genai.models:AFC is enabled with max remote calls: 10.
INFO:root:[LiveCCWorker] Stop requested, breaking inference loop
INFO:root:[LiveCCWorker] LiveCC inference finished. Took 4.34 s
INFO:root:[LiveCCWorker] Cleared cached video readers after inference
INFO:root:[LiveCCWorker] Start LiveCC inference on: /home/miislab-server5/Poyu/miis_broadcast_poyu/miis_broadcast/examples/basketball_1080p.mp4
INFO:root:[LiveCCWorker] Cleared cached video readers
INFO:httpx:HTTP Request: POST https://generativelanguage.googleapis.com/v1beta/models/gemini-2.5-flash:streamGenerateContent?alt=sse "HTTP/1.1 200 OK"
INFO:google_genai.models:AFC is enabled with max remote calls: 10.
INFO:httpx:HTTP Request: POST https://generativelanguage.googleapis.com/v1beta/models/gemini-2.5-flash:streamGenerateContent?alt=sse "HTTP/1.1 200 OK"
INFO:google_genai.models:AFC is enabled with max remote calls: 10.
INFO:httpx:HTTP Request: POST https://generativelanguage.googleapis.com/v1beta/models/gemini-2.5-flash:streamGenerateContent?alt=sse "HTTP/1.1 200 OK"
INFO:google_genai.models:AFC is enabled with max remote calls: 10.
INFO:httpx:HTTP Request: POST https://generativelanguage.googleapis.com/v1beta/models/gemini-2.5-flash:streamGenerateContent?alt=sse "HTTP/1.1 200 OK"
INFO:google_genai.models:AFC is enabled with max remote calls: 10.
INFO:httpx:HTTP Request: POST https://generativelanguage.googleapis.com/v1beta/models/gemini-2.5-flash:streamGenerateContent?alt=sse "HTTP/1.1 200 OK"
INFO:google_genai.models:AFC is enabled with max remote calls: 10.
INFO:httpx:HTTP Request: POST https://generativelanguage.googleapis.com/v1beta/models/gemini-2.5-flash:streamGenerateContent?alt=sse "HTTP/1.1 200 OK"
INFO:google_genai.models:AFC is enabled with max remote calls: 10.
INFO:httpx:HTTP Request: POST https://generativelanguage.googleapis.com/v1beta/models/gemini-2.5-flash:streamGenerateContent?alt=sse "HTTP/1.1 200 OK"
INFO:google_genai.models:AFC is enabled with max remote calls: 10.
INFO:httpx:HTTP Request: POST https://generativelanguage.googleapis.com/v1beta/models/gemini-2.5-flash:streamGenerateContent?alt=sse "HTTP/1.1 200 OK"
INFO:google_genai.models:AFC is enabled with max remote calls: 10.
INFO:httpx:HTTP Request: POST https://generativelanguage.googleapis.com/v1beta/models/gemini-2.5-flash:streamGenerateContent?alt=sse "HTTP/1.1 200 OK"
INFO:google_genai.models:AFC is enabled with max remote calls: 10.
INFO:httpx:HTTP Request: POST https://generativelanguage.googleapis.com/v1beta/models/gemini-2.5-flash:streamGenerateContent?alt=sse "HTTP/1.1 200 OK"
INFO:google_genai.models:AFC is enabled with max remote calls: 10.
INFO:httpx:HTTP Request: POST https://generativelanguage.googleapis.com/v1beta/models/gemini-2.5-flash:streamGenerateContent?alt=sse "HTTP/1.1 200 OK"
INFO:google_genai.models:AFC is enabled with max remote calls: 10.
INFO:httpx:HTTP Request: POST https://generativelanguage.googleapis.com/v1beta/models/gemini-2.5-flash:streamGenerateContent?alt=sse "HTTP/1.1 200 OK"
INFO:google_genai.models:AFC is enabled with max remote calls: 10.
INFO:httpx:HTTP Request: POST https://generativelanguage.googleapis.com/v1beta/models/gemini-2.5-flash:streamGenerateContent?alt=sse "HTTP/1.1 200 OK"
INFO:google_genai.models:AFC is enabled with max remote calls: 10.
INFO:httpx:HTTP Request: POST https://generativelanguage.googleapis.com/v1beta/models/gemini-2.5-flash:streamGenerateContent?alt=sse "HTTP/1.1 200 OK"
INFO:google_genai.models:AFC is enabled with max remote calls: 10.
INFO:httpx:HTTP Request: POST https://generativelanguage.googleapis.com/v1beta/models/gemini-2.5-flash:streamGenerateContent?alt=sse "HTTP/1.1 200 OK"
INFO:google_genai.models:AFC is enabled with max remote calls: 10.
INFO:httpx:HTTP Request: POST https://generativelanguage.googleapis.com/v1beta/models/gemini-2.5-flash:streamGenerateContent?alt=sse "HTTP/1.1 200 OK"
INFO:google_genai.models:AFC is enabled with max remote calls: 10.
INFO:httpx:HTTP Request: POST https://generativelanguage.googleapis.com/v1beta/models/gemini-2.5-flash:streamGenerateContent?alt=sse "HTTP/1.1 200 OK"
INFO:google_genai.models:AFC is enabled with max remote calls: 10.
INFO:httpx:HTTP Request: POST https://generativelanguage.googleapis.com/v1beta/models/gemini-2.5-flash:streamGenerateContent?alt=sse "HTTP/1.1 200 OK"
INFO:google_genai.models:AFC is enabled with max remote calls: 10.
INFO:httpx:HTTP Request: POST https://generativelanguage.googleapis.com/v1beta/models/gemini-2.5-flash:streamGenerateContent?alt=sse "HTTP/1.1 200 OK"
INFO:google_genai.models:AFC is enabled with max remote calls: 10.
INFO:httpx:HTTP Request: POST https://generativelanguage.googleapis.com/v1beta/models/gemini-2.5-flash:streamGenerateContent?alt=sse "HTTP/1.1 200 OK"
INFO:google_genai.models:AFC is enabled with max remote calls: 10.
INFO:httpx:HTTP Request: POST https://generativelanguage.googleapis.com/v1beta/models/gemini-2.5-flash:streamGenerateContent?alt=sse "HTTP/1.1 200 OK"
INFO:google_genai.models:AFC is enabled with max remote calls: 10.
INFO:httpx:HTTP Request: POST https://generativelanguage.googleapis.com/v1beta/models/gemini-2.5-flash:streamGenerateContent?alt=sse "HTTP/1.1 200 OK"
INFO:google_genai.models:AFC is enabled with max remote calls: 10.
INFO:httpx:HTTP Request: POST https://generativelanguage.googleapis.com/v1beta/models/gemini-2.5-flash:streamGenerateContent?alt=sse "HTTP/1.1 200 OK"
INFO:google_genai.models:AFC is enabled with max remote calls: 10.
INFO:httpx:HTTP Request: POST https://generativelanguage.googleapis.com/v1beta/models/gemini-2.5-flash:streamGenerateContent?alt=sse "HTTP/1.1 200 OK"
INFO:google_genai.models:AFC is enabled with max remote calls: 10.
INFO:httpx:HTTP Request: POST https://generativelanguage.googleapis.com/v1beta/models/gemini-2.5-flash:streamGenerateContent?alt=sse "HTTP/1.1 200 OK"
INFO:google_genai.models:AFC is enabled with max remote calls: 10.
INFO:httpx:HTTP Request: POST https://generativelanguage.googleapis.com/v1beta/models/gemini-2.5-flash:streamGenerateContent?alt=sse "HTTP/1.1 200 OK"
INFO:google_genai.models:AFC is enabled with max remote calls: 10.
INFO:httpx:HTTP Request: POST https://generativelanguage.googleapis.com/v1beta/models/gemini-2.5-flash:streamGenerateContent?alt=sse "HTTP/1.1 200 OK"
INFO:google_genai.models:AFC is enabled with max remote calls: 10.
INFO:httpx:HTTP Request: POST https://generativelanguage.googleapis.com/v1beta/models/gemini-2.5-flash:streamGenerateContent?alt=sse "HTTP/1.1 200 OK"
INFO:google_genai.models:AFC is enabled with max remote calls: 10.
INFO:httpx:HTTP Request: POST https://generativelanguage.googleapis.com/v1beta/models/gemini-2.5-flash:streamGenerateContent?alt=sse "HTTP/1.1 200 OK"
INFO:google_genai.models:AFC is enabled with max remote calls: 10.
INFO:httpx:HTTP Request: POST https://generativelanguage.googleapis.com/v1beta/models/gemini-2.5-flash:streamGenerateContent?alt=sse "HTTP/1.1 200 OK"
INFO:google_genai.models:AFC is enabled with max remote calls: 10.
INFO:httpx:HTTP Request: POST https://generativelanguage.googleapis.com/v1beta/models/gemini-2.5-flash:streamGenerateContent?alt=sse "HTTP/1.1 200 OK"
INFO:google_genai.models:AFC is enabled with max remote calls: 10.
INFO:httpx:HTTP Request: POST https://generativelanguage.googleapis.com/v1beta/models/gemini-2.5-flash:streamGenerateContent?alt=sse "HTTP/1.1 200 OK"
INFO:google_genai.models:AFC is enabled with max remote calls: 10.
INFO:httpx:HTTP Request: POST https://generativelanguage.googleapis.com/v1beta/models/gemini-2.5-flash:streamGenerateContent?alt=sse "HTTP/1.1 200 OK"
INFO:google_genai.models:AFC is enabled with max remote calls: 10.
INFO:httpx:HTTP Request: POST https://generativelanguage.googleapis.com/v1beta/models/gemini-2.5-flash:streamGenerateContent?alt=sse "HTTP/1.1 200 OK"
INFO:google_genai.models:AFC is enabled with max remote calls: 10.
INFO:httpx:HTTP Request: POST https://generativelanguage.googleapis.com/v1beta/models/gemini-2.5-flash:streamGenerateContent?alt=sse "HTTP/1.1 200 OK"
INFO:google_genai.models:AFC is enabled with max remote calls: 10.
INFO:httpx:HTTP Request: POST https://generativelanguage.googleapis.com/v1beta/models/gemini-2.5-flash:streamGenerateContent?alt=sse "HTTP/1.1 200 OK"
INFO:google_genai.models:AFC is enabled with max remote calls: 10.
INFO:httpx:HTTP Request: POST https://generativelanguage.googleapis.com/v1beta/models/gemini-2.5-flash:streamGenerateContent?alt=sse "HTTP/1.1 200 OK"
INFO:google_genai.models:AFC is enabled with max remote calls: 10.
INFO:httpx:HTTP Request: POST https://generativelanguage.googleapis.com/v1beta/models/gemini-2.5-flash:streamGenerateContent?alt=sse "HTTP/1.1 200 OK"
INFO:google_genai.models:AFC is enabled with max remote calls: 10.
INFO:httpx:HTTP Request: POST https://generativelanguage.googleapis.com/v1beta/models/gemini-2.5-flash:streamGenerateContent?alt=sse "HTTP/1.1 200 OK"
INFO:google_genai.models:AFC is enabled with max remote calls: 10.
INFO:httpx:HTTP Request: POST https://generativelanguage.googleapis.com/v1beta/models/gemini-2.5-flash:streamGenerateContent?alt=sse "HTTP/1.1 200 OK"
INFO:google_genai.models:AFC is enabled with max remote calls: 10.
INFO:httpx:HTTP Request: POST https://generativelanguage.googleapis.com/v1beta/models/gemini-2.5-flash:streamGenerateContent?alt=sse "HTTP/1.1 200 OK"
INFO:google_genai.models:AFC is enabled with max remote calls: 10.
INFO:httpx:HTTP Request: POST https://generativelanguage.googleapis.com/v1beta/models/gemini-2.5-flash:streamGenerateContent?alt=sse "HTTP/1.1 200 OK"
INFO:google_genai.models:AFC is enabled with max remote calls: 10.
INFO:httpx:HTTP Request: POST https://generativelanguage.googleapis.com/v1beta/models/gemini-2.5-flash:streamGenerateContent?alt=sse "HTTP/1.1 200 OK"
INFO:google_genai.models:AFC is enabled with max remote calls: 10.
INFO:httpx:HTTP Request: POST https://generativelanguage.googleapis.com/v1beta/models/gemini-2.5-flash:streamGenerateContent?alt=sse "HTTP/1.1 200 OK"
INFO:google_genai.models:AFC is enabled with max remote calls: 10.
INFO:httpx:HTTP Request: POST https://generativelanguage.googleapis.com/v1beta/models/gemini-2.5-flash:streamGenerateContent?alt=sse "HTTP/1.1 200 OK"
INFO:google_genai.models:AFC is enabled with max remote calls: 10.
INFO:httpx:HTTP Request: POST https://generativelanguage.googleapis.com/v1beta/models/gemini-2.5-flash:streamGenerateContent?alt=sse "HTTP/1.1 200 OK"
INFO:google_genai.models:AFC is enabled with max remote calls: 10.
INFO:httpx:HTTP Request: POST https://generativelanguage.googleapis.com/v1beta/models/gemini-2.5-flash:streamGenerateContent?alt=sse "HTTP/1.1 200 OK"
INFO:google_genai.models:AFC is enabled with max remote calls: 10.
INFO:httpx:HTTP Request: POST https://generativelanguage.googleapis.com/v1beta/models/gemini-2.5-flash:streamGenerateContent?alt=sse "HTTP/1.1 200 OK"
INFO:google_genai.models:AFC is enabled with max remote calls: 10.
INFO:httpx:HTTP Request: POST https://generativelanguage.googleapis.com/v1beta/models/gemini-2.5-flash:streamGenerateContent?alt=sse "HTTP/1.1 200 OK"
INFO:google_genai.models:AFC is enabled with max remote calls: 10.
INFO:httpx:HTTP Request: POST https://generativelanguage.googleapis.com/v1beta/models/gemini-2.5-flash:streamGenerateContent?alt=sse "HTTP/1.1 200 OK"
INFO:google_genai.models:AFC is enabled with max remote calls: 10.
INFO:httpx:HTTP Request: POST https://generativelanguage.googleapis.com/v1beta/models/gemini-2.5-flash:streamGenerateContent?alt=sse "HTTP/1.1 200 OK"
INFO:google_genai.models:AFC is enabled with max remote calls: 10.
INFO:httpx:HTTP Request: POST https://generativelanguage.googleapis.com/v1beta/models/gemini-2.5-flash:streamGenerateContent?alt=sse "HTTP/1.1 200 OK"
INFO:google_genai.models:AFC is enabled with max remote calls: 10.
INFO:httpx:HTTP Request: POST https://generativelanguage.googleapis.com/v1beta/models/gemini-2.5-flash:streamGenerateContent?alt=sse "HTTP/1.1 200 OK"
INFO:google_genai.models:AFC is enabled with max remote calls: 10.
INFO:httpx:HTTP Request: POST https://generativelanguage.googleapis.com/v1beta/models/gemini-2.5-flash:streamGenerateContent?alt=sse "HTTP/1.1 200 OK"
INFO:google_genai.models:AFC is enabled with max remote calls: 10.
INFO:httpx:HTTP Request: POST https://generativelanguage.googleapis.com/v1beta/models/gemini-2.5-flash:streamGenerateContent?alt=sse "HTTP/1.1 200 OK"
INFO:google_genai.models:AFC is enabled with max remote calls: 10.
INFO:httpx:HTTP Request: POST https://generativelanguage.googleapis.com/v1beta/models/gemini-2.5-flash:streamGenerateContent?alt=sse "HTTP/1.1 200 OK"
INFO:google_genai.models:AFC is enabled with max remote calls: 10.
INFO:httpx:HTTP Request: POST https://generativelanguage.googleapis.com/v1beta/models/gemini-2.5-flash:streamGenerateContent?alt=sse "HTTP/1.1 200 OK"
INFO:google_genai.models:AFC is enabled with max remote calls: 10.
INFO:httpx:HTTP Request: POST https://generativelanguage.googleapis.com/v1beta/models/gemini-2.5-flash:streamGenerateContent?alt=sse "HTTP/1.1 200 OK"
INFO:google_genai.models:AFC is enabled with max remote calls: 10.
INFO:httpx:HTTP Request: POST https://generativelanguage.googleapis.com/v1beta/models/gemini-2.5-flash:streamGenerateContent?alt=sse "HTTP/1.1 200 OK"
INFO:google_genai.models:AFC is enabled with max remote calls: 10.
INFO:httpx:HTTP Request: POST https://generativelanguage.googleapis.com/v1beta/models/gemini-2.5-flash:streamGenerateContent?alt=sse "HTTP/1.1 200 OK"
INFO:google_genai.models:AFC is enabled with max remote calls: 10.
INFO:httpx:HTTP Request: POST https://generativelanguage.googleapis.com/v1beta/models/gemini-2.5-flash:streamGenerateContent?alt=sse "HTTP/1.1 200 OK"
INFO:google_genai.models:AFC is enabled with max remote calls: 10.
INFO:httpx:HTTP Request: POST https://generativelanguage.googleapis.com/v1beta/models/gemini-2.5-flash:streamGenerateContent?alt=sse "HTTP/1.1 200 OK"
INFO:google_genai.models:AFC is enabled with max remote calls: 10.
INFO:httpx:HTTP Request: POST https://generativelanguage.googleapis.com/v1beta/models/gemini-2.5-flash:streamGenerateContent?alt=sse "HTTP/1.1 200 OK"
INFO:google_genai.models:AFC is enabled with max remote calls: 10.
INFO:httpx:HTTP Request: POST https://generativelanguage.googleapis.com/v1beta/models/gemini-2.5-flash:streamGenerateContent?alt=sse "HTTP/1.1 200 OK"
INFO:google_genai.models:AFC is enabled with max remote calls: 10.
INFO:httpx:HTTP Request: POST https://generativelanguage.googleapis.com/v1beta/models/gemini-2.5-flash:streamGenerateContent?alt=sse "HTTP/1.1 200 OK"
INFO:google_genai.models:AFC is enabled with max remote calls: 10.
INFO:httpx:HTTP Request: POST https://generativelanguage.googleapis.com/v1beta/models/gemini-2.5-flash:streamGenerateContent?alt=sse "HTTP/1.1 200 OK"
INFO:google_genai.models:AFC is enabled with max remote calls: 10.
INFO:httpx:HTTP Request: POST https://generativelanguage.googleapis.com/v1beta/models/gemini-2.5-flash:streamGenerateContent?alt=sse "HTTP/1.1 200 OK"
INFO:google_genai.models:AFC is enabled with max remote calls: 10.
INFO:httpx:HTTP Request: POST https://generativelanguage.googleapis.com/v1beta/models/gemini-2.5-flash:streamGenerateContent?alt=sse "HTTP/1.1 200 OK"
INFO:google_genai.models:AFC is enabled with max remote calls: 10.
INFO:httpx:HTTP Request: POST https://generativelanguage.googleapis.com/v1beta/models/gemini-2.5-flash:streamGenerateContent?alt=sse "HTTP/1.1 200 OK"
INFO:google_genai.models:AFC is enabled with max remote calls: 10.
INFO:httpx:HTTP Request: POST https://generativelanguage.googleapis.com/v1beta/models/gemini-2.5-flash:streamGenerateContent?alt=sse "HTTP/1.1 200 OK"
INFO:google_genai.models:AFC is enabled with max remote calls: 10.
INFO:httpx:HTTP Request: POST https://generativelanguage.googleapis.com/v1beta/models/gemini-2.5-flash:streamGenerateContent?alt=sse "HTTP/1.1 200 OK"
INFO:google_genai.models:AFC is enabled with max remote calls: 10.
INFO:httpx:HTTP Request: POST https://generativelanguage.googleapis.com/v1beta/models/gemini-2.5-flash:streamGenerateContent?alt=sse "HTTP/1.1 200 OK"
INFO:google_genai.models:AFC is enabled with max remote calls: 10.
INFO:httpx:HTTP Request: POST https://generativelanguage.googleapis.com/v1beta/models/gemini-2.5-flash:streamGenerateContent?alt=sse "HTTP/1.1 200 OK"
INFO:google_genai.models:AFC is enabled with max remote calls: 10.
INFO:httpx:HTTP Request: POST https://generativelanguage.googleapis.com/v1beta/models/gemini-2.5-flash:streamGenerateContent?alt=sse "HTTP/1.1 200 OK"
INFO:google_genai.models:AFC is enabled with max remote calls: 10.
INFO:httpx:HTTP Request: POST https://generativelanguage.googleapis.com/v1beta/models/gemini-2.5-flash:streamGenerateContent?alt=sse "HTTP/1.1 200 OK"
INFO:google_genai.models:AFC is enabled with max remote calls: 10.
INFO:httpx:HTTP Request: POST https://generativelanguage.googleapis.com/v1beta/models/gemini-2.5-flash:streamGenerateContent?alt=sse "HTTP/1.1 200 OK"
INFO:google_genai.models:AFC is enabled with max remote calls: 10.
INFO:httpx:HTTP Request: POST https://generativelanguage.googleapis.com/v1beta/models/gemini-2.5-flash:streamGenerateContent?alt=sse "HTTP/1.1 200 OK"
INFO:google_genai.models:AFC is enabled with max remote calls: 10.
INFO:httpx:HTTP Request: POST https://generativelanguage.googleapis.com/v1beta/models/gemini-2.5-flash:streamGenerateContent?alt=sse "HTTP/1.1 200 OK"
INFO:google_genai.models:AFC is enabled with max remote calls: 10.
INFO:httpx:HTTP Request: POST https://generativelanguage.googleapis.com/v1beta/models/gemini-2.5-flash:streamGenerateContent?alt=sse "HTTP/1.1 200 OK"
INFO:google_genai.models:AFC is enabled with max remote calls: 10.
INFO:httpx:HTTP Request: POST https://generativelanguage.googleapis.com/v1beta/models/gemini-2.5-flash:streamGenerateContent?alt=sse "HTTP/1.1 200 OK"
INFO:google_genai.models:AFC is enabled with max remote calls: 10.
INFO:httpx:HTTP Request: POST https://generativelanguage.googleapis.com/v1beta/models/gemini-2.5-flash:streamGenerateContent?alt=sse "HTTP/1.1 200 OK"
INFO:google_genai.models:AFC is enabled with max remote calls: 10.
INFO:httpx:HTTP Request: POST https://generativelanguage.googleapis.com/v1beta/models/gemini-2.5-flash:streamGenerateContent?alt=sse "HTTP/1.1 200 OK"
INFO:google_genai.models:AFC is enabled with max remote calls: 10.
INFO:httpx:HTTP Request: POST https://generativelanguage.googleapis.com/v1beta/models/gemini-2.5-flash:streamGenerateContent?alt=sse "HTTP/1.1 200 OK"
INFO:google_genai.models:AFC is enabled with max remote calls: 10.
INFO:httpx:HTTP Request: POST https://generativelanguage.googleapis.com/v1beta/models/gemini-2.5-flash:streamGenerateContent?alt=sse "HTTP/1.1 200 OK"
INFO:google_genai.models:AFC is enabled with max remote calls: 10.
INFO:httpx:HTTP Request: POST https://generativelanguage.googleapis.com/v1beta/models/gemini-2.5-flash:streamGenerateContent?alt=sse "HTTP/1.1 200 OK"
INFO:google_genai.models:AFC is enabled with max remote calls: 10.
INFO:httpx:HTTP Request: POST https://generativelanguage.googleapis.com/v1beta/models/gemini-2.5-flash:streamGenerateContent?alt=sse "HTTP/1.1 200 OK"
INFO:google_genai.models:AFC is enabled with max remote calls: 10.
INFO:httpx:HTTP Request: POST https://generativelanguage.googleapis.com/v1beta/models/gemini-2.5-flash:streamGenerateContent?alt=sse "HTTP/1.1 200 OK"
INFO:google_genai.models:AFC is enabled with max remote calls: 10.
INFO:httpx:HTTP Request: POST https://generativelanguage.googleapis.com/v1beta/models/gemini-2.5-flash:streamGenerateContent?alt=sse "HTTP/1.1 200 OK"
INFO:google_genai.models:AFC is enabled with max remote calls: 10.
INFO:httpx:HTTP Request: POST https://generativelanguage.googleapis.com/v1beta/models/gemini-2.5-flash:streamGenerateContent?alt=sse "HTTP/1.1 200 OK"
INFO:google_genai.models:AFC is enabled with max remote calls: 10.
INFO:httpx:HTTP Request: POST https://generativelanguage.googleapis.com/v1beta/models/gemini-2.5-flash:streamGenerateContent?alt=sse "HTTP/1.1 200 OK"
INFO:google_genai.models:AFC is enabled with max remote calls: 10.
INFO:httpx:HTTP Request: POST https://generativelanguage.googleapis.com/v1beta/models/gemini-2.5-flash:streamGenerateContent?alt=sse "HTTP/1.1 200 OK"
INFO:google_genai.models:AFC is enabled with max remote calls: 10.
INFO:httpx:HTTP Request: POST https://generativelanguage.googleapis.com/v1beta/models/gemini-2.5-flash:streamGenerateContent?alt=sse "HTTP/1.1 200 OK"
INFO:google_genai.models:AFC is enabled with max remote calls: 10.
INFO:httpx:HTTP Request: POST https://generativelanguage.googleapis.com/v1beta/models/gemini-2.5-flash:streamGenerateContent?alt=sse "HTTP/1.1 200 OK"
INFO:google_genai.models:AFC is enabled with max remote calls: 10.
INFO:httpx:HTTP Request: POST https://generativelanguage.googleapis.com/v1beta/models/gemini-2.5-flash:streamGenerateContent?alt=sse "HTTP/1.1 200 OK"
INFO:google_genai.models:AFC is enabled with max remote calls: 10.
INFO:httpx:HTTP Request: POST https://generativelanguage.googleapis.com/v1beta/models/gemini-2.5-flash:streamGenerateContent?alt=sse "HTTP/1.1 200 OK"
INFO:google_genai.models:AFC is enabled with max remote calls: 10.
INFO:httpx:HTTP Request: POST https://generativelanguage.googleapis.com/v1beta/models/gemini-2.5-flash:streamGenerateContent?alt=sse "HTTP/1.1 200 OK"
INFO:google_genai.models:AFC is enabled with max remote calls: 10.
INFO:httpx:HTTP Request: POST https://generativelanguage.googleapis.com/v1beta/models/gemini-2.5-flash:streamGenerateContent?alt=sse "HTTP/1.1 200 OK"
INFO:google_genai.models:AFC is enabled with max remote calls: 10.
INFO:httpx:HTTP Request: POST https://generativelanguage.googleapis.com/v1beta/models/gemini-2.5-flash:streamGenerateContent?alt=sse "HTTP/1.1 200 OK"
INFO:google_genai.models:AFC is enabled with max remote calls: 10.
INFO:httpx:HTTP Request: POST https://generativelanguage.googleapis.com/v1beta/models/gemini-2.5-flash:streamGenerateContent?alt=sse "HTTP/1.1 200 OK"
INFO:google_genai.models:AFC is enabled with max remote calls: 10.
INFO:httpx:HTTP Request: POST https://generativelanguage.googleapis.com/v1beta/models/gemini-2.5-flash:streamGenerateContent?alt=sse "HTTP/1.1 200 OK"
INFO:google_genai.models:AFC is enabled with max remote calls: 10.
INFO:httpx:HTTP Request: POST https://generativelanguage.googleapis.com/v1beta/models/gemini-2.5-flash:streamGenerateContent?alt=sse "HTTP/1.1 200 OK"
INFO:google_genai.models:AFC is enabled with max remote calls: 10.
INFO:httpx:HTTP Request: POST https://generativelanguage.googleapis.com/v1beta/models/gemini-2.5-flash:streamGenerateContent?alt=sse "HTTP/1.1 200 OK"
INFO:google_genai.models:AFC is enabled with max remote calls: 10.
INFO:httpx:HTTP Request: POST https://generativelanguage.googleapis.com/v1beta/models/gemini-2.5-flash:streamGenerateContent?alt=sse "HTTP/1.1 200 OK"
INFO:google_genai.models:AFC is enabled with max remote calls: 10.
INFO:httpx:HTTP Request: POST https://generativelanguage.googleapis.com/v1beta/models/gemini-2.5-flash:streamGenerateContent?alt=sse "HTTP/1.1 200 OK"
INFO:google_genai.models:AFC is enabled with max remote calls: 10.
INFO:httpx:HTTP Request: POST https://generativelanguage.googleapis.com/v1beta/models/gemini-2.5-flash:streamGenerateContent?alt=sse "HTTP/1.1 200 OK"
INFO:google_genai.models:AFC is enabled with max remote calls: 10.
INFO:httpx:HTTP Request: POST https://generativelanguage.googleapis.com/v1beta/models/gemini-2.5-flash:streamGenerateContent?alt=sse "HTTP/1.1 200 OK"
INFO:google_genai.models:AFC is enabled with max remote calls: 10.
INFO:httpx:HTTP Request: POST https://generativelanguage.googleapis.com/v1beta/models/gemini-2.5-flash:streamGenerateContent?alt=sse "HTTP/1.1 200 OK"
INFO:google_genai.models:AFC is enabled with max remote calls: 10.
INFO:httpx:HTTP Request: POST https://generativelanguage.googleapis.com/v1beta/models/gemini-2.5-flash:streamGenerateContent?alt=sse "HTTP/1.1 200 OK"
INFO:google_genai.models:AFC is enabled with max remote calls: 10.
INFO:httpx:HTTP Request: POST https://generativelanguage.googleapis.com/v1beta/models/gemini-2.5-flash:streamGenerateContent?alt=sse "HTTP/1.1 200 OK"
INFO:google_genai.models:AFC is enabled with max remote calls: 10.
INFO:httpx:HTTP Request: POST https://generativelanguage.googleapis.com/v1beta/models/gemini-2.5-flash:streamGenerateContent?alt=sse "HTTP/1.1 200 OK"
INFO:google_genai.models:AFC is enabled with max remote calls: 10.
INFO:httpx:HTTP Request: POST https://generativelanguage.googleapis.com/v1beta/models/gemini-2.5-flash:streamGenerateContent?alt=sse "HTTP/1.1 200 OK"
INFO:google_genai.models:AFC is enabled with max remote calls: 10.
INFO:httpx:HTTP Request: POST https://generativelanguage.googleapis.com/v1beta/models/gemini-2.5-flash:streamGenerateContent?alt=sse "HTTP/1.1 200 OK"
INFO:google_genai.models:AFC is enabled with max remote calls: 10.
INFO:httpx:HTTP Request: POST https://generativelanguage.googleapis.com/v1beta/models/gemini-2.5-flash:streamGenerateContent?alt=sse "HTTP/1.1 200 OK"
INFO:google_genai.models:AFC is enabled with max remote calls: 10.
INFO:httpx:HTTP Request: POST https://generativelanguage.googleapis.com/v1beta/models/gemini-2.5-flash:streamGenerateContent?alt=sse "HTTP/1.1 200 OK"
INFO:google_genai.models:AFC is enabled with max remote calls: 10.
INFO:httpx:HTTP Request: POST https://generativelanguage.googleapis.com/v1beta/models/gemini-2.5-flash:streamGenerateContent?alt=sse "HTTP/1.1 200 OK"
INFO:google_genai.models:AFC is enabled with max remote calls: 10.
INFO:httpx:HTTP Request: POST https://generativelanguage.googleapis.com/v1beta/models/gemini-2.5-flash:streamGenerateContent?alt=sse "HTTP/1.1 200 OK"
INFO:google_genai.models:AFC is enabled with max remote calls: 10.
INFO:httpx:HTTP Request: POST https://generativelanguage.googleapis.com/v1beta/models/gemini-2.5-flash:streamGenerateContent?alt=sse "HTTP/1.1 200 OK"
INFO:google_genai.models:AFC is enabled with max remote calls: 10.
INFO:httpx:HTTP Request: POST https://generativelanguage.googleapis.com/v1beta/models/gemini-2.5-flash:streamGenerateContent?alt=sse "HTTP/1.1 200 OK"
INFO:google_genai.models:AFC is enabled with max remote calls: 10.
INFO:httpx:HTTP Request: POST https://generativelanguage.googleapis.com/v1beta/models/gemini-2.5-flash:streamGenerateContent?alt=sse "HTTP/1.1 200 OK"
INFO:google_genai.models:AFC is enabled with max remote calls: 10.
INFO:httpx:HTTP Request: POST https://generativelanguage.googleapis.com/v1beta/models/gemini-2.5-flash:streamGenerateContent?alt=sse "HTTP/1.1 200 OK"
INFO:google_genai.models:AFC is enabled with max remote calls: 10.
INFO:httpx:HTTP Request: POST https://generativelanguage.googleapis.com/v1beta/models/gemini-2.5-flash:streamGenerateContent?alt=sse "HTTP/1.1 200 OK"
INFO:google_genai.models:AFC is enabled with max remote calls: 10.
INFO:httpx:HTTP Request: POST https://generativelanguage.googleapis.com/v1beta/models/gemini-2.5-flash:streamGenerateContent?alt=sse "HTTP/1.1 200 OK"
INFO:google_genai.models:AFC is enabled with max remote calls: 10.
INFO:httpx:HTTP Request: POST https://generativelanguage.googleapis.com/v1beta/models/gemini-2.5-flash:streamGenerateContent?alt=sse "HTTP/1.1 200 OK"
INFO:google_genai.models:AFC is enabled with max remote calls: 10.
INFO:httpx:HTTP Request: POST https://generativelanguage.googleapis.com/v1beta/models/gemini-2.5-flash:streamGenerateContent?alt=sse "HTTP/1.1 200 OK"
INFO:google_genai.models:AFC is enabled with max remote calls: 10.
INFO:httpx:HTTP Request: POST https://generativelanguage.googleapis.com/v1beta/models/gemini-2.5-flash:streamGenerateContent?alt=sse "HTTP/1.1 200 OK"
INFO:google_genai.models:AFC is enabled with max remote calls: 10.
INFO:httpx:HTTP Request: POST https://generativelanguage.googleapis.com/v1beta/models/gemini-2.5-flash:streamGenerateContent?alt=sse "HTTP/1.1 200 OK"
INFO:google_genai.models:AFC is enabled with max remote calls: 10.
INFO:httpx:HTTP Request: POST https://generativelanguage.googleapis.com/v1beta/models/gemini-2.5-flash:streamGenerateContent?alt=sse "HTTP/1.1 200 OK"
INFO:google_genai.models:AFC is enabled with max remote calls: 10.
INFO:httpx:HTTP Request: POST https://generativelanguage.googleapis.com/v1beta/models/gemini-2.5-flash:streamGenerateContent?alt=sse "HTTP/1.1 200 OK"
INFO:google_genai.models:AFC is enabled with max remote calls: 10.
INFO:httpx:HTTP Request: POST https://generativelanguage.googleapis.com/v1beta/models/gemini-2.5-flash:streamGenerateContent?alt=sse "HTTP/1.1 200 OK"
INFO:google_genai.models:AFC is enabled with max remote calls: 10.
INFO:httpx:HTTP Request: POST https://generativelanguage.googleapis.com/v1beta/models/gemini-2.5-flash:streamGenerateContent?alt=sse "HTTP/1.1 200 OK"
INFO:google_genai.models:AFC is enabled with max remote calls: 10.
INFO:httpx:HTTP Request: POST https://generativelanguage.googleapis.com/v1beta/models/gemini-2.5-flash:streamGenerateContent?alt=sse "HTTP/1.1 200 OK"
INFO:google_genai.models:AFC is enabled with max remote calls: 10.
INFO:httpx:HTTP Request: POST https://generativelanguage.googleapis.com/v1beta/models/gemini-2.5-flash:streamGenerateContent?alt=sse "HTTP/1.1 200 OK"
INFO:google_genai.models:AFC is enabled with max remote calls: 10.
INFO:httpx:HTTP Request: POST https://generativelanguage.googleapis.com/v1beta/models/gemini-2.5-flash:streamGenerateContent?alt=sse "HTTP/1.1 200 OK"
INFO:google_genai.models:AFC is enabled with max remote calls: 10.
INFO:httpx:HTTP Request: POST https://generativelanguage.googleapis.com/v1beta/models/gemini-2.5-flash:streamGenerateContent?alt=sse "HTTP/1.1 200 OK"
INFO:google_genai.models:AFC is enabled with max remote calls: 10.
INFO:httpx:HTTP Request: POST https://generativelanguage.googleapis.com/v1beta/models/gemini-2.5-flash:streamGenerateContent?alt=sse "HTTP/1.1 200 OK"
INFO:google_genai.models:AFC is enabled with max remote calls: 10.
INFO:httpx:HTTP Request: POST https://generativelanguage.googleapis.com/v1beta/models/gemini-2.5-flash:streamGenerateContent?alt=sse "HTTP/1.1 200 OK"
INFO:google_genai.models:AFC is enabled with max remote calls: 10.
INFO:httpx:HTTP Request: POST https://generativelanguage.googleapis.com/v1beta/models/gemini-2.5-flash:streamGenerateContent?alt=sse "HTTP/1.1 200 OK"
INFO:google_genai.models:AFC is enabled with max remote calls: 10.
INFO:httpx:HTTP Request: POST https://generativelanguage.googleapis.com/v1beta/models/gemini-2.5-flash:streamGenerateContent?alt=sse "HTTP/1.1 200 OK"
INFO:google_genai.models:AFC is enabled with max remote calls: 10.
INFO:httpx:HTTP Request: POST https://generativelanguage.googleapis.com/v1beta/models/gemini-2.5-flash:streamGenerateContent?alt=sse "HTTP/1.1 200 OK"
INFO:google_genai.models:AFC is enabled with max remote calls: 10.
INFO:httpx:HTTP Request: POST https://generativelanguage.googleapis.com/v1beta/models/gemini-2.5-flash:streamGenerateContent?alt=sse "HTTP/1.1 200 OK"
INFO:google_genai.models:AFC is enabled with max remote calls: 10.
INFO:httpx:HTTP Request: POST https://generativelanguage.googleapis.com/v1beta/models/gemini-2.5-flash:streamGenerateContent?alt=sse "HTTP/1.1 200 OK"
INFO:google_genai.models:AFC is enabled with max remote calls: 10.
INFO:httpx:HTTP Request: POST https://generativelanguage.googleapis.com/v1beta/models/gemini-2.5-flash:streamGenerateContent?alt=sse "HTTP/1.1 200 OK"
INFO:google_genai.models:AFC is enabled with max remote calls: 10.
INFO:httpx:HTTP Request: POST https://generativelanguage.googleapis.com/v1beta/models/gemini-2.5-flash:streamGenerateContent?alt=sse "HTTP/1.1 200 OK"
INFO:google_genai.models:AFC is enabled with max remote calls: 10.
INFO:httpx:HTTP Request: POST https://generativelanguage.googleapis.com/v1beta/models/gemini-2.5-flash:streamGenerateContent?alt=sse "HTTP/1.1 200 OK"
INFO:google_genai.models:AFC is enabled with max remote calls: 10.
INFO:httpx:HTTP Request: POST https://generativelanguage.googleapis.com/v1beta/models/gemini-2.5-flash:streamGenerateContent?alt=sse "HTTP/1.1 200 OK"
INFO:google_genai.models:AFC is enabled with max remote calls: 10.
INFO:httpx:HTTP Request: POST https://generativelanguage.googleapis.com/v1beta/models/gemini-2.5-flash:streamGenerateContent?alt=sse "HTTP/1.1 200 OK"
INFO:google_genai.models:AFC is enabled with max remote calls: 10.
INFO:httpx:HTTP Request: POST https://generativelanguage.googleapis.com/v1beta/models/gemini-2.5-flash:streamGenerateContent?alt=sse "HTTP/1.1 200 OK"
INFO:google_genai.models:AFC is enabled with max remote calls: 10.
INFO:httpx:HTTP Request: POST https://generativelanguage.googleapis.com/v1beta/models/gemini-2.5-flash:streamGenerateContent?alt=sse "HTTP/1.1 200 OK"
INFO:google_genai.models:AFC is enabled with max remote calls: 10.
INFO:httpx:HTTP Request: POST https://generativelanguage.googleapis.com/v1beta/models/gemini-2.5-flash:streamGenerateContent?alt=sse "HTTP/1.1 200 OK"
INFO:google_genai.models:AFC is enabled with max remote calls: 10.
INFO:httpx:HTTP Request: POST https://generativelanguage.googleapis.com/v1beta/models/gemini-2.5-flash:streamGenerateContent?alt=sse "HTTP/1.1 200 OK"
INFO:google_genai.models:AFC is enabled with max remote calls: 10.
INFO:httpx:HTTP Request: POST https://generativelanguage.googleapis.com/v1beta/models/gemini-2.5-flash:streamGenerateContent?alt=sse "HTTP/1.1 200 OK"
INFO:google_genai.models:AFC is enabled with max remote calls: 10.
INFO:httpx:HTTP Request: POST https://generativelanguage.googleapis.com/v1beta/models/gemini-2.5-flash:streamGenerateContent?alt=sse "HTTP/1.1 200 OK"
INFO:google_genai.models:AFC is enabled with max remote calls: 10.
INFO:httpx:HTTP Request: POST https://generativelanguage.googleapis.com/v1beta/models/gemini-2.5-flash:streamGenerateContent?alt=sse "HTTP/1.1 200 OK"
INFO:google_genai.models:AFC is enabled with max remote calls: 10.
INFO:httpx:HTTP Request: POST https://generativelanguage.googleapis.com/v1beta/models/gemini-2.5-flash:streamGenerateContent?alt=sse "HTTP/1.1 200 OK"
INFO:google_genai.models:AFC is enabled with max remote calls: 10.
INFO:httpx:HTTP Request: POST https://generativelanguage.googleapis.com/v1beta/models/gemini-2.5-flash:streamGenerateContent?alt=sse "HTTP/1.1 200 OK"
INFO:google_genai.models:AFC is enabled with max remote calls: 10.
INFO:httpx:HTTP Request: POST https://generativelanguage.googleapis.com/v1beta/models/gemini-2.5-flash:streamGenerateContent?alt=sse "HTTP/1.1 200 OK"
INFO:google_genai.models:AFC is enabled with max remote calls: 10.
INFO:httpx:HTTP Request: POST https://generativelanguage.googleapis.com/v1beta/models/gemini-2.5-flash:streamGenerateContent?alt=sse "HTTP/1.1 200 OK"
INFO:google_genai.models:AFC is enabled with max remote calls: 10.
INFO:httpx:HTTP Request: POST https://generativelanguage.googleapis.com/v1beta/models/gemini-2.5-flash:streamGenerateContent?alt=sse "HTTP/1.1 200 OK"
INFO:google_genai.models:AFC is enabled with max remote calls: 10.
INFO:httpx:HTTP Request: POST https://generativelanguage.googleapis.com/v1beta/models/gemini-2.5-flash:streamGenerateContent?alt=sse "HTTP/1.1 200 OK"
INFO:google_genai.models:AFC is enabled with max remote calls: 10.
INFO:httpx:HTTP Request: POST https://generativelanguage.googleapis.com/v1beta/models/gemini-2.5-flash:streamGenerateContent?alt=sse "HTTP/1.1 200 OK"
INFO:google_genai.models:AFC is enabled with max remote calls: 10.
INFO:httpx:HTTP Request: POST https://generativelanguage.googleapis.com/v1beta/models/gemini-2.5-flash:streamGenerateContent?alt=sse "HTTP/1.1 200 OK"
INFO:google_genai.models:AFC is enabled with max remote calls: 10.
INFO:httpx:HTTP Request: POST https://generativelanguage.googleapis.com/v1beta/models/gemini-2.5-flash:streamGenerateContent?alt=sse "HTTP/1.1 200 OK"
INFO:google_genai.models:AFC is enabled with max remote calls: 10.
INFO:httpx:HTTP Request: POST https://generativelanguage.googleapis.com/v1beta/models/gemini-2.5-flash:streamGenerateContent?alt=sse "HTTP/1.1 200 OK"
INFO:google_genai.models:AFC is enabled with max remote calls: 10.
INFO:httpx:HTTP Request: POST https://generativelanguage.googleapis.com/v1beta/models/gemini-2.5-flash:streamGenerateContent?alt=sse "HTTP/1.1 200 OK"
INFO:google_genai.models:AFC is enabled with max remote calls: 10.
INFO:httpx:HTTP Request: POST https://generativelanguage.googleapis.com/v1beta/models/gemini-2.5-flash:streamGenerateContent?alt=sse "HTTP/1.1 200 OK"
INFO:google_genai.models:AFC is enabled with max remote calls: 10.
INFO:httpx:HTTP Request: POST https://generativelanguage.googleapis.com/v1beta/models/gemini-2.5-flash:streamGenerateContent?alt=sse "HTTP/1.1 200 OK"
INFO:google_genai.models:AFC is enabled with max remote calls: 10.
INFO:httpx:HTTP Request: POST https://generativelanguage.googleapis.com/v1beta/models/gemini-2.5-flash:streamGenerateContent?alt=sse "HTTP/1.1 200 OK"
INFO:google_genai.models:AFC is enabled with max remote calls: 10.
INFO:httpx:HTTP Request: POST https://generativelanguage.googleapis.com/v1beta/models/gemini-2.5-flash:streamGenerateContent?alt=sse "HTTP/1.1 200 OK"
INFO:google_genai.models:AFC is enabled with max remote calls: 10.
INFO:httpx:HTTP Request: POST https://generativelanguage.googleapis.com/v1beta/models/gemini-2.5-flash:streamGenerateContent?alt=sse "HTTP/1.1 200 OK"
INFO:google_genai.models:AFC is enabled with max remote calls: 10.
INFO:httpx:HTTP Request: POST https://generativelanguage.googleapis.com/v1beta/models/gemini-2.5-flash:streamGenerateContent?alt=sse "HTTP/1.1 200 OK"
INFO:google_genai.models:AFC is enabled with max remote calls: 10.
INFO:httpx:HTTP Request: POST https://generativelanguage.googleapis.com/v1beta/models/gemini-2.5-flash:streamGenerateContent?alt=sse "HTTP/1.1 200 OK"
INFO:google_genai.models:AFC is enabled with max remote calls: 10.
INFO:httpx:HTTP Request: POST https://generativelanguage.googleapis.com/v1beta/models/gemini-2.5-flash:streamGenerateContent?alt=sse "HTTP/1.1 200 OK"
INFO:google_genai.models:AFC is enabled with max remote calls: 10.
INFO:httpx:HTTP Request: POST https://generativelanguage.googleapis.com/v1beta/models/gemini-2.5-flash:streamGenerateContent?alt=sse "HTTP/1.1 200 OK"
INFO:google_genai.models:AFC is enabled with max remote calls: 10.
INFO:httpx:HTTP Request: POST https://generativelanguage.googleapis.com/v1beta/models/gemini-2.5-flash:streamGenerateContent?alt=sse "HTTP/1.1 200 OK"
INFO:google_genai.models:AFC is enabled with max remote calls: 10.
INFO:httpx:HTTP Request: POST https://generativelanguage.googleapis.com/v1beta/models/gemini-2.5-flash:streamGenerateContent?alt=sse "HTTP/1.1 200 OK"
INFO:google_genai.models:AFC is enabled with max remote calls: 10.
INFO:httpx:HTTP Request: POST https://generativelanguage.googleapis.com/v1beta/models/gemini-2.5-flash:streamGenerateContent?alt=sse "HTTP/1.1 200 OK"
INFO:google_genai.models:AFC is enabled with max remote calls: 10.
INFO:httpx:HTTP Request: POST https://generativelanguage.googleapis.com/v1beta/models/gemini-2.5-flash:streamGenerateContent?alt=sse "HTTP/1.1 200 OK"
INFO:google_genai.models:AFC is enabled with max remote calls: 10.
INFO:httpx:HTTP Request: POST https://generativelanguage.googleapis.com/v1beta/models/gemini-2.5-flash:streamGenerateContent?alt=sse "HTTP/1.1 200 OK"
INFO:google_genai.models:AFC is enabled with max remote calls: 10.
INFO:httpx:HTTP Request: POST https://generativelanguage.googleapis.com/v1beta/models/gemini-2.5-flash:streamGenerateContent?alt=sse "HTTP/1.1 200 OK"
INFO:google_genai.models:AFC is enabled with max remote calls: 10.
INFO:httpx:HTTP Request: POST https://generativelanguage.googleapis.com/v1beta/models/gemini-2.5-flash:streamGenerateContent?alt=sse "HTTP/1.1 200 OK"
INFO:google_genai.models:AFC is enabled with max remote calls: 10.
INFO:httpx:HTTP Request: POST https://generativelanguage.googleapis.com/v1beta/models/gemini-2.5-flash:streamGenerateContent?alt=sse "HTTP/1.1 200 OK"
INFO:google_genai.models:AFC is enabled with max remote calls: 10.
INFO:httpx:HTTP Request: POST https://generativelanguage.googleapis.com/v1beta/models/gemini-2.5-flash:streamGenerateContent?alt=sse "HTTP/1.1 200 OK"
INFO:google_genai.models:AFC is enabled with max remote calls: 10.
INFO:httpx:HTTP Request: POST https://generativelanguage.googleapis.com/v1beta/models/gemini-2.5-flash:streamGenerateContent?alt=sse "HTTP/1.1 200 OK"
INFO:google_genai.models:AFC is enabled with max remote calls: 10.
INFO:httpx:HTTP Request: POST https://generativelanguage.googleapis.com/v1beta/models/gemini-2.5-flash:streamGenerateContent?alt=sse "HTTP/1.1 200 OK"
INFO:google_genai.models:AFC is enabled with max remote calls: 10.
INFO:httpx:HTTP Request: POST https://generativelanguage.googleapis.com/v1beta/models/gemini-2.5-flash:streamGenerateContent?alt=sse "HTTP/1.1 200 OK"
INFO:google_genai.models:AFC is enabled with max remote calls: 10.
INFO:httpx:HTTP Request: POST https://generativelanguage.googleapis.com/v1beta/models/gemini-2.5-flash:streamGenerateContent?alt=sse "HTTP/1.1 200 OK"
INFO:google_genai.models:AFC is enabled with max remote calls: 10.
INFO:httpx:HTTP Request: POST https://generativelanguage.googleapis.com/v1beta/models/gemini-2.5-flash:streamGenerateContent?alt=sse "HTTP/1.1 200 OK"
INFO:google_genai.models:AFC is enabled with max remote calls: 10.
INFO:httpx:HTTP Request: POST https://generativelanguage.googleapis.com/v1beta/models/gemini-2.5-flash:streamGenerateContent?alt=sse "HTTP/1.1 200 OK"
INFO:google_genai.models:AFC is enabled with max remote calls: 10.
INFO:httpx:HTTP Request: POST https://generativelanguage.googleapis.com/v1beta/models/gemini-2.5-flash:streamGenerateContent?alt=sse "HTTP/1.1 200 OK"
INFO:google_genai.models:AFC is enabled with max remote calls: 10.
INFO:httpx:HTTP Request: POST https://generativelanguage.googleapis.com/v1beta/models/gemini-2.5-flash:streamGenerateContent?alt=sse "HTTP/1.1 200 OK"
INFO:google_genai.models:AFC is enabled with max remote calls: 10.
INFO:httpx:HTTP Request: POST https://generativelanguage.googleapis.com/v1beta/models/gemini-2.5-flash:streamGenerateContent?alt=sse "HTTP/1.1 200 OK"
INFO:google_genai.models:AFC is enabled with max remote calls: 10.
INFO:httpx:HTTP Request: POST https://generativelanguage.googleapis.com/v1beta/models/gemini-2.5-flash:streamGenerateContent?alt=sse "HTTP/1.1 200 OK"
INFO:google_genai.models:AFC is enabled with max remote calls: 10.
INFO:httpx:HTTP Request: POST https://generativelanguage.googleapis.com/v1beta/models/gemini-2.5-flash:streamGenerateContent?alt=sse "HTTP/1.1 200 OK"
INFO:google_genai.models:AFC is enabled with max remote calls: 10.
INFO:httpx:HTTP Request: POST https://generativelanguage.googleapis.com/v1beta/models/gemini-2.5-flash:streamGenerateContent?alt=sse "HTTP/1.1 200 OK"
INFO:google_genai.models:AFC is enabled with max remote calls: 10.
INFO:httpx:HTTP Request: POST https://generativelanguage.googleapis.com/v1beta/models/gemini-2.5-flash:streamGenerateContent?alt=sse "HTTP/1.1 200 OK"
INFO:google_genai.models:AFC is enabled with max remote calls: 10.
INFO:httpx:HTTP Request: POST https://generativelanguage.googleapis.com/v1beta/models/gemini-2.5-flash:streamGenerateContent?alt=sse "HTTP/1.1 200 OK"
INFO:google_genai.models:AFC is enabled with max remote calls: 10.
INFO:httpx:HTTP Request: POST https://generativelanguage.googleapis.com/v1beta/models/gemini-2.5-flash:streamGenerateContent?alt=sse "HTTP/1.1 200 OK"
INFO:google_genai.models:AFC is enabled with max remote calls: 10.
INFO:httpx:HTTP Request: POST https://generativelanguage.googleapis.com/v1beta/models/gemini-2.5-flash:streamGenerateContent?alt=sse "HTTP/1.1 200 OK"
INFO:google_genai.models:AFC is enabled with max remote calls: 10.
INFO:httpx:HTTP Request: POST https://generativelanguage.googleapis.com/v1beta/models/gemini-2.5-flash:streamGenerateContent?alt=sse "HTTP/1.1 200 OK"
INFO:google_genai.models:AFC is enabled with max remote calls: 10.
INFO:httpx:HTTP Request: POST https://generativelanguage.googleapis.com/v1beta/models/gemini-2.5-flash:streamGenerateContent?alt=sse "HTTP/1.1 200 OK"
INFO:google_genai.models:AFC is enabled with max remote calls: 10.
INFO:httpx:HTTP Request: POST https://generativelanguage.googleapis.com/v1beta/models/gemini-2.5-flash:streamGenerateContent?alt=sse "HTTP/1.1 200 OK"
INFO:google_genai.models:AFC is enabled with max remote calls: 10.
INFO:httpx:HTTP Request: POST https://generativelanguage.googleapis.com/v1beta/models/gemini-2.5-flash:streamGenerateContent?alt=sse "HTTP/1.1 200 OK"
INFO:google_genai.models:AFC is enabled with max remote calls: 10.
INFO:httpx:HTTP Request: POST https://generativelanguage.googleapis.com/v1beta/models/gemini-2.5-flash:streamGenerateContent?alt=sse "HTTP/1.1 200 OK"
INFO:google_genai.models:AFC is enabled with max remote calls: 10.
INFO:httpx:HTTP Request: POST https://generativelanguage.googleapis.com/v1beta/models/gemini-2.5-flash:streamGenerateContent?alt=sse "HTTP/1.1 200 OK"
INFO:google_genai.models:AFC is enabled with max remote calls: 10.
INFO:httpx:HTTP Request: POST https://generativelanguage.googleapis.com/v1beta/models/gemini-2.5-flash:streamGenerateContent?alt=sse "HTTP/1.1 200 OK"
INFO:google_genai.models:AFC is enabled with max remote calls: 10.
INFO:httpx:HTTP Request: POST https://generativelanguage.googleapis.com/v1beta/models/gemini-2.5-flash:streamGenerateContent?alt=sse "HTTP/1.1 200 OK"
INFO:google_genai.models:AFC is enabled with max remote calls: 10.
INFO:httpx:HTTP Request: POST https://generativelanguage.googleapis.com/v1beta/models/gemini-2.5-flash:streamGenerateContent?alt=sse "HTTP/1.1 200 OK"
INFO:google_genai.models:AFC is enabled with max remote calls: 10.
INFO:httpx:HTTP Request: POST https://generativelanguage.googleapis.com/v1beta/models/gemini-2.5-flash:streamGenerateContent?alt=sse "HTTP/1.1 200 OK"
INFO:google_genai.models:AFC is enabled with max remote calls: 10.
INFO:httpx:HTTP Request: POST https://generativelanguage.googleapis.com/v1beta/models/gemini-2.5-flash:streamGenerateContent?alt=sse "HTTP/1.1 200 OK"
INFO:google_genai.models:AFC is enabled with max remote calls: 10.
INFO:httpx:HTTP Request: POST https://generativelanguage.googleapis.com/v1beta/models/gemini-2.5-flash:streamGenerateContent?alt=sse "HTTP/1.1 200 OK"
INFO:google_genai.models:AFC is enabled with max remote calls: 10.
INFO:httpx:HTTP Request: POST https://generativelanguage.googleapis.com/v1beta/models/gemini-2.5-flash:streamGenerateContent?alt=sse "HTTP/1.1 200 OK"
INFO:google_genai.models:AFC is enabled with max remote calls: 10.
INFO:httpx:HTTP Request: POST https://generativelanguage.googleapis.com/v1beta/models/gemini-2.5-flash:streamGenerateContent?alt=sse "HTTP/1.1 200 OK"
INFO:google_genai.models:AFC is enabled with max remote calls: 10.
INFO:httpx:HTTP Request: POST https://generativelanguage.googleapis.com/v1beta/models/gemini-2.5-flash:streamGenerateContent?alt=sse "HTTP/1.1 200 OK"
INFO:google_genai.models:AFC is enabled with max remote calls: 10.
INFO:httpx:HTTP Request: POST https://generativelanguage.googleapis.com/v1beta/models/gemini-2.5-flash:streamGenerateContent?alt=sse "HTTP/1.1 200 OK"
INFO:google_genai.models:AFC is enabled with max remote calls: 10.
INFO:httpx:HTTP Request: POST https://generativelanguage.googleapis.com/v1beta/models/gemini-2.5-flash:streamGenerateContent?alt=sse "HTTP/1.1 200 OK"
INFO:google_genai.models:AFC is enabled with max remote calls: 10.
INFO:httpx:HTTP Request: POST https://generativelanguage.googleapis.com/v1beta/models/gemini-2.5-flash:streamGenerateContent?alt=sse "HTTP/1.1 200 OK"
INFO:google_genai.models:AFC is enabled with max remote calls: 10.
INFO:httpx:HTTP Request: POST https://generativelanguage.googleapis.com/v1beta/models/gemini-2.5-flash:streamGenerateContent?alt=sse "HTTP/1.1 200 OK"
INFO:google_genai.models:AFC is enabled with max remote calls: 10.
INFO:httpx:HTTP Request: POST https://generativelanguage.googleapis.com/v1beta/models/gemini-2.5-flash:streamGenerateContent?alt=sse "HTTP/1.1 200 OK"
INFO:google_genai.models:AFC is enabled with max remote calls: 10.
INFO:httpx:HTTP Request: POST https://generativelanguage.googleapis.com/v1beta/models/gemini-2.5-flash:streamGenerateContent?alt=sse "HTTP/1.1 200 OK"
INFO:google_genai.models:AFC is enabled with max remote calls: 10.
INFO:httpx:HTTP Request: POST https://generativelanguage.googleapis.com/v1beta/models/gemini-2.5-flash:streamGenerateContent?alt=sse "HTTP/1.1 200 OK"
INFO:google_genai.models:AFC is enabled with max remote calls: 10.
INFO:httpx:HTTP Request: POST https://generativelanguage.googleapis.com/v1beta/models/gemini-2.5-flash:streamGenerateContent?alt=sse "HTTP/1.1 200 OK"
INFO:google_genai.models:AFC is enabled with max remote calls: 10.
INFO:httpx:HTTP Request: POST https://generativelanguage.googleapis.com/v1beta/models/gemini-2.5-flash:streamGenerateContent?alt=sse "HTTP/1.1 200 OK"
INFO:google_genai.models:AFC is enabled with max remote calls: 10.
INFO:httpx:HTTP Request: POST https://generativelanguage.googleapis.com/v1beta/models/gemini-2.5-flash:streamGenerateContent?alt=sse "HTTP/1.1 200 OK"
INFO:google_genai.models:AFC is enabled with max remote calls: 10.
INFO:httpx:HTTP Request: POST https://generativelanguage.googleapis.com/v1beta/models/gemini-2.5-flash:streamGenerateContent?alt=sse "HTTP/1.1 200 OK"
INFO:google_genai.models:AFC is enabled with max remote calls: 10.
INFO:httpx:HTTP Request: POST https://generativelanguage.googleapis.com/v1beta/models/gemini-2.5-flash:streamGenerateContent?alt=sse "HTTP/1.1 200 OK"
INFO:google_genai.models:AFC is enabled with max remote calls: 10.
INFO:httpx:HTTP Request: POST https://generativelanguage.googleapis.com/v1beta/models/gemini-2.5-flash:streamGenerateContent?alt=sse "HTTP/1.1 200 OK"
INFO:google_genai.models:AFC is enabled with max remote calls: 10.
INFO:httpx:HTTP Request: POST https://generativelanguage.googleapis.com/v1beta/models/gemini-2.5-flash:streamGenerateContent?alt=sse "HTTP/1.1 200 OK"
INFO:google_genai.models:AFC is enabled with max remote calls: 10.
INFO:httpx:HTTP Request: POST https://generativelanguage.googleapis.com/v1beta/models/gemini-2.5-flash:streamGenerateContent?alt=sse "HTTP/1.1 200 OK"
INFO:google_genai.models:AFC is enabled with max remote calls: 10.
INFO:httpx:HTTP Request: POST https://generativelanguage.googleapis.com/v1beta/models/gemini-2.5-flash:streamGenerateContent?alt=sse "HTTP/1.1 200 OK"
INFO:google_genai.models:AFC is enabled with max remote calls: 10.
INFO:httpx:HTTP Request: POST https://generativelanguage.googleapis.com/v1beta/models/gemini-2.5-flash:streamGenerateContent?alt=sse "HTTP/1.1 200 OK"
INFO:google_genai.models:AFC is enabled with max remote calls: 10.
INFO:httpx:HTTP Request: POST https://generativelanguage.googleapis.com/v1beta/models/gemini-2.5-flash:streamGenerateContent?alt=sse "HTTP/1.1 200 OK"
INFO:google_genai.models:AFC is enabled with max remote calls: 10.
INFO:httpx:HTTP Request: POST https://generativelanguage.googleapis.com/v1beta/models/gemini-2.5-flash:streamGenerateContent?alt=sse "HTTP/1.1 200 OK"
INFO:google_genai.models:AFC is enabled with max remote calls: 10.
INFO:httpx:HTTP Request: POST https://generativelanguage.googleapis.com/v1beta/models/gemini-2.5-flash:streamGenerateContent?alt=sse "HTTP/1.1 200 OK"
INFO:google_genai.models:AFC is enabled with max remote calls: 10.
INFO:httpx:HTTP Request: POST https://generativelanguage.googleapis.com/v1beta/models/gemini-2.5-flash:streamGenerateContent?alt=sse "HTTP/1.1 200 OK"
INFO:google_genai.models:AFC is enabled with max remote calls: 10.
INFO:httpx:HTTP Request: POST https://generativelanguage.googleapis.com/v1beta/models/gemini-2.5-flash:streamGenerateContent?alt=sse "HTTP/1.1 200 OK"
INFO:google_genai.models:AFC is enabled with max remote calls: 10.
INFO:httpx:HTTP Request: POST https://generativelanguage.googleapis.com/v1beta/models/gemini-2.5-flash:streamGenerateContent?alt=sse "HTTP/1.1 200 OK"
INFO:google_genai.models:AFC is enabled with max remote calls: 10.
INFO:httpx:HTTP Request: POST https://generativelanguage.googleapis.com/v1beta/models/gemini-2.5-flash:streamGenerateContent?alt=sse "HTTP/1.1 200 OK"
INFO:google_genai.models:AFC is enabled with max remote calls: 10.
INFO:httpx:HTTP Request: POST https://generativelanguage.googleapis.com/v1beta/models/gemini-2.5-flash:streamGenerateContent?alt=sse "HTTP/1.1 200 OK"
INFO:google_genai.models:AFC is enabled with max remote calls: 10.
INFO:httpx:HTTP Request: POST https://generativelanguage.googleapis.com/v1beta/models/gemini-2.5-flash:streamGenerateContent?alt=sse "HTTP/1.1 200 OK"
INFO:google_genai.models:AFC is enabled with max remote calls: 10.
INFO:httpx:HTTP Request: POST https://generativelanguage.googleapis.com/v1beta/models/gemini-2.5-flash:streamGenerateContent?alt=sse "HTTP/1.1 200 OK"
INFO:google_genai.models:AFC is enabled with max remote calls: 10.
INFO:httpx:HTTP Request: POST https://generativelanguage.googleapis.com/v1beta/models/gemini-2.5-flash:streamGenerateContent?alt=sse "HTTP/1.1 200 OK"
INFO:google_genai.models:AFC is enabled with max remote calls: 10.
INFO:httpx:HTTP Request: POST https://generativelanguage.googleapis.com/v1beta/models/gemini-2.5-flash:streamGenerateContent?alt=sse "HTTP/1.1 200 OK"
INFO:google_genai.models:AFC is enabled with max remote calls: 10.
INFO:httpx:HTTP Request: POST https://generativelanguage.googleapis.com/v1beta/models/gemini-2.5-flash:streamGenerateContent?alt=sse "HTTP/1.1 200 OK"
INFO:google_genai.models:AFC is enabled with max remote calls: 10.
INFO:httpx:HTTP Request: POST https://generativelanguage.googleapis.com/v1beta/models/gemini-2.5-flash:streamGenerateContent?alt=sse "HTTP/1.1 200 OK"
INFO:google_genai.models:AFC is enabled with max remote calls: 10.
INFO:httpx:HTTP Request: POST https://generativelanguage.googleapis.com/v1beta/models/gemini-2.5-flash:streamGenerateContent?alt=sse "HTTP/1.1 200 OK"
INFO:google_genai.models:AFC is enabled with max remote calls: 10.
INFO:httpx:HTTP Request: POST https://generativelanguage.googleapis.com/v1beta/models/gemini-2.5-flash:streamGenerateContent?alt=sse "HTTP/1.1 200 OK"
INFO:google_genai.models:AFC is enabled with max remote calls: 10.
INFO:httpx:HTTP Request: POST https://generativelanguage.googleapis.com/v1beta/models/gemini-2.5-flash:streamGenerateContent?alt=sse "HTTP/1.1 200 OK"
INFO:google_genai.models:AFC is enabled with max remote calls: 10.
INFO:httpx:HTTP Request: POST https://generativelanguage.googleapis.com/v1beta/models/gemini-2.5-flash:streamGenerateContent?alt=sse "HTTP/1.1 200 OK"
INFO:google_genai.models:AFC is enabled with max remote calls: 10.
INFO:httpx:HTTP Request: POST https://generativelanguage.googleapis.com/v1beta/models/gemini-2.5-flash:streamGenerateContent?alt=sse "HTTP/1.1 200 OK"
INFO:google_genai.models:AFC is enabled with max remote calls: 10.
INFO:httpx:HTTP Request: POST https://generativelanguage.googleapis.com/v1beta/models/gemini-2.5-flash:streamGenerateContent?alt=sse "HTTP/1.1 200 OK"
INFO:google_genai.models:AFC is enabled with max remote calls: 10.
INFO:httpx:HTTP Request: POST https://generativelanguage.googleapis.com/v1beta/models/gemini-2.5-flash:streamGenerateContent?alt=sse "HTTP/1.1 200 OK"
INFO:google_genai.models:AFC is enabled with max remote calls: 10.
INFO:httpx:HTTP Request: POST https://generativelanguage.googleapis.com/v1beta/models/gemini-2.5-flash:streamGenerateContent?alt=sse "HTTP/1.1 200 OK"
INFO:google_genai.models:AFC is enabled with max remote calls: 10.
INFO:httpx:HTTP Request: POST https://generativelanguage.googleapis.com/v1beta/models/gemini-2.5-flash:streamGenerateContent?alt=sse "HTTP/1.1 200 OK"
INFO:google_genai.models:AFC is enabled with max remote calls: 10.
INFO:httpx:HTTP Request: POST https://generativelanguage.googleapis.com/v1beta/models/gemini-2.5-flash:streamGenerateContent?alt=sse "HTTP/1.1 200 OK"
INFO:google_genai.models:AFC is enabled with max remote calls: 10.
INFO:httpx:HTTP Request: POST https://generativelanguage.googleapis.com/v1beta/models/gemini-2.5-flash:streamGenerateContent?alt=sse "HTTP/1.1 200 OK"
INFO:google_genai.models:AFC is enabled with max remote calls: 10.
INFO:httpx:HTTP Request: POST https://generativelanguage.googleapis.com/v1beta/models/gemini-2.5-flash:streamGenerateContent?alt=sse "HTTP/1.1 200 OK"
INFO:google_genai.models:AFC is enabled with max remote calls: 10.
INFO:httpx:HTTP Request: POST https://generativelanguage.googleapis.com/v1beta/models/gemini-2.5-flash:streamGenerateContent?alt=sse "HTTP/1.1 200 OK"
INFO:google_genai.models:AFC is enabled with max remote calls: 10.
INFO:httpx:HTTP Request: POST https://generativelanguage.googleapis.com/v1beta/models/gemini-2.5-flash:streamGenerateContent?alt=sse "HTTP/1.1 200 OK"
INFO:google_genai.models:AFC is enabled with max remote calls: 10.
INFO:httpx:HTTP Request: POST https://generativelanguage.googleapis.com/v1beta/models/gemini-2.5-flash:streamGenerateContent?alt=sse "HTTP/1.1 200 OK"
INFO:google_genai.models:AFC is enabled with max remote calls: 10.
INFO:httpx:HTTP Request: POST https://generativelanguage.googleapis.com/v1beta/models/gemini-2.5-flash:streamGenerateContent?alt=sse "HTTP/1.1 200 OK"
INFO:google_genai.models:AFC is enabled with max remote calls: 10.
INFO:httpx:HTTP Request: POST https://generativelanguage.googleapis.com/v1beta/models/gemini-2.5-flash:streamGenerateContent?alt=sse "HTTP/1.1 200 OK"
INFO:google_genai.models:AFC is enabled with max remote calls: 10.
INFO:httpx:HTTP Request: POST https://generativelanguage.googleapis.com/v1beta/models/gemini-2.5-flash:streamGenerateContent?alt=sse "HTTP/1.1 200 OK"
INFO:google_genai.models:AFC is enabled with max remote calls: 10.
INFO:httpx:HTTP Request: POST https://generativelanguage.googleapis.com/v1beta/models/gemini-2.5-flash:streamGenerateContent?alt=sse "HTTP/1.1 200 OK"
INFO:google_genai.models:AFC is enabled with max remote calls: 10.
INFO:httpx:HTTP Request: POST https://generativelanguage.googleapis.com/v1beta/models/gemini-2.5-flash:streamGenerateContent?alt=sse "HTTP/1.1 200 OK"
INFO:google_genai.models:AFC is enabled with max remote calls: 10.
INFO:httpx:HTTP Request: POST https://generativelanguage.googleapis.com/v1beta/models/gemini-2.5-flash:streamGenerateContent?alt=sse "HTTP/1.1 200 OK"
INFO:google_genai.models:AFC is enabled with max remote calls: 10.
INFO:httpx:HTTP Request: POST https://generativelanguage.googleapis.com/v1beta/models/gemini-2.5-flash:streamGenerateContent?alt=sse "HTTP/1.1 200 OK"
INFO:google_genai.models:AFC is enabled with max remote calls: 10.
INFO:httpx:HTTP Request: POST https://generativelanguage.googleapis.com/v1beta/models/gemini-2.5-flash:streamGenerateContent?alt=sse "HTTP/1.1 200 OK"
INFO:google_genai.models:AFC is enabled with max remote calls: 10.
INFO:httpx:HTTP Request: POST https://generativelanguage.googleapis.com/v1beta/models/gemini-2.5-flash:streamGenerateContent?alt=sse "HTTP/1.1 200 OK"
INFO:google_genai.models:AFC is enabled with max remote calls: 10.
INFO:httpx:HTTP Request: POST https://generativelanguage.googleapis.com/v1beta/models/gemini-2.5-flash:streamGenerateContent?alt=sse "HTTP/1.1 200 OK"
INFO:google_genai.models:AFC is enabled with max remote calls: 10.
INFO:httpx:HTTP Request: POST https://generativelanguage.googleapis.com/v1beta/models/gemini-2.5-flash:streamGenerateContent?alt=sse "HTTP/1.1 200 OK"
INFO:google_genai.models:AFC is enabled with max remote calls: 10.
INFO:httpx:HTTP Request: POST https://generativelanguage.googleapis.com/v1beta/models/gemini-2.5-flash:streamGenerateContent?alt=sse "HTTP/1.1 200 OK"
INFO:google_genai.models:AFC is enabled with max remote calls: 10.
INFO:httpx:HTTP Request: POST https://generativelanguage.googleapis.com/v1beta/models/gemini-2.5-flash:streamGenerateContent?alt=sse "HTTP/1.1 200 OK"
INFO:google_genai.models:AFC is enabled with max remote calls: 10.
INFO:httpx:HTTP Request: POST https://generativelanguage.googleapis.com/v1beta/models/gemini-2.5-flash:streamGenerateContent?alt=sse "HTTP/1.1 200 OK"
INFO:google_genai.models:AFC is enabled with max remote calls: 10.
INFO:httpx:HTTP Request: POST https://generativelanguage.googleapis.com/v1beta/models/gemini-2.5-flash:streamGenerateContent?alt=sse "HTTP/1.1 200 OK"
INFO:google_genai.models:AFC is enabled with max remote calls: 10.
INFO:httpx:HTTP Request: POST https://generativelanguage.googleapis.com/v1beta/models/gemini-2.5-flash:streamGenerateContent?alt=sse "HTTP/1.1 200 OK"
INFO:google_genai.models:AFC is enabled with max remote calls: 10.
INFO:httpx:HTTP Request: POST https://generativelanguage.googleapis.com/v1beta/models/gemini-2.5-flash:streamGenerateContent?alt=sse "HTTP/1.1 200 OK"
INFO:google_genai.models:AFC is enabled with max remote calls: 10.
INFO:root:[LiveCCWorker] Video ended
INFO:root:[LiveCCWorker] LiveCC inference finished. Took 553.22 s
INFO:root:[LiveCCWorker] Cleared cached video readers after inference
INFO:root:[LiveCCWorker] Start LiveCC inference on: /home/miislab-server5/Poyu/miis_broadcast_poyu/miis_broadcast/examples/basketball_1080p.mp4
INFO:root:[LiveCCWorker] Cleared cached video readers
INFO:httpx:HTTP Request: POST https://generativelanguage.googleapis.com/v1beta/models/gemini-2.5-flash:streamGenerateContent?alt=sse "HTTP/1.1 200 OK"
INFO:google_genai.models:AFC is enabled with max remote calls: 10.
INFO:httpx:HTTP Request: POST https://generativelanguage.googleapis.com/v1beta/models/gemini-2.5-flash:streamGenerateContent?alt=sse "HTTP/1.1 200 OK"
INFO:google_genai.models:AFC is enabled with max remote calls: 10.
INFO:httpx:HTTP Request: POST https://generativelanguage.googleapis.com/v1beta/models/gemini-2.5-flash:streamGenerateContent?alt=sse "HTTP/1.1 200 OK"
INFO:google_genai.models:AFC is enabled with max remote calls: 10.
INFO:httpx:HTTP Request: POST https://generativelanguage.googleapis.com/v1beta/models/gemini-2.5-flash:streamGenerateContent?alt=sse "HTTP/1.1 200 OK"
INFO:google_genai.models:AFC is enabled with max remote calls: 10.
INFO:httpx:HTTP Request: POST https://generativelanguage.googleapis.com/v1beta/models/gemini-2.5-flash:streamGenerateContent?alt=sse "HTTP/1.1 200 OK"
INFO:google_genai.models:AFC is enabled with max remote calls: 10.
INFO:httpx:HTTP Request: POST https://generativelanguage.googleapis.com/v1beta/models/gemini-2.5-flash:streamGenerateContent?alt=sse "HTTP/1.1 200 OK"
INFO:google_genai.models:AFC is enabled with max remote calls: 10.
INFO:httpx:HTTP Request: POST https://generativelanguage.googleapis.com/v1beta/models/gemini-2.5-flash:streamGenerateContent?alt=sse "HTTP/1.1 200 OK"
INFO:google_genai.models:AFC is enabled with max remote calls: 10.
INFO:httpx:HTTP Request: POST https://generativelanguage.googleapis.com/v1beta/models/gemini-2.5-flash:streamGenerateContent?alt=sse "HTTP/1.1 200 OK"
INFO:google_genai.models:AFC is enabled with max remote calls: 10.
INFO:httpx:HTTP Request: POST https://generativelanguage.googleapis.com/v1beta/models/gemini-2.5-flash:streamGenerateContent?alt=sse "HTTP/1.1 200 OK"
INFO:google_genai.models:AFC is enabled with max remote calls: 10.
INFO:httpx:HTTP Request: POST https://generativelanguage.googleapis.com/v1beta/models/gemini-2.5-flash:streamGenerateContent?alt=sse "HTTP/1.1 200 OK"
INFO:google_genai.models:AFC is enabled with max remote calls: 10.
INFO:httpx:HTTP Request: POST https://generativelanguage.googleapis.com/v1beta/models/gemini-2.5-flash:streamGenerateContent?alt=sse "HTTP/1.1 200 OK"
INFO:google_genai.models:AFC is enabled with max remote calls: 10.
INFO:httpx:HTTP Request: POST https://generativelanguage.googleapis.com/v1beta/models/gemini-2.5-flash:streamGenerateContent?alt=sse "HTTP/1.1 200 OK"
INFO:google_genai.models:AFC is enabled with max remote calls: 10.
INFO:httpx:HTTP Request: POST https://generativelanguage.googleapis.com/v1beta/models/gemini-2.5-flash:streamGenerateContent?alt=sse "HTTP/1.1 200 OK"
INFO:google_genai.models:AFC is enabled with max remote calls: 10.
INFO:httpx:HTTP Request: POST https://generativelanguage.googleapis.com/v1beta/models/gemini-2.5-flash:streamGenerateContent?alt=sse "HTTP/1.1 200 OK"
INFO:google_genai.models:AFC is enabled with max remote calls: 10.
INFO:httpx:HTTP Request: POST https://generativelanguage.googleapis.com/v1beta/models/gemini-2.5-flash:streamGenerateContent?alt=sse "HTTP/1.1 200 OK"
INFO:google_genai.models:AFC is enabled with max remote calls: 10.
INFO:httpx:HTTP Request: POST https://generativelanguage.googleapis.com/v1beta/models/gemini-2.5-flash:streamGenerateContent?alt=sse "HTTP/1.1 200 OK"
INFO:google_genai.models:AFC is enabled with max remote calls: 10.
INFO:httpx:HTTP Request: POST https://generativelanguage.googleapis.com/v1beta/models/gemini-2.5-flash:streamGenerateContent?alt=sse "HTTP/1.1 200 OK"
INFO:google_genai.models:AFC is enabled with max remote calls: 10.
INFO:httpx:HTTP Request: POST https://generativelanguage.googleapis.com/v1beta/models/gemini-2.5-flash:streamGenerateContent?alt=sse "HTTP/1.1 200 OK"
INFO:google_genai.models:AFC is enabled with max remote calls: 10.
INFO:httpx:HTTP Request: POST https://generativelanguage.googleapis.com/v1beta/models/gemini-2.5-flash:streamGenerateContent?alt=sse "HTTP/1.1 200 OK"
INFO:google_genai.models:AFC is enabled with max remote calls: 10.
INFO:httpx:HTTP Request: POST https://generativelanguage.googleapis.com/v1beta/models/gemini-2.5-flash:streamGenerateContent?alt=sse "HTTP/1.1 200 OK"
INFO:google_genai.models:AFC is enabled with max remote calls: 10.
INFO:httpx:HTTP Request: POST https://generativelanguage.googleapis.com/v1beta/models/gemini-2.5-flash:streamGenerateContent?alt=sse "HTTP/1.1 200 OK"
INFO:google_genai.models:AFC is enabled with max remote calls: 10.
INFO:httpx:HTTP Request: POST https://generativelanguage.googleapis.com/v1beta/models/gemini-2.5-flash:streamGenerateContent?alt=sse "HTTP/1.1 200 OK"
INFO:google_genai.models:AFC is enabled with max remote calls: 10.
INFO:httpx:HTTP Request: POST https://generativelanguage.googleapis.com/v1beta/models/gemini-2.5-flash:streamGenerateContent?alt=sse "HTTP/1.1 200 OK"
INFO:google_genai.models:AFC is enabled with max remote calls: 10.
INFO:httpx:HTTP Request: POST https://generativelanguage.googleapis.com/v1beta/models/gemini-2.5-flash:streamGenerateContent?alt=sse "HTTP/1.1 200 OK"
INFO:google_genai.models:AFC is enabled with max remote calls: 10.
INFO:httpx:HTTP Request: POST https://generativelanguage.googleapis.com/v1beta/models/gemini-2.5-flash:streamGenerateContent?alt=sse "HTTP/1.1 200 OK"
INFO:google_genai.models:AFC is enabled with max remote calls: 10.
INFO:httpx:HTTP Request: POST https://generativelanguage.googleapis.com/v1beta/models/gemini-2.5-flash:streamGenerateContent?alt=sse "HTTP/1.1 200 OK"
INFO:google_genai.models:AFC is enabled with max remote calls: 10.
INFO:httpx:HTTP Request: POST https://generativelanguage.googleapis.com/v1beta/models/gemini-2.5-flash:streamGenerateContent?alt=sse "HTTP/1.1 200 OK"
INFO:google_genai.models:AFC is enabled with max remote calls: 10.
INFO:httpx:HTTP Request: POST https://generativelanguage.googleapis.com/v1beta/models/gemini-2.5-flash:streamGenerateContent?alt=sse "HTTP/1.1 200 OK"
INFO:google_genai.models:AFC is enabled with max remote calls: 10.
INFO:httpx:HTTP Request: POST https://generativelanguage.googleapis.com/v1beta/models/gemini-2.5-flash:streamGenerateContent?alt=sse "HTTP/1.1 200 OK"
INFO:google_genai.models:AFC is enabled with max remote calls: 10.
INFO:httpx:HTTP Request: POST https://generativelanguage.googleapis.com/v1beta/models/gemini-2.5-flash:streamGenerateContent?alt=sse "HTTP/1.1 200 OK"
INFO:google_genai.models:AFC is enabled with max remote calls: 10.
INFO:httpx:HTTP Request: POST https://generativelanguage.googleapis.com/v1beta/models/gemini-2.5-flash:streamGenerateContent?alt=sse "HTTP/1.1 200 OK"
INFO:google_genai.models:AFC is enabled with max remote calls: 10.
INFO:httpx:HTTP Request: POST https://generativelanguage.googleapis.com/v1beta/models/gemini-2.5-flash:streamGenerateContent?alt=sse "HTTP/1.1 200 OK"
INFO:google_genai.models:AFC is enabled with max remote calls: 10.
INFO:httpx:HTTP Request: POST https://generativelanguage.googleapis.com/v1beta/models/gemini-2.5-flash:streamGenerateContent?alt=sse "HTTP/1.1 200 OK"
INFO:google_genai.models:AFC is enabled with max remote calls: 10.
INFO:httpx:HTTP Request: POST https://generativelanguage.googleapis.com/v1beta/models/gemini-2.5-flash:streamGenerateContent?alt=sse "HTTP/1.1 200 OK"
INFO:google_genai.models:AFC is enabled with max remote calls: 10.
INFO:httpx:HTTP Request: POST https://generativelanguage.googleapis.com/v1beta/models/gemini-2.5-flash:streamGenerateContent?alt=sse "HTTP/1.1 200 OK"
INFO:google_genai.models:AFC is enabled with max remote calls: 10.
INFO:httpx:HTTP Request: POST https://generativelanguage.googleapis.com/v1beta/models/gemini-2.5-flash:streamGenerateContent?alt=sse "HTTP/1.1 200 OK"
INFO:google_genai.models:AFC is enabled with max remote calls: 10.
INFO:httpx:HTTP Request: POST https://generativelanguage.googleapis.com/v1beta/models/gemini-2.5-flash:streamGenerateContent?alt=sse "HTTP/1.1 200 OK"
INFO:google_genai.models:AFC is enabled with max remote calls: 10.
INFO:httpx:HTTP Request: POST https://generativelanguage.googleapis.com/v1beta/models/gemini-2.5-flash:streamGenerateContent?alt=sse "HTTP/1.1 200 OK"
INFO:google_genai.models:AFC is enabled with max remote calls: 10.
INFO:httpx:HTTP Request: POST https://generativelanguage.googleapis.com/v1beta/models/gemini-2.5-flash:streamGenerateContent?alt=sse "HTTP/1.1 200 OK"
INFO:google_genai.models:AFC is enabled with max remote calls: 10.
INFO:httpx:HTTP Request: POST https://generativelanguage.googleapis.com/v1beta/models/gemini-2.5-flash:streamGenerateContent?alt=sse "HTTP/1.1 200 OK"
INFO:google_genai.models:AFC is enabled with max remote calls: 10.
INFO:httpx:HTTP Request: POST https://generativelanguage.googleapis.com/v1beta/models/gemini-2.5-flash:streamGenerateContent?alt=sse "HTTP/1.1 200 OK"
INFO:google_genai.models:AFC is enabled with max remote calls: 10.
INFO:httpx:HTTP Request: POST https://generativelanguage.googleapis.com/v1beta/models/gemini-2.5-flash:streamGenerateContent?alt=sse "HTTP/1.1 200 OK"
INFO:google_genai.models:AFC is enabled with max remote calls: 10.
INFO:httpx:HTTP Request: POST https://generativelanguage.googleapis.com/v1beta/models/gemini-2.5-flash:streamGenerateContent?alt=sse "HTTP/1.1 200 OK"
INFO:google_genai.models:AFC is enabled with max remote calls: 10.
INFO:httpx:HTTP Request: POST https://generativelanguage.googleapis.com/v1beta/models/gemini-2.5-flash:streamGenerateContent?alt=sse "HTTP/1.1 200 OK"
INFO:google_genai.models:AFC is enabled with max remote calls: 10.
INFO:httpx:HTTP Request: POST https://generativelanguage.googleapis.com/v1beta/models/gemini-2.5-flash:streamGenerateContent?alt=sse "HTTP/1.1 200 OK"
INFO:google_genai.models:AFC is enabled with max remote calls: 10.
INFO:httpx:HTTP Request: POST https://generativelanguage.googleapis.com/v1beta/models/gemini-2.5-flash:streamGenerateContent?alt=sse "HTTP/1.1 200 OK"
INFO:google_genai.models:AFC is enabled with max remote calls: 10.
INFO:httpx:HTTP Request: POST https://generativelanguage.googleapis.com/v1beta/models/gemini-2.5-flash:streamGenerateContent?alt=sse "HTTP/1.1 200 OK"
INFO:google_genai.models:AFC is enabled with max remote calls: 10.
INFO:httpx:HTTP Request: POST https://generativelanguage.googleapis.com/v1beta/models/gemini-2.5-flash:streamGenerateContent?alt=sse "HTTP/1.1 200 OK"
INFO:google_genai.models:AFC is enabled with max remote calls: 10.
INFO:httpx:HTTP Request: POST https://generativelanguage.googleapis.com/v1beta/models/gemini-2.5-flash:streamGenerateContent?alt=sse "HTTP/1.1 200 OK"
INFO:google_genai.models:AFC is enabled with max remote calls: 10.
INFO:httpx:HTTP Request: POST https://generativelanguage.googleapis.com/v1beta/models/gemini-2.5-flash:streamGenerateContent?alt=sse "HTTP/1.1 200 OK"
INFO:google_genai.models:AFC is enabled with max remote calls: 10.
INFO:httpx:HTTP Request: POST https://generativelanguage.googleapis.com/v1beta/models/gemini-2.5-flash:streamGenerateContent?alt=sse "HTTP/1.1 200 OK"
INFO:google_genai.models:AFC is enabled with max remote calls: 10.
INFO:httpx:HTTP Request: POST https://generativelanguage.googleapis.com/v1beta/models/gemini-2.5-flash:streamGenerateContent?alt=sse "HTTP/1.1 200 OK"
INFO:google_genai.models:AFC is enabled with max remote calls: 10.
INFO:httpx:HTTP Request: POST https://generativelanguage.googleapis.com/v1beta/models/gemini-2.5-flash:streamGenerateContent?alt=sse "HTTP/1.1 200 OK"
INFO:google_genai.models:AFC is enabled with max remote calls: 10.
INFO:httpx:HTTP Request: POST https://generativelanguage.googleapis.com/v1beta/models/gemini-2.5-flash:streamGenerateContent?alt=sse "HTTP/1.1 200 OK"
INFO:google_genai.models:AFC is enabled with max remote calls: 10.
INFO:httpx:HTTP Request: POST https://generativelanguage.googleapis.com/v1beta/models/gemini-2.5-flash:streamGenerateContent?alt=sse "HTTP/1.1 200 OK"
INFO:google_genai.models:AFC is enabled with max remote calls: 10.
INFO:httpx:HTTP Request: POST https://generativelanguage.googleapis.com/v1beta/models/gemini-2.5-flash:streamGenerateContent?alt=sse "HTTP/1.1 200 OK"
INFO:google_genai.models:AFC is enabled with max remote calls: 10.
INFO:httpx:HTTP Request: POST https://generativelanguage.googleapis.com/v1beta/models/gemini-2.5-flash:streamGenerateContent?alt=sse "HTTP/1.1 200 OK"
INFO:google_genai.models:AFC is enabled with max remote calls: 10.
INFO:httpx:HTTP Request: POST https://generativelanguage.googleapis.com/v1beta/models/gemini-2.5-flash:streamGenerateContent?alt=sse "HTTP/1.1 200 OK"
INFO:google_genai.models:AFC is enabled with max remote calls: 10.
INFO:httpx:HTTP Request: POST https://generativelanguage.googleapis.com/v1beta/models/gemini-2.5-flash:streamGenerateContent?alt=sse "HTTP/1.1 200 OK"
INFO:google_genai.models:AFC is enabled with max remote calls: 10.
INFO:httpx:HTTP Request: POST https://generativelanguage.googleapis.com/v1beta/models/gemini-2.5-flash:streamGenerateContent?alt=sse "HTTP/1.1 200 OK"
INFO:google_genai.models:AFC is enabled with max remote calls: 10.
INFO:httpx:HTTP Request: POST https://generativelanguage.googleapis.com/v1beta/models/gemini-2.5-flash:streamGenerateContent?alt=sse "HTTP/1.1 200 OK"
INFO:google_genai.models:AFC is enabled with max remote calls: 10.
INFO:httpx:HTTP Request: POST https://generativelanguage.googleapis.com/v1beta/models/gemini-2.5-flash:streamGenerateContent?alt=sse "HTTP/1.1 200 OK"
INFO:google_genai.models:AFC is enabled with max remote calls: 10.
INFO:httpx:HTTP Request: POST https://generativelanguage.googleapis.com/v1beta/models/gemini-2.5-flash:streamGenerateContent?alt=sse "HTTP/1.1 200 OK"
INFO:google_genai.models:AFC is enabled with max remote calls: 10.
INFO:httpx:HTTP Request: POST https://generativelanguage.googleapis.com/v1beta/models/gemini-2.5-flash:streamGenerateContent?alt=sse "HTTP/1.1 200 OK"
INFO:google_genai.models:AFC is enabled with max remote calls: 10.
INFO:httpx:HTTP Request: POST https://generativelanguage.googleapis.com/v1beta/models/gemini-2.5-flash:streamGenerateContent?alt=sse "HTTP/1.1 200 OK"
INFO:google_genai.models:AFC is enabled with max remote calls: 10.
INFO:httpx:HTTP Request: POST https://generativelanguage.googleapis.com/v1beta/models/gemini-2.5-flash:streamGenerateContent?alt=sse "HTTP/1.1 200 OK"
INFO:google_genai.models:AFC is enabled with max remote calls: 10.
INFO:httpx:HTTP Request: POST https://generativelanguage.googleapis.com/v1beta/models/gemini-2.5-flash:streamGenerateContent?alt=sse "HTTP/1.1 200 OK"
INFO:google_genai.models:AFC is enabled with max remote calls: 10.
INFO:httpx:HTTP Request: POST https://generativelanguage.googleapis.com/v1beta/models/gemini-2.5-flash:streamGenerateContent?alt=sse "HTTP/1.1 200 OK"
INFO:google_genai.models:AFC is enabled with max remote calls: 10.
INFO:httpx:HTTP Request: POST https://generativelanguage.googleapis.com/v1beta/models/gemini-2.5-flash:streamGenerateContent?alt=sse "HTTP/1.1 200 OK"
INFO:google_genai.models:AFC is enabled with max remote calls: 10.
INFO:httpx:HTTP Request: POST https://generativelanguage.googleapis.com/v1beta/models/gemini-2.5-flash:streamGenerateContent?alt=sse "HTTP/1.1 200 OK"
INFO:google_genai.models:AFC is enabled with max remote calls: 10.
INFO:httpx:HTTP Request: POST https://generativelanguage.googleapis.com/v1beta/models/gemini-2.5-flash:streamGenerateContent?alt=sse "HTTP/1.1 200 OK"
INFO:google_genai.models:AFC is enabled with max remote calls: 10.
INFO:httpx:HTTP Request: POST https://generativelanguage.googleapis.com/v1beta/models/gemini-2.5-flash:streamGenerateContent?alt=sse "HTTP/1.1 200 OK"
INFO:google_genai.models:AFC is enabled with max remote calls: 10.
INFO:httpx:HTTP Request: POST https://generativelanguage.googleapis.com/v1beta/models/gemini-2.5-flash:streamGenerateContent?alt=sse "HTTP/1.1 200 OK"
INFO:google_genai.models:AFC is enabled with max remote calls: 10.
INFO:httpx:HTTP Request: POST https://generativelanguage.googleapis.com/v1beta/models/gemini-2.5-flash:streamGenerateContent?alt=sse "HTTP/1.1 200 OK"
INFO:google_genai.models:AFC is enabled with max remote calls: 10.
INFO:httpx:HTTP Request: POST https://generativelanguage.googleapis.com/v1beta/models/gemini-2.5-flash:streamGenerateContent?alt=sse "HTTP/1.1 200 OK"
INFO:google_genai.models:AFC is enabled with max remote calls: 10.
INFO:httpx:HTTP Request: POST https://generativelanguage.googleapis.com/v1beta/models/gemini-2.5-flash:streamGenerateContent?alt=sse "HTTP/1.1 200 OK"
INFO:google_genai.models:AFC is enabled with max remote calls: 10.
INFO:httpx:HTTP Request: POST https://generativelanguage.googleapis.com/v1beta/models/gemini-2.5-flash:streamGenerateContent?alt=sse "HTTP/1.1 200 OK"
INFO:google_genai.models:AFC is enabled with max remote calls: 10.
INFO:httpx:HTTP Request: POST https://generativelanguage.googleapis.com/v1beta/models/gemini-2.5-flash:streamGenerateContent?alt=sse "HTTP/1.1 200 OK"
INFO:google_genai.models:AFC is enabled with max remote calls: 10.
INFO:httpx:HTTP Request: POST https://generativelanguage.googleapis.com/v1beta/models/gemini-2.5-flash:streamGenerateContent?alt=sse "HTTP/1.1 200 OK"
INFO:google_genai.models:AFC is enabled with max remote calls: 10.
INFO:httpx:HTTP Request: POST https://generativelanguage.googleapis.com/v1beta/models/gemini-2.5-flash:streamGenerateContent?alt=sse "HTTP/1.1 200 OK"
INFO:google_genai.models:AFC is enabled with max remote calls: 10.
INFO:httpx:HTTP Request: POST https://generativelanguage.googleapis.com/v1beta/models/gemini-2.5-flash:streamGenerateContent?alt=sse "HTTP/1.1 200 OK"
INFO:google_genai.models:AFC is enabled with max remote calls: 10.
INFO:httpx:HTTP Request: POST https://generativelanguage.googleapis.com/v1beta/models/gemini-2.5-flash:streamGenerateContent?alt=sse "HTTP/1.1 200 OK"
INFO:google_genai.models:AFC is enabled with max remote calls: 10.
INFO:httpx:HTTP Request: POST https://generativelanguage.googleapis.com/v1beta/models/gemini-2.5-flash:streamGenerateContent?alt=sse "HTTP/1.1 200 OK"
INFO:google_genai.models:AFC is enabled with max remote calls: 10.
INFO:httpx:HTTP Request: POST https://generativelanguage.googleapis.com/v1beta/models/gemini-2.5-flash:streamGenerateContent?alt=sse "HTTP/1.1 200 OK"
INFO:google_genai.models:AFC is enabled with max remote calls: 10.
INFO:httpx:HTTP Request: POST https://generativelanguage.googleapis.com/v1beta/models/gemini-2.5-flash:streamGenerateContent?alt=sse "HTTP/1.1 200 OK"
INFO:google_genai.models:AFC is enabled with max remote calls: 10.
INFO:httpx:HTTP Request: POST https://generativelanguage.googleapis.com/v1beta/models/gemini-2.5-flash:streamGenerateContent?alt=sse "HTTP/1.1 200 OK"
INFO:google_genai.models:AFC is enabled with max remote calls: 10.
INFO:httpx:HTTP Request: POST https://generativelanguage.googleapis.com/v1beta/models/gemini-2.5-flash:streamGenerateContent?alt=sse "HTTP/1.1 200 OK"
INFO:google_genai.models:AFC is enabled with max remote calls: 10.
INFO:httpx:HTTP Request: POST https://generativelanguage.googleapis.com/v1beta/models/gemini-2.5-flash:streamGenerateContent?alt=sse "HTTP/1.1 200 OK"
INFO:google_genai.models:AFC is enabled with max remote calls: 10.
INFO:httpx:HTTP Request: POST https://generativelanguage.googleapis.com/v1beta/models/gemini-2.5-flash:streamGenerateContent?alt=sse "HTTP/1.1 200 OK"
INFO:google_genai.models:AFC is enabled with max remote calls: 10.
INFO:httpx:HTTP Request: POST https://generativelanguage.googleapis.com/v1beta/models/gemini-2.5-flash:streamGenerateContent?alt=sse "HTTP/1.1 200 OK"
INFO:google_genai.models:AFC is enabled with max remote calls: 10.
INFO:httpx:HTTP Request: POST https://generativelanguage.googleapis.com/v1beta/models/gemini-2.5-flash:streamGenerateContent?alt=sse "HTTP/1.1 200 OK"
INFO:google_genai.models:AFC is enabled with max remote calls: 10.
INFO:httpx:HTTP Request: POST https://generativelanguage.googleapis.com/v1beta/models/gemini-2.5-flash:streamGenerateContent?alt=sse "HTTP/1.1 200 OK"
INFO:google_genai.models:AFC is enabled with max remote calls: 10.
INFO:httpx:HTTP Request: POST https://generativelanguage.googleapis.com/v1beta/models/gemini-2.5-flash:streamGenerateContent?alt=sse "HTTP/1.1 200 OK"
INFO:google_genai.models:AFC is enabled with max remote calls: 10.
INFO:httpx:HTTP Request: POST https://generativelanguage.googleapis.com/v1beta/models/gemini-2.5-flash:streamGenerateContent?alt=sse "HTTP/1.1 200 OK"
INFO:google_genai.models:AFC is enabled with max remote calls: 10.
INFO:httpx:HTTP Request: POST https://generativelanguage.googleapis.com/v1beta/models/gemini-2.5-flash:streamGenerateContent?alt=sse "HTTP/1.1 200 OK"
INFO:google_genai.models:AFC is enabled with max remote calls: 10.
INFO:httpx:HTTP Request: POST https://generativelanguage.googleapis.com/v1beta/models/gemini-2.5-flash:streamGenerateContent?alt=sse "HTTP/1.1 200 OK"
INFO:google_genai.models:AFC is enabled with max remote calls: 10.
INFO:httpx:HTTP Request: POST https://generativelanguage.googleapis.com/v1beta/models/gemini-2.5-flash:streamGenerateContent?alt=sse "HTTP/1.1 200 OK"
INFO:google_genai.models:AFC is enabled with max remote calls: 10.
INFO:httpx:HTTP Request: POST https://generativelanguage.googleapis.com/v1beta/models/gemini-2.5-flash:streamGenerateContent?alt=sse "HTTP/1.1 200 OK"
INFO:google_genai.models:AFC is enabled with max remote calls: 10.
INFO:httpx:HTTP Request: POST https://generativelanguage.googleapis.com/v1beta/models/gemini-2.5-flash:streamGenerateContent?alt=sse "HTTP/1.1 200 OK"
INFO:google_genai.models:AFC is enabled with max remote calls: 10.
INFO:httpx:HTTP Request: POST https://generativelanguage.googleapis.com/v1beta/models/gemini-2.5-flash:streamGenerateContent?alt=sse "HTTP/1.1 200 OK"
INFO:google_genai.models:AFC is enabled with max remote calls: 10.
INFO:httpx:HTTP Request: POST https://generativelanguage.googleapis.com/v1beta/models/gemini-2.5-flash:streamGenerateContent?alt=sse "HTTP/1.1 200 OK"
INFO:google_genai.models:AFC is enabled with max remote calls: 10.
INFO:httpx:HTTP Request: POST https://generativelanguage.googleapis.com/v1beta/models/gemini-2.5-flash:streamGenerateContent?alt=sse "HTTP/1.1 200 OK"
INFO:google_genai.models:AFC is enabled with max remote calls: 10.
INFO:httpx:HTTP Request: POST https://generativelanguage.googleapis.com/v1beta/models/gemini-2.5-flash:streamGenerateContent?alt=sse "HTTP/1.1 200 OK"
INFO:google_genai.models:AFC is enabled with max remote calls: 10.
INFO:httpx:HTTP Request: POST https://generativelanguage.googleapis.com/v1beta/models/gemini-2.5-flash:streamGenerateContent?alt=sse "HTTP/1.1 200 OK"
INFO:google_genai.models:AFC is enabled with max remote calls: 10.
INFO:httpx:HTTP Request: POST https://generativelanguage.googleapis.com/v1beta/models/gemini-2.5-flash:streamGenerateContent?alt=sse "HTTP/1.1 200 OK"
INFO:google_genai.models:AFC is enabled with max remote calls: 10.
INFO:httpx:HTTP Request: POST https://generativelanguage.googleapis.com/v1beta/models/gemini-2.5-flash:streamGenerateContent?alt=sse "HTTP/1.1 200 OK"
INFO:google_genai.models:AFC is enabled with max remote calls: 10.
INFO:httpx:HTTP Request: POST https://generativelanguage.googleapis.com/v1beta/models/gemini-2.5-flash:streamGenerateContent?alt=sse "HTTP/1.1 200 OK"
INFO:google_genai.models:AFC is enabled with max remote calls: 10.
INFO:httpx:HTTP Request: POST https://generativelanguage.googleapis.com/v1beta/models/gemini-2.5-flash:streamGenerateContent?alt=sse "HTTP/1.1 200 OK"
INFO:google_genai.models:AFC is enabled with max remote calls: 10.
INFO:httpx:HTTP Request: POST https://generativelanguage.googleapis.com/v1beta/models/gemini-2.5-flash:streamGenerateContent?alt=sse "HTTP/1.1 200 OK"
INFO:google_genai.models:AFC is enabled with max remote calls: 10.
INFO:httpx:HTTP Request: POST https://generativelanguage.googleapis.com/v1beta/models/gemini-2.5-flash:streamGenerateContent?alt=sse "HTTP/1.1 200 OK"
INFO:google_genai.models:AFC is enabled with max remote calls: 10.
INFO:httpx:HTTP Request: POST https://generativelanguage.googleapis.com/v1beta/models/gemini-2.5-flash:streamGenerateContent?alt=sse "HTTP/1.1 200 OK"
INFO:google_genai.models:AFC is enabled with max remote calls: 10.
INFO:httpx:HTTP Request: POST https://generativelanguage.googleapis.com/v1beta/models/gemini-2.5-flash:streamGenerateContent?alt=sse "HTTP/1.1 200 OK"
INFO:google_genai.models:AFC is enabled with max remote calls: 10.
INFO:httpx:HTTP Request: POST https://generativelanguage.googleapis.com/v1beta/models/gemini-2.5-flash:streamGenerateContent?alt=sse "HTTP/1.1 200 OK"
INFO:google_genai.models:AFC is enabled with max remote calls: 10.
INFO:httpx:HTTP Request: POST https://generativelanguage.googleapis.com/v1beta/models/gemini-2.5-flash:streamGenerateContent?alt=sse "HTTP/1.1 200 OK"
INFO:google_genai.models:AFC is enabled with max remote calls: 10.
INFO:httpx:HTTP Request: POST https://generativelanguage.googleapis.com/v1beta/models/gemini-2.5-flash:streamGenerateContent?alt=sse "HTTP/1.1 200 OK"
INFO:google_genai.models:AFC is enabled with max remote calls: 10.
INFO:httpx:HTTP Request: POST https://generativelanguage.googleapis.com/v1beta/models/gemini-2.5-flash:streamGenerateContent?alt=sse "HTTP/1.1 200 OK"
INFO:google_genai.models:AFC is enabled with max remote calls: 10.
INFO:httpx:HTTP Request: POST https://generativelanguage.googleapis.com/v1beta/models/gemini-2.5-flash:streamGenerateContent?alt=sse "HTTP/1.1 200 OK"
INFO:google_genai.models:AFC is enabled with max remote calls: 10.
INFO:httpx:HTTP Request: POST https://generativelanguage.googleapis.com/v1beta/models/gemini-2.5-flash:streamGenerateContent?alt=sse "HTTP/1.1 200 OK"
INFO:google_genai.models:AFC is enabled with max remote calls: 10.
INFO:httpx:HTTP Request: POST https://generativelanguage.googleapis.com/v1beta/models/gemini-2.5-flash:streamGenerateContent?alt=sse "HTTP/1.1 200 OK"
INFO:google_genai.models:AFC is enabled with max remote calls: 10.
INFO:httpx:HTTP Request: POST https://generativelanguage.googleapis.com/v1beta/models/gemini-2.5-flash:streamGenerateContent?alt=sse "HTTP/1.1 200 OK"
INFO:google_genai.models:AFC is enabled with max remote calls: 10.
INFO:httpx:HTTP Request: POST https://generativelanguage.googleapis.com/v1beta/models/gemini-2.5-flash:streamGenerateContent?alt=sse "HTTP/1.1 200 OK"
INFO:google_genai.models:AFC is enabled with max remote calls: 10.
INFO:httpx:HTTP Request: POST https://generativelanguage.googleapis.com/v1beta/models/gemini-2.5-flash:streamGenerateContent?alt=sse "HTTP/1.1 200 OK"
INFO:google_genai.models:AFC is enabled with max remote calls: 10.
INFO:httpx:HTTP Request: POST https://generativelanguage.googleapis.com/v1beta/models/gemini-2.5-flash:streamGenerateContent?alt=sse "HTTP/1.1 200 OK"
INFO:google_genai.models:AFC is enabled with max remote calls: 10.
INFO:httpx:HTTP Request: POST https://generativelanguage.googleapis.com/v1beta/models/gemini-2.5-flash:streamGenerateContent?alt=sse "HTTP/1.1 200 OK"
INFO:google_genai.models:AFC is enabled with max remote calls: 10.
INFO:httpx:HTTP Request: POST https://generativelanguage.googleapis.com/v1beta/models/gemini-2.5-flash:streamGenerateContent?alt=sse "HTTP/1.1 200 OK"
INFO:google_genai.models:AFC is enabled with max remote calls: 10.
INFO:httpx:HTTP Request: POST https://generativelanguage.googleapis.com/v1beta/models/gemini-2.5-flash:streamGenerateContent?alt=sse "HTTP/1.1 200 OK"
INFO:google_genai.models:AFC is enabled with max remote calls: 10.
INFO:httpx:HTTP Request: POST https://generativelanguage.googleapis.com/v1beta/models/gemini-2.5-flash:streamGenerateContent?alt=sse "HTTP/1.1 200 OK"
INFO:google_genai.models:AFC is enabled with max remote calls: 10.
INFO:httpx:HTTP Request: POST https://generativelanguage.googleapis.com/v1beta/models/gemini-2.5-flash:streamGenerateContent?alt=sse "HTTP/1.1 200 OK"
INFO:google_genai.models:AFC is enabled with max remote calls: 10.
INFO:httpx:HTTP Request: POST https://generativelanguage.googleapis.com/v1beta/models/gemini-2.5-flash:streamGenerateContent?alt=sse "HTTP/1.1 200 OK"
INFO:google_genai.models:AFC is enabled with max remote calls: 10.
INFO:httpx:HTTP Request: POST https://generativelanguage.googleapis.com/v1beta/models/gemini-2.5-flash:streamGenerateContent?alt=sse "HTTP/1.1 200 OK"
INFO:google_genai.models:AFC is enabled with max remote calls: 10.
INFO:httpx:HTTP Request: POST https://generativelanguage.googleapis.com/v1beta/models/gemini-2.5-flash:streamGenerateContent?alt=sse "HTTP/1.1 200 OK"
INFO:google_genai.models:AFC is enabled with max remote calls: 10.
INFO:httpx:HTTP Request: POST https://generativelanguage.googleapis.com/v1beta/models/gemini-2.5-flash:streamGenerateContent?alt=sse "HTTP/1.1 200 OK"
INFO:google_genai.models:AFC is enabled with max remote calls: 10.
INFO:httpx:HTTP Request: POST https://generativelanguage.googleapis.com/v1beta/models/gemini-2.5-flash:streamGenerateContent?alt=sse "HTTP/1.1 200 OK"
INFO:google_genai.models:AFC is enabled with max remote calls: 10.
INFO:httpx:HTTP Request: POST https://generativelanguage.googleapis.com/v1beta/models/gemini-2.5-flash:streamGenerateContent?alt=sse "HTTP/1.1 200 OK"
INFO:google_genai.models:AFC is enabled with max remote calls: 10.
INFO:httpx:HTTP Request: POST https://generativelanguage.googleapis.com/v1beta/models/gemini-2.5-flash:streamGenerateContent?alt=sse "HTTP/1.1 200 OK"
INFO:google_genai.models:AFC is enabled with max remote calls: 10.
INFO:httpx:HTTP Request: POST https://generativelanguage.googleapis.com/v1beta/models/gemini-2.5-flash:streamGenerateContent?alt=sse "HTTP/1.1 200 OK"
INFO:google_genai.models:AFC is enabled with max remote calls: 10.
INFO:httpx:HTTP Request: POST https://generativelanguage.googleapis.com/v1beta/models/gemini-2.5-flash:streamGenerateContent?alt=sse "HTTP/1.1 200 OK"
INFO:google_genai.models:AFC is enabled with max remote calls: 10.
INFO:httpx:HTTP Request: POST https://generativelanguage.googleapis.com/v1beta/models/gemini-2.5-flash:streamGenerateContent?alt=sse "HTTP/1.1 200 OK"
INFO:google_genai.models:AFC is enabled with max remote calls: 10.
INFO:httpx:HTTP Request: POST https://generativelanguage.googleapis.com/v1beta/models/gemini-2.5-flash:streamGenerateContent?alt=sse "HTTP/1.1 200 OK"
INFO:google_genai.models:AFC is enabled with max remote calls: 10.
INFO:httpx:HTTP Request: POST https://generativelanguage.googleapis.com/v1beta/models/gemini-2.5-flash:streamGenerateContent?alt=sse "HTTP/1.1 200 OK"
INFO:google_genai.models:AFC is enabled with max remote calls: 10.
INFO:httpx:HTTP Request: POST https://generativelanguage.googleapis.com/v1beta/models/gemini-2.5-flash:streamGenerateContent?alt=sse "HTTP/1.1 200 OK"
INFO:google_genai.models:AFC is enabled with max remote calls: 10.
INFO:httpx:HTTP Request: POST https://generativelanguage.googleapis.com/v1beta/models/gemini-2.5-flash:streamGenerateContent?alt=sse "HTTP/1.1 200 OK"
INFO:google_genai.models:AFC is enabled with max remote calls: 10.
INFO:httpx:HTTP Request: POST https://generativelanguage.googleapis.com/v1beta/models/gemini-2.5-flash:streamGenerateContent?alt=sse "HTTP/1.1 200 OK"
INFO:google_genai.models:AFC is enabled with max remote calls: 10.
INFO:httpx:HTTP Request: POST https://generativelanguage.googleapis.com/v1beta/models/gemini-2.5-flash:streamGenerateContent?alt=sse "HTTP/1.1 200 OK"
INFO:google_genai.models:AFC is enabled with max remote calls: 10.
INFO:httpx:HTTP Request: POST https://generativelanguage.googleapis.com/v1beta/models/gemini-2.5-flash:streamGenerateContent?alt=sse "HTTP/1.1 200 OK"
INFO:google_genai.models:AFC is enabled with max remote calls: 10.
INFO:httpx:HTTP Request: POST https://generativelanguage.googleapis.com/v1beta/models/gemini-2.5-flash:streamGenerateContent?alt=sse "HTTP/1.1 200 OK"
INFO:google_genai.models:AFC is enabled with max remote calls: 10.
INFO:httpx:HTTP Request: POST https://generativelanguage.googleapis.com/v1beta/models/gemini-2.5-flash:streamGenerateContent?alt=sse "HTTP/1.1 200 OK"
INFO:google_genai.models:AFC is enabled with max remote calls: 10.
INFO:httpx:HTTP Request: POST https://generativelanguage.googleapis.com/v1beta/models/gemini-2.5-flash:streamGenerateContent?alt=sse "HTTP/1.1 200 OK"
INFO:google_genai.models:AFC is enabled with max remote calls: 10.
INFO:httpx:HTTP Request: POST https://generativelanguage.googleapis.com/v1beta/models/gemini-2.5-flash:streamGenerateContent?alt=sse "HTTP/1.1 200 OK"
INFO:google_genai.models:AFC is enabled with max remote calls: 10.
INFO:httpx:HTTP Request: POST https://generativelanguage.googleapis.com/v1beta/models/gemini-2.5-flash:streamGenerateContent?alt=sse "HTTP/1.1 200 OK"
INFO:google_genai.models:AFC is enabled with max remote calls: 10.
INFO:httpx:HTTP Request: POST https://generativelanguage.googleapis.com/v1beta/models/gemini-2.5-flash:streamGenerateContent?alt=sse "HTTP/1.1 200 OK"
INFO:google_genai.models:AFC is enabled with max remote calls: 10.
INFO:httpx:HTTP Request: POST https://generativelanguage.googleapis.com/v1beta/models/gemini-2.5-flash:streamGenerateContent?alt=sse "HTTP/1.1 200 OK"
INFO:google_genai.models:AFC is enabled with max remote calls: 10.
INFO:httpx:HTTP Request: POST https://generativelanguage.googleapis.com/v1beta/models/gemini-2.5-flash:streamGenerateContent?alt=sse "HTTP/1.1 200 OK"
INFO:google_genai.models:AFC is enabled with max remote calls: 10.
INFO:httpx:HTTP Request: POST https://generativelanguage.googleapis.com/v1beta/models/gemini-2.5-flash:streamGenerateContent?alt=sse "HTTP/1.1 200 OK"
INFO:google_genai.models:AFC is enabled with max remote calls: 10.
INFO:httpx:HTTP Request: POST https://generativelanguage.googleapis.com/v1beta/models/gemini-2.5-flash:streamGenerateContent?alt=sse "HTTP/1.1 200 OK"
INFO:google_genai.models:AFC is enabled with max remote calls: 10.
INFO:httpx:HTTP Request: POST https://generativelanguage.googleapis.com/v1beta/models/gemini-2.5-flash:streamGenerateContent?alt=sse "HTTP/1.1 200 OK"
INFO:google_genai.models:AFC is enabled with max remote calls: 10.
INFO:httpx:HTTP Request: POST https://generativelanguage.googleapis.com/v1beta/models/gemini-2.5-flash:streamGenerateContent?alt=sse "HTTP/1.1 200 OK"
INFO:google_genai.models:AFC is enabled with max remote calls: 10.
INFO:httpx:HTTP Request: POST https://generativelanguage.googleapis.com/v1beta/models/gemini-2.5-flash:streamGenerateContent?alt=sse "HTTP/1.1 200 OK"
INFO:google_genai.models:AFC is enabled with max remote calls: 10.
INFO:httpx:HTTP Request: POST https://generativelanguage.googleapis.com/v1beta/models/gemini-2.5-flash:streamGenerateContent?alt=sse "HTTP/1.1 200 OK"
INFO:google_genai.models:AFC is enabled with max remote calls: 10.
INFO:httpx:HTTP Request: POST https://generativelanguage.googleapis.com/v1beta/models/gemini-2.5-flash:streamGenerateContent?alt=sse "HTTP/1.1 200 OK"
INFO:google_genai.models:AFC is enabled with max remote calls: 10.
INFO:httpx:HTTP Request: POST https://generativelanguage.googleapis.com/v1beta/models/gemini-2.5-flash:streamGenerateContent?alt=sse "HTTP/1.1 200 OK"
INFO:google_genai.models:AFC is enabled with max remote calls: 10.
INFO:httpx:HTTP Request: POST https://generativelanguage.googleapis.com/v1beta/models/gemini-2.5-flash:streamGenerateContent?alt=sse "HTTP/1.1 200 OK"
INFO:google_genai.models:AFC is enabled with max remote calls: 10.
INFO:httpx:HTTP Request: POST https://generativelanguage.googleapis.com/v1beta/models/gemini-2.5-flash:streamGenerateContent?alt=sse "HTTP/1.1 200 OK"
INFO:google_genai.models:AFC is enabled with max remote calls: 10.
INFO:httpx:HTTP Request: POST https://generativelanguage.googleapis.com/v1beta/models/gemini-2.5-flash:streamGenerateContent?alt=sse "HTTP/1.1 200 OK"
INFO:google_genai.models:AFC is enabled with max remote calls: 10.
INFO:httpx:HTTP Request: POST https://generativelanguage.googleapis.com/v1beta/models/gemini-2.5-flash:streamGenerateContent?alt=sse "HTTP/1.1 200 OK"
INFO:google_genai.models:AFC is enabled with max remote calls: 10.
INFO:httpx:HTTP Request: POST https://generativelanguage.googleapis.com/v1beta/models/gemini-2.5-flash:streamGenerateContent?alt=sse "HTTP/1.1 200 OK"
INFO:google_genai.models:AFC is enabled with max remote calls: 10.
INFO:httpx:HTTP Request: POST https://generativelanguage.googleapis.com/v1beta/models/gemini-2.5-flash:streamGenerateContent?alt=sse "HTTP/1.1 200 OK"
INFO:google_genai.models:AFC is enabled with max remote calls: 10.
INFO:httpx:HTTP Request: POST https://generativelanguage.googleapis.com/v1beta/models/gemini-2.5-flash:streamGenerateContent?alt=sse "HTTP/1.1 200 OK"
INFO:google_genai.models:AFC is enabled with max remote calls: 10.
INFO:httpx:HTTP Request: POST https://generativelanguage.googleapis.com/v1beta/models/gemini-2.5-flash:streamGenerateContent?alt=sse "HTTP/1.1 200 OK"
INFO:google_genai.models:AFC is enabled with max remote calls: 10.
INFO:httpx:HTTP Request: POST https://generativelanguage.googleapis.com/v1beta/models/gemini-2.5-flash:streamGenerateContent?alt=sse "HTTP/1.1 200 OK"
INFO:google_genai.models:AFC is enabled with max remote calls: 10.
INFO:httpx:HTTP Request: POST https://generativelanguage.googleapis.com/v1beta/models/gemini-2.5-flash:streamGenerateContent?alt=sse "HTTP/1.1 200 OK"
INFO:google_genai.models:AFC is enabled with max remote calls: 10.
INFO:httpx:HTTP Request: POST https://generativelanguage.googleapis.com/v1beta/models/gemini-2.5-flash:streamGenerateContent?alt=sse "HTTP/1.1 200 OK"
INFO:google_genai.models:AFC is enabled with max remote calls: 10.
INFO:httpx:HTTP Request: POST https://generativelanguage.googleapis.com/v1beta/models/gemini-2.5-flash:streamGenerateContent?alt=sse "HTTP/1.1 200 OK"
INFO:google_genai.models:AFC is enabled with max remote calls: 10.
INFO:httpx:HTTP Request: POST https://generativelanguage.googleapis.com/v1beta/models/gemini-2.5-flash:streamGenerateContent?alt=sse "HTTP/1.1 200 OK"
INFO:google_genai.models:AFC is enabled with max remote calls: 10.
INFO:httpx:HTTP Request: POST https://generativelanguage.googleapis.com/v1beta/models/gemini-2.5-flash:streamGenerateContent?alt=sse "HTTP/1.1 200 OK"
INFO:google_genai.models:AFC is enabled with max remote calls: 10.
INFO:httpx:HTTP Request: POST https://generativelanguage.googleapis.com/v1beta/models/gemini-2.5-flash:streamGenerateContent?alt=sse "HTTP/1.1 200 OK"
INFO:google_genai.models:AFC is enabled with max remote calls: 10.
INFO:httpx:HTTP Request: POST https://generativelanguage.googleapis.com/v1beta/models/gemini-2.5-flash:streamGenerateContent?alt=sse "HTTP/1.1 200 OK"
INFO:google_genai.models:AFC is enabled with max remote calls: 10.
INFO:httpx:HTTP Request: POST https://generativelanguage.googleapis.com/v1beta/models/gemini-2.5-flash:streamGenerateContent?alt=sse "HTTP/1.1 200 OK"
INFO:google_genai.models:AFC is enabled with max remote calls: 10.
INFO:httpx:HTTP Request: POST https://generativelanguage.googleapis.com/v1beta/models/gemini-2.5-flash:streamGenerateContent?alt=sse "HTTP/1.1 200 OK"
INFO:google_genai.models:AFC is enabled with max remote calls: 10.
INFO:httpx:HTTP Request: POST https://generativelanguage.googleapis.com/v1beta/models/gemini-2.5-flash:streamGenerateContent?alt=sse "HTTP/1.1 200 OK"
INFO:google_genai.models:AFC is enabled with max remote calls: 10.
INFO:httpx:HTTP Request: POST https://generativelanguage.googleapis.com/v1beta/models/gemini-2.5-flash:streamGenerateContent?alt=sse "HTTP/1.1 200 OK"
INFO:google_genai.models:AFC is enabled with max remote calls: 10.
INFO:httpx:HTTP Request: POST https://generativelanguage.googleapis.com/v1beta/models/gemini-2.5-flash:streamGenerateContent?alt=sse "HTTP/1.1 200 OK"
INFO:google_genai.models:AFC is enabled with max remote calls: 10.
INFO:httpx:HTTP Request: POST https://generativelanguage.googleapis.com/v1beta/models/gemini-2.5-flash:streamGenerateContent?alt=sse "HTTP/1.1 200 OK"
INFO:google_genai.models:AFC is enabled with max remote calls: 10.
INFO:httpx:HTTP Request: POST https://generativelanguage.googleapis.com/v1beta/models/gemini-2.5-flash:streamGenerateContent?alt=sse "HTTP/1.1 200 OK"
INFO:google_genai.models:AFC is enabled with max remote calls: 10.
INFO:httpx:HTTP Request: POST https://generativelanguage.googleapis.com/v1beta/models/gemini-2.5-flash:streamGenerateContent?alt=sse "HTTP/1.1 200 OK"
INFO:google_genai.models:AFC is enabled with max remote calls: 10.
INFO:httpx:HTTP Request: POST https://generativelanguage.googleapis.com/v1beta/models/gemini-2.5-flash:streamGenerateContent?alt=sse "HTTP/1.1 200 OK"
INFO:google_genai.models:AFC is enabled with max remote calls: 10.
INFO:httpx:HTTP Request: POST https://generativelanguage.googleapis.com/v1beta/models/gemini-2.5-flash:streamGenerateContent?alt=sse "HTTP/1.1 200 OK"
INFO:google_genai.models:AFC is enabled with max remote calls: 10.
INFO:httpx:HTTP Request: POST https://generativelanguage.googleapis.com/v1beta/models/gemini-2.5-flash:streamGenerateContent?alt=sse "HTTP/1.1 200 OK"
INFO:google_genai.models:AFC is enabled with max remote calls: 10.
INFO:httpx:HTTP Request: POST https://generativelanguage.googleapis.com/v1beta/models/gemini-2.5-flash:streamGenerateContent?alt=sse "HTTP/1.1 200 OK"
INFO:google_genai.models:AFC is enabled with max remote calls: 10.
INFO:httpx:HTTP Request: POST https://generativelanguage.googleapis.com/v1beta/models/gemini-2.5-flash:streamGenerateContent?alt=sse "HTTP/1.1 200 OK"
INFO:google_genai.models:AFC is enabled with max remote calls: 10.
INFO:httpx:HTTP Request: POST https://generativelanguage.googleapis.com/v1beta/models/gemini-2.5-flash:streamGenerateContent?alt=sse "HTTP/1.1 200 OK"
INFO:google_genai.models:AFC is enabled with max remote calls: 10.
INFO:httpx:HTTP Request: POST https://generativelanguage.googleapis.com/v1beta/models/gemini-2.5-flash:streamGenerateContent?alt=sse "HTTP/1.1 200 OK"
INFO:google_genai.models:AFC is enabled with max remote calls: 10.
INFO:httpx:HTTP Request: POST https://generativelanguage.googleapis.com/v1beta/models/gemini-2.5-flash:streamGenerateContent?alt=sse "HTTP/1.1 200 OK"
INFO:google_genai.models:AFC is enabled with max remote calls: 10.
INFO:httpx:HTTP Request: POST https://generativelanguage.googleapis.com/v1beta/models/gemini-2.5-flash:streamGenerateContent?alt=sse "HTTP/1.1 200 OK"
INFO:google_genai.models:AFC is enabled with max remote calls: 10.
INFO:httpx:HTTP Request: POST https://generativelanguage.googleapis.com/v1beta/models/gemini-2.5-flash:streamGenerateContent?alt=sse "HTTP/1.1 200 OK"
INFO:google_genai.models:AFC is enabled with max remote calls: 10.
INFO:httpx:HTTP Request: POST https://generativelanguage.googleapis.com/v1beta/models/gemini-2.5-flash:streamGenerateContent?alt=sse "HTTP/1.1 200 OK"
INFO:google_genai.models:AFC is enabled with max remote calls: 10.
INFO:httpx:HTTP Request: POST https://generativelanguage.googleapis.com/v1beta/models/gemini-2.5-flash:streamGenerateContent?alt=sse "HTTP/1.1 200 OK"
INFO:google_genai.models:AFC is enabled with max remote calls: 10.
INFO:httpx:HTTP Request: POST https://generativelanguage.googleapis.com/v1beta/models/gemini-2.5-flash:streamGenerateContent?alt=sse "HTTP/1.1 200 OK"
INFO:google_genai.models:AFC is enabled with max remote calls: 10.
INFO:httpx:HTTP Request: POST https://generativelanguage.googleapis.com/v1beta/models/gemini-2.5-flash:streamGenerateContent?alt=sse "HTTP/1.1 200 OK"
INFO:google_genai.models:AFC is enabled with max remote calls: 10.
INFO:httpx:HTTP Request: POST https://generativelanguage.googleapis.com/v1beta/models/gemini-2.5-flash:streamGenerateContent?alt=sse "HTTP/1.1 200 OK"
INFO:google_genai.models:AFC is enabled with max remote calls: 10.
INFO:httpx:HTTP Request: POST https://generativelanguage.googleapis.com/v1beta/models/gemini-2.5-flash:streamGenerateContent?alt=sse "HTTP/1.1 200 OK"
INFO:google_genai.models:AFC is enabled with max remote calls: 10.
INFO:httpx:HTTP Request: POST https://generativelanguage.googleapis.com/v1beta/models/gemini-2.5-flash:streamGenerateContent?alt=sse "HTTP/1.1 200 OK"
INFO:google_genai.models:AFC is enabled with max remote calls: 10.
INFO:httpx:HTTP Request: POST https://generativelanguage.googleapis.com/v1beta/models/gemini-2.5-flash:streamGenerateContent?alt=sse "HTTP/1.1 200 OK"
INFO:google_genai.models:AFC is enabled with max remote calls: 10.
INFO:httpx:HTTP Request: POST https://generativelanguage.googleapis.com/v1beta/models/gemini-2.5-flash:streamGenerateContent?alt=sse "HTTP/1.1 200 OK"
INFO:google_genai.models:AFC is enabled with max remote calls: 10.
INFO:httpx:HTTP Request: POST https://generativelanguage.googleapis.com/v1beta/models/gemini-2.5-flash:streamGenerateContent?alt=sse "HTTP/1.1 200 OK"
INFO:google_genai.models:AFC is enabled with max remote calls: 10.
INFO:httpx:HTTP Request: POST https://generativelanguage.googleapis.com/v1beta/models/gemini-2.5-flash:streamGenerateContent?alt=sse "HTTP/1.1 200 OK"
INFO:google_genai.models:AFC is enabled with max remote calls: 10.
INFO:httpx:HTTP Request: POST https://generativelanguage.googleapis.com/v1beta/models/gemini-2.5-flash:streamGenerateContent?alt=sse "HTTP/1.1 200 OK"
INFO:google_genai.models:AFC is enabled with max remote calls: 10.
INFO:httpx:HTTP Request: POST https://generativelanguage.googleapis.com/v1beta/models/gemini-2.5-flash:streamGenerateContent?alt=sse "HTTP/1.1 200 OK"
INFO:google_genai.models:AFC is enabled with max remote calls: 10.
INFO:httpx:HTTP Request: POST https://generativelanguage.googleapis.com/v1beta/models/gemini-2.5-flash:streamGenerateContent?alt=sse "HTTP/1.1 200 OK"
INFO:google_genai.models:AFC is enabled with max remote calls: 10.
INFO:httpx:HTTP Request: POST https://generativelanguage.googleapis.com/v1beta/models/gemini-2.5-flash:streamGenerateContent?alt=sse "HTTP/1.1 200 OK"
INFO:google_genai.models:AFC is enabled with max remote calls: 10.
INFO:httpx:HTTP Request: POST https://generativelanguage.googleapis.com/v1beta/models/gemini-2.5-flash:streamGenerateContent?alt=sse "HTTP/1.1 200 OK"
INFO:google_genai.models:AFC is enabled with max remote calls: 10.
INFO:httpx:HTTP Request: POST https://generativelanguage.googleapis.com/v1beta/models/gemini-2.5-flash:streamGenerateContent?alt=sse "HTTP/1.1 200 OK"
INFO:google_genai.models:AFC is enabled with max remote calls: 10.
INFO:httpx:HTTP Request: POST https://generativelanguage.googleapis.com/v1beta/models/gemini-2.5-flash:streamGenerateContent?alt=sse "HTTP/1.1 200 OK"
INFO:google_genai.models:AFC is enabled with max remote calls: 10.
INFO:httpx:HTTP Request: POST https://generativelanguage.googleapis.com/v1beta/models/gemini-2.5-flash:streamGenerateContent?alt=sse "HTTP/1.1 200 OK"
INFO:google_genai.models:AFC is enabled with max remote calls: 10.
INFO:httpx:HTTP Request: POST https://generativelanguage.googleapis.com/v1beta/models/gemini-2.5-flash:streamGenerateContent?alt=sse "HTTP/1.1 200 OK"
INFO:google_genai.models:AFC is enabled with max remote calls: 10.
INFO:httpx:HTTP Request: POST https://generativelanguage.googleapis.com/v1beta/models/gemini-2.5-flash:streamGenerateContent?alt=sse "HTTP/1.1 200 OK"
INFO:google_genai.models:AFC is enabled with max remote calls: 10.
INFO:httpx:HTTP Request: POST https://generativelanguage.googleapis.com/v1beta/models/gemini-2.5-flash:streamGenerateContent?alt=sse "HTTP/1.1 200 OK"
INFO:google_genai.models:AFC is enabled with max remote calls: 10.
INFO:httpx:HTTP Request: POST https://generativelanguage.googleapis.com/v1beta/models/gemini-2.5-flash:streamGenerateContent?alt=sse "HTTP/1.1 200 OK"
INFO:google_genai.models:AFC is enabled with max remote calls: 10.
INFO:httpx:HTTP Request: POST https://generativelanguage.googleapis.com/v1beta/models/gemini-2.5-flash:streamGenerateContent?alt=sse "HTTP/1.1 200 OK"
INFO:google_genai.models:AFC is enabled with max remote calls: 10.
INFO:httpx:HTTP Request: POST https://generativelanguage.googleapis.com/v1beta/models/gemini-2.5-flash:streamGenerateContent?alt=sse "HTTP/1.1 200 OK"
INFO:google_genai.models:AFC is enabled with max remote calls: 10.
INFO:httpx:HTTP Request: POST https://generativelanguage.googleapis.com/v1beta/models/gemini-2.5-flash:streamGenerateContent?alt=sse "HTTP/1.1 200 OK"
INFO:google_genai.models:AFC is enabled with max remote calls: 10.
INFO:httpx:HTTP Request: POST https://generativelanguage.googleapis.com/v1beta/models/gemini-2.5-flash:streamGenerateContent?alt=sse "HTTP/1.1 200 OK"
INFO:google_genai.models:AFC is enabled with max remote calls: 10.
INFO:httpx:HTTP Request: POST https://generativelanguage.googleapis.com/v1beta/models/gemini-2.5-flash:streamGenerateContent?alt=sse "HTTP/1.1 200 OK"
INFO:google_genai.models:AFC is enabled with max remote calls: 10.
INFO:httpx:HTTP Request: POST https://generativelanguage.googleapis.com/v1beta/models/gemini-2.5-flash:streamGenerateContent?alt=sse "HTTP/1.1 200 OK"
INFO:google_genai.models:AFC is enabled with max remote calls: 10.
INFO:httpx:HTTP Request: POST https://generativelanguage.googleapis.com/v1beta/models/gemini-2.5-flash:streamGenerateContent?alt=sse "HTTP/1.1 200 OK"
INFO:google_genai.models:AFC is enabled with max remote calls: 10.
INFO:httpx:HTTP Request: POST https://generativelanguage.googleapis.com/v1beta/models/gemini-2.5-flash:streamGenerateContent?alt=sse "HTTP/1.1 200 OK"
INFO:google_genai.models:AFC is enabled with max remote calls: 10.
INFO:httpx:HTTP Request: POST https://generativelanguage.googleapis.com/v1beta/models/gemini-2.5-flash:streamGenerateContent?alt=sse "HTTP/1.1 200 OK"
INFO:google_genai.models:AFC is enabled with max remote calls: 10.
INFO:httpx:HTTP Request: POST https://generativelanguage.googleapis.com/v1beta/models/gemini-2.5-flash:streamGenerateContent?alt=sse "HTTP/1.1 200 OK"
INFO:google_genai.models:AFC is enabled with max remote calls: 10.
INFO:httpx:HTTP Request: POST https://generativelanguage.googleapis.com/v1beta/models/gemini-2.5-flash:streamGenerateContent?alt=sse "HTTP/1.1 200 OK"
INFO:google_genai.models:AFC is enabled with max remote calls: 10.
INFO:httpx:HTTP Request: POST https://generativelanguage.googleapis.com/v1beta/models/gemini-2.5-flash:streamGenerateContent?alt=sse "HTTP/1.1 200 OK"
INFO:google_genai.models:AFC is enabled with max remote calls: 10.
INFO:httpx:HTTP Request: POST https://generativelanguage.googleapis.com/v1beta/models/gemini-2.5-flash:streamGenerateContent?alt=sse "HTTP/1.1 200 OK"
INFO:google_genai.models:AFC is enabled with max remote calls: 10.
INFO:httpx:HTTP Request: POST https://generativelanguage.googleapis.com/v1beta/models/gemini-2.5-flash:streamGenerateContent?alt=sse "HTTP/1.1 200 OK"
INFO:google_genai.models:AFC is enabled with max remote calls: 10.
INFO:httpx:HTTP Request: POST https://generativelanguage.googleapis.com/v1beta/models/gemini-2.5-flash:streamGenerateContent?alt=sse "HTTP/1.1 200 OK"
INFO:google_genai.models:AFC is enabled with max remote calls: 10.
INFO:httpx:HTTP Request: POST https://generativelanguage.googleapis.com/v1beta/models/gemini-2.5-flash:streamGenerateContent?alt=sse "HTTP/1.1 200 OK"
INFO:google_genai.models:AFC is enabled with max remote calls: 10.
INFO:httpx:HTTP Request: POST https://generativelanguage.googleapis.com/v1beta/models/gemini-2.5-flash:streamGenerateContent?alt=sse "HTTP/1.1 200 OK"
INFO:google_genai.models:AFC is enabled with max remote calls: 10.
INFO:httpx:HTTP Request: POST https://generativelanguage.googleapis.com/v1beta/models/gemini-2.5-flash:streamGenerateContent?alt=sse "HTTP/1.1 200 OK"
INFO:google_genai.models:AFC is enabled with max remote calls: 10.
INFO:httpx:HTTP Request: POST https://generativelanguage.googleapis.com/v1beta/models/gemini-2.5-flash:streamGenerateContent?alt=sse "HTTP/1.1 200 OK"
INFO:google_genai.models:AFC is enabled with max remote calls: 10.
INFO:httpx:HTTP Request: POST https://generativelanguage.googleapis.com/v1beta/models/gemini-2.5-flash:streamGenerateContent?alt=sse "HTTP/1.1 200 OK"
INFO:google_genai.models:AFC is enabled with max remote calls: 10.
INFO:httpx:HTTP Request: POST https://generativelanguage.googleapis.com/v1beta/models/gemini-2.5-flash:streamGenerateContent?alt=sse "HTTP/1.1 200 OK"
INFO:google_genai.models:AFC is enabled with max remote calls: 10.
INFO:httpx:HTTP Request: POST https://generativelanguage.googleapis.com/v1beta/models/gemini-2.5-flash:streamGenerateContent?alt=sse "HTTP/1.1 200 OK"
INFO:google_genai.models:AFC is enabled with max remote calls: 10.
INFO:httpx:HTTP Request: POST https://generativelanguage.googleapis.com/v1beta/models/gemini-2.5-flash:streamGenerateContent?alt=sse "HTTP/1.1 200 OK"
INFO:google_genai.models:AFC is enabled with max remote calls: 10.
INFO:httpx:HTTP Request: POST https://generativelanguage.googleapis.com/v1beta/models/gemini-2.5-flash:streamGenerateContent?alt=sse "HTTP/1.1 200 OK"
INFO:google_genai.models:AFC is enabled with max remote calls: 10.
INFO:httpx:HTTP Request: POST https://generativelanguage.googleapis.com/v1beta/models/gemini-2.5-flash:streamGenerateContent?alt=sse "HTTP/1.1 200 OK"
INFO:google_genai.models:AFC is enabled with max remote calls: 10.
INFO:httpx:HTTP Request: POST https://generativelanguage.googleapis.com/v1beta/models/gemini-2.5-flash:streamGenerateContent?alt=sse "HTTP/1.1 200 OK"
INFO:google_genai.models:AFC is enabled with max remote calls: 10.
INFO:httpx:HTTP Request: POST https://generativelanguage.googleapis.com/v1beta/models/gemini-2.5-flash:streamGenerateContent?alt=sse "HTTP/1.1 200 OK"
INFO:google_genai.models:AFC is enabled with max remote calls: 10.
INFO:httpx:HTTP Request: POST https://generativelanguage.googleapis.com/v1beta/models/gemini-2.5-flash:streamGenerateContent?alt=sse "HTTP/1.1 200 OK"
INFO:google_genai.models:AFC is enabled with max remote calls: 10.
INFO:httpx:HTTP Request: POST https://generativelanguage.googleapis.com/v1beta/models/gemini-2.5-flash:streamGenerateContent?alt=sse "HTTP/1.1 200 OK"
INFO:google_genai.models:AFC is enabled with max remote calls: 10.
INFO:httpx:HTTP Request: POST https://generativelanguage.googleapis.com/v1beta/models/gemini-2.5-flash:streamGenerateContent?alt=sse "HTTP/1.1 200 OK"
INFO:google_genai.models:AFC is enabled with max remote calls: 10.
INFO:httpx:HTTP Request: POST https://generativelanguage.googleapis.com/v1beta/models/gemini-2.5-flash:streamGenerateContent?alt=sse "HTTP/1.1 200 OK"
INFO:google_genai.models:AFC is enabled with max remote calls: 10.
INFO:httpx:HTTP Request: POST https://generativelanguage.googleapis.com/v1beta/models/gemini-2.5-flash:streamGenerateContent?alt=sse "HTTP/1.1 200 OK"
INFO:google_genai.models:AFC is enabled with max remote calls: 10.
INFO:httpx:HTTP Request: POST https://generativelanguage.googleapis.com/v1beta/models/gemini-2.5-flash:streamGenerateContent?alt=sse "HTTP/1.1 200 OK"
INFO:google_genai.models:AFC is enabled with max remote calls: 10.
INFO:httpx:HTTP Request: POST https://generativelanguage.googleapis.com/v1beta/models/gemini-2.5-flash:streamGenerateContent?alt=sse "HTTP/1.1 200 OK"
INFO:google_genai.models:AFC is enabled with max remote calls: 10.
INFO:httpx:HTTP Request: POST https://generativelanguage.googleapis.com/v1beta/models/gemini-2.5-flash:streamGenerateContent?alt=sse "HTTP/1.1 200 OK"
INFO:google_genai.models:AFC is enabled with max remote calls: 10.
INFO:httpx:HTTP Request: POST https://generativelanguage.googleapis.com/v1beta/models/gemini-2.5-flash:streamGenerateContent?alt=sse "HTTP/1.1 200 OK"
INFO:google_genai.models:AFC is enabled with max remote calls: 10.
INFO:httpx:HTTP Request: POST https://generativelanguage.googleapis.com/v1beta/models/gemini-2.5-flash:streamGenerateContent?alt=sse "HTTP/1.1 200 OK"
INFO:google_genai.models:AFC is enabled with max remote calls: 10.
INFO:httpx:HTTP Request: POST https://generativelanguage.googleapis.com/v1beta/models/gemini-2.5-flash:streamGenerateContent?alt=sse "HTTP/1.1 200 OK"
INFO:google_genai.models:AFC is enabled with max remote calls: 10.
INFO:httpx:HTTP Request: POST https://generativelanguage.googleapis.com/v1beta/models/gemini-2.5-flash:streamGenerateContent?alt=sse "HTTP/1.1 200 OK"
INFO:google_genai.models:AFC is enabled with max remote calls: 10.
INFO:httpx:HTTP Request: POST https://generativelanguage.googleapis.com/v1beta/models/gemini-2.5-flash:streamGenerateContent?alt=sse "HTTP/1.1 200 OK"
INFO:google_genai.models:AFC is enabled with max remote calls: 10.
INFO:httpx:HTTP Request: POST https://generativelanguage.googleapis.com/v1beta/models/gemini-2.5-flash:streamGenerateContent?alt=sse "HTTP/1.1 200 OK"
INFO:google_genai.models:AFC is enabled with max remote calls: 10.
INFO:httpx:HTTP Request: POST https://generativelanguage.googleapis.com/v1beta/models/gemini-2.5-flash:streamGenerateContent?alt=sse "HTTP/1.1 200 OK"
INFO:google_genai.models:AFC is enabled with max remote calls: 10.
INFO:httpx:HTTP Request: POST https://generativelanguage.googleapis.com/v1beta/models/gemini-2.5-flash:streamGenerateContent?alt=sse "HTTP/1.1 200 OK"
INFO:google_genai.models:AFC is enabled with max remote calls: 10.
INFO:httpx:HTTP Request: POST https://generativelanguage.googleapis.com/v1beta/models/gemini-2.5-flash:streamGenerateContent?alt=sse "HTTP/1.1 200 OK"
INFO:google_genai.models:AFC is enabled with max remote calls: 10.
INFO:httpx:HTTP Request: POST https://generativelanguage.googleapis.com/v1beta/models/gemini-2.5-flash:streamGenerateContent?alt=sse "HTTP/1.1 200 OK"
INFO:google_genai.models:AFC is enabled with max remote calls: 10.
INFO:httpx:HTTP Request: POST https://generativelanguage.googleapis.com/v1beta/models/gemini-2.5-flash:streamGenerateContent?alt=sse "HTTP/1.1 200 OK"
INFO:google_genai.models:AFC is enabled with max remote calls: 10.
INFO:httpx:HTTP Request: POST https://generativelanguage.googleapis.com/v1beta/models/gemini-2.5-flash:streamGenerateContent?alt=sse "HTTP/1.1 200 OK"
INFO:google_genai.models:AFC is enabled with max remote calls: 10.
INFO:httpx:HTTP Request: POST https://generativelanguage.googleapis.com/v1beta/models/gemini-2.5-flash:streamGenerateContent?alt=sse "HTTP/1.1 200 OK"
INFO:google_genai.models:AFC is enabled with max remote calls: 10.
INFO:httpx:HTTP Request: POST https://generativelanguage.googleapis.com/v1beta/models/gemini-2.5-flash:streamGenerateContent?alt=sse "HTTP/1.1 200 OK"
INFO:google_genai.models:AFC is enabled with max remote calls: 10.
INFO:httpx:HTTP Request: POST https://generativelanguage.googleapis.com/v1beta/models/gemini-2.5-flash:streamGenerateContent?alt=sse "HTTP/1.1 200 OK"
INFO:google_genai.models:AFC is enabled with max remote calls: 10.
INFO:httpx:HTTP Request: POST https://generativelanguage.googleapis.com/v1beta/models/gemini-2.5-flash:streamGenerateContent?alt=sse "HTTP/1.1 200 OK"
INFO:google_genai.models:AFC is enabled with max remote calls: 10.
INFO:httpx:HTTP Request: POST https://generativelanguage.googleapis.com/v1beta/models/gemini-2.5-flash:streamGenerateContent?alt=sse "HTTP/1.1 200 OK"
INFO:google_genai.models:AFC is enabled with max remote calls: 10.
INFO:httpx:HTTP Request: POST https://generativelanguage.googleapis.com/v1beta/models/gemini-2.5-flash:streamGenerateContent?alt=sse "HTTP/1.1 200 OK"
INFO:google_genai.models:AFC is enabled with max remote calls: 10.
INFO:httpx:HTTP Request: POST https://generativelanguage.googleapis.com/v1beta/models/gemini-2.5-flash:streamGenerateContent?alt=sse "HTTP/1.1 200 OK"
INFO:google_genai.models:AFC is enabled with max remote calls: 10.
INFO:httpx:HTTP Request: POST https://generativelanguage.googleapis.com/v1beta/models/gemini-2.5-flash:streamGenerateContent?alt=sse "HTTP/1.1 200 OK"
INFO:google_genai.models:AFC is enabled with max remote calls: 10.
INFO:httpx:HTTP Request: POST https://generativelanguage.googleapis.com/v1beta/models/gemini-2.5-flash:streamGenerateContent?alt=sse "HTTP/1.1 200 OK"
INFO:google_genai.models:AFC is enabled with max remote calls: 10.
INFO:httpx:HTTP Request: POST https://generativelanguage.googleapis.com/v1beta/models/gemini-2.5-flash:streamGenerateContent?alt=sse "HTTP/1.1 200 OK"
INFO:google_genai.models:AFC is enabled with max remote calls: 10.
INFO:httpx:HTTP Request: POST https://generativelanguage.googleapis.com/v1beta/models/gemini-2.5-flash:streamGenerateContent?alt=sse "HTTP/1.1 200 OK"
INFO:root:[LiveCCWorker] Video ended
INFO:root:[LiveCCWorker] LiveCC inference finished. Took 552.72 s
INFO:google_genai.models:AFC is enabled with max remote calls: 10.
INFO:root:[LiveCCWorker] Cleared cached video readers after inference
INFO:httpx:HTTP Request: POST https://generativelanguage.googleapis.com/v1beta/models/gemini-2.5-flash:streamGenerateContent?alt=sse "HTTP/1.1 200 OK"
INFO:root:[GeminiBroadcaster] Gemini client initialized
INFO:root:[GeminiWorker] Ready
INFO:root:[GeminiBroadcaster] Gemini client initialized
INFO:root:[GeminiWorker] Ready
INFO:root:[LiveCCWorker] Start LiveCC inference on: /home/miislab-server5/Poyu/miis_broadcast_poyu/miis_broadcast/examples/basketball_1080p.mp4
INFO:root:[LiveCCWorker] Cleared cached video readers
INFO:google_genai.models:AFC is enabled with max remote calls: 10.
INFO:httpx:HTTP Request: POST https://generativelanguage.googleapis.com/v1beta/models/gemini-2.5-flash:streamGenerateContent?alt=sse "HTTP/1.1 200 OK"
INFO:google_genai.models:AFC is enabled with max remote calls: 10.
INFO:httpx:HTTP Request: POST https://generativelanguage.googleapis.com/v1beta/models/gemini-2.5-flash:streamGenerateContent?alt=sse "HTTP/1.1 200 OK"
INFO:google_genai.models:AFC is enabled with max remote calls: 10.
INFO:httpx:HTTP Request: POST https://generativelanguage.googleapis.com/v1beta/models/gemini-2.5-flash:streamGenerateContent?alt=sse "HTTP/1.1 200 OK"
INFO:google_genai.models:AFC is enabled with max remote calls: 10.
INFO:httpx:HTTP Request: POST https://generativelanguage.googleapis.com/v1beta/models/gemini-2.5-flash:streamGenerateContent?alt=sse "HTTP/1.1 200 OK"
INFO:google_genai.models:AFC is enabled with max remote calls: 10.
INFO:httpx:HTTP Request: POST https://generativelanguage.googleapis.com/v1beta/models/gemini-2.5-flash:streamGenerateContent?alt=sse "HTTP/1.1 200 OK"
INFO:google_genai.models:AFC is enabled with max remote calls: 10.
INFO:httpx:HTTP Request: POST https://generativelanguage.googleapis.com/v1beta/models/gemini-2.5-flash:streamGenerateContent?alt=sse "HTTP/1.1 200 OK"
INFO:google_genai.models:AFC is enabled with max remote calls: 10.
INFO:httpx:HTTP Request: POST https://generativelanguage.googleapis.com/v1beta/models/gemini-2.5-flash:streamGenerateContent?alt=sse "HTTP/1.1 200 OK"
INFO:google_genai.models:AFC is enabled with max remote calls: 10.
INFO:httpx:HTTP Request: POST https://generativelanguage.googleapis.com/v1beta/models/gemini-2.5-flash:streamGenerateContent?alt=sse "HTTP/1.1 200 OK"
INFO:google_genai.models:AFC is enabled with max remote calls: 10.
INFO:httpx:HTTP Request: POST https://generativelanguage.googleapis.com/v1beta/models/gemini-2.5-flash:streamGenerateContent?alt=sse "HTTP/1.1 200 OK"
INFO:google_genai.models:AFC is enabled with max remote calls: 10.
INFO:httpx:HTTP Request: POST https://generativelanguage.googleapis.com/v1beta/models/gemini-2.5-flash:streamGenerateContent?alt=sse "HTTP/1.1 200 OK"
INFO:google_genai.models:AFC is enabled with max remote calls: 10.
INFO:httpx:HTTP Request: POST https://generativelanguage.googleapis.com/v1beta/models/gemini-2.5-flash:streamGenerateContent?alt=sse "HTTP/1.1 200 OK"
INFO:google_genai.models:AFC is enabled with max remote calls: 10.
INFO:httpx:HTTP Request: POST https://generativelanguage.googleapis.com/v1beta/models/gemini-2.5-flash:streamGenerateContent?alt=sse "HTTP/1.1 200 OK"
INFO:google_genai.models:AFC is enabled with max remote calls: 10.
INFO:httpx:HTTP Request: POST https://generativelanguage.googleapis.com/v1beta/models/gemini-2.5-flash:streamGenerateContent?alt=sse "HTTP/1.1 200 OK"
INFO:google_genai.models:AFC is enabled with max remote calls: 10.
INFO:httpx:HTTP Request: POST https://generativelanguage.googleapis.com/v1beta/models/gemini-2.5-flash:streamGenerateContent?alt=sse "HTTP/1.1 200 OK"
INFO:google_genai.models:AFC is enabled with max remote calls: 10.
INFO:httpx:HTTP Request: POST https://generativelanguage.googleapis.com/v1beta/models/gemini-2.5-flash:streamGenerateContent?alt=sse "HTTP/1.1 200 OK"
INFO:google_genai.models:AFC is enabled with max remote calls: 10.
INFO:httpx:HTTP Request: POST https://generativelanguage.googleapis.com/v1beta/models/gemini-2.5-flash:streamGenerateContent?alt=sse "HTTP/1.1 200 OK"
INFO:google_genai.models:AFC is enabled with max remote calls: 10.
INFO:httpx:HTTP Request: POST https://generativelanguage.googleapis.com/v1beta/models/gemini-2.5-flash:streamGenerateContent?alt=sse "HTTP/1.1 200 OK"
INFO:google_genai.models:AFC is enabled with max remote calls: 10.
INFO:httpx:HTTP Request: POST https://generativelanguage.googleapis.com/v1beta/models/gemini-2.5-flash:streamGenerateContent?alt=sse "HTTP/1.1 200 OK"
INFO:google_genai.models:AFC is enabled with max remote calls: 10.
INFO:httpx:HTTP Request: POST https://generativelanguage.googleapis.com/v1beta/models/gemini-2.5-flash:streamGenerateContent?alt=sse "HTTP/1.1 200 OK"
INFO:google_genai.models:AFC is enabled with max remote calls: 10.
INFO:httpx:HTTP Request: POST https://generativelanguage.googleapis.com/v1beta/models/gemini-2.5-flash:streamGenerateContent?alt=sse "HTTP/1.1 200 OK"
INFO:google_genai.models:AFC is enabled with max remote calls: 10.
INFO:httpx:HTTP Request: POST https://generativelanguage.googleapis.com/v1beta/models/gemini-2.5-flash:streamGenerateContent?alt=sse "HTTP/1.1 200 OK"
INFO:google_genai.models:AFC is enabled with max remote calls: 10.
INFO:httpx:HTTP Request: POST https://generativelanguage.googleapis.com/v1beta/models/gemini-2.5-flash:streamGenerateContent?alt=sse "HTTP/1.1 200 OK"
INFO:google_genai.models:AFC is enabled with max remote calls: 10.
INFO:httpx:HTTP Request: POST https://generativelanguage.googleapis.com/v1beta/models/gemini-2.5-flash:streamGenerateContent?alt=sse "HTTP/1.1 200 OK"
INFO:google_genai.models:AFC is enabled with max remote calls: 10.
INFO:httpx:HTTP Request: POST https://generativelanguage.googleapis.com/v1beta/models/gemini-2.5-flash:streamGenerateContent?alt=sse "HTTP/1.1 200 OK"
INFO:google_genai.models:AFC is enabled with max remote calls: 10.
INFO:httpx:HTTP Request: POST https://generativelanguage.googleapis.com/v1beta/models/gemini-2.5-flash:streamGenerateContent?alt=sse "HTTP/1.1 200 OK"
INFO:google_genai.models:AFC is enabled with max remote calls: 10.
INFO:httpx:HTTP Request: POST https://generativelanguage.googleapis.com/v1beta/models/gemini-2.5-flash:streamGenerateContent?alt=sse "HTTP/1.1 200 OK"
INFO:google_genai.models:AFC is enabled with max remote calls: 10.
INFO:httpx:HTTP Request: POST https://generativelanguage.googleapis.com/v1beta/models/gemini-2.5-flash:streamGenerateContent?alt=sse "HTTP/1.1 200 OK"
INFO:google_genai.models:AFC is enabled with max remote calls: 10.
INFO:httpx:HTTP Request: POST https://generativelanguage.googleapis.com/v1beta/models/gemini-2.5-flash:streamGenerateContent?alt=sse "HTTP/1.1 200 OK"
INFO:google_genai.models:AFC is enabled with max remote calls: 10.
INFO:httpx:HTTP Request: POST https://generativelanguage.googleapis.com/v1beta/models/gemini-2.5-flash:streamGenerateContent?alt=sse "HTTP/1.1 200 OK"
INFO:google_genai.models:AFC is enabled with max remote calls: 10.
INFO:httpx:HTTP Request: POST https://generativelanguage.googleapis.com/v1beta/models/gemini-2.5-flash:streamGenerateContent?alt=sse "HTTP/1.1 200 OK"
INFO:google_genai.models:AFC is enabled with max remote calls: 10.
INFO:httpx:HTTP Request: POST https://generativelanguage.googleapis.com/v1beta/models/gemini-2.5-flash:streamGenerateContent?alt=sse "HTTP/1.1 200 OK"
INFO:google_genai.models:AFC is enabled with max remote calls: 10.
INFO:httpx:HTTP Request: POST https://generativelanguage.googleapis.com/v1beta/models/gemini-2.5-flash:streamGenerateContent?alt=sse "HTTP/1.1 200 OK"
INFO:google_genai.models:AFC is enabled with max remote calls: 10.
INFO:httpx:HTTP Request: POST https://generativelanguage.googleapis.com/v1beta/models/gemini-2.5-flash:streamGenerateContent?alt=sse "HTTP/1.1 200 OK"
INFO:google_genai.models:AFC is enabled with max remote calls: 10.
INFO:httpx:HTTP Request: POST https://generativelanguage.googleapis.com/v1beta/models/gemini-2.5-flash:streamGenerateContent?alt=sse "HTTP/1.1 200 OK"
INFO:google_genai.models:AFC is enabled with max remote calls: 10.
INFO:httpx:HTTP Request: POST https://generativelanguage.googleapis.com/v1beta/models/gemini-2.5-flash:streamGenerateContent?alt=sse "HTTP/1.1 200 OK"
INFO:google_genai.models:AFC is enabled with max remote calls: 10.
INFO:httpx:HTTP Request: POST https://generativelanguage.googleapis.com/v1beta/models/gemini-2.5-flash:streamGenerateContent?alt=sse "HTTP/1.1 200 OK"
INFO:google_genai.models:AFC is enabled with max remote calls: 10.
INFO:httpx:HTTP Request: POST https://generativelanguage.googleapis.com/v1beta/models/gemini-2.5-flash:streamGenerateContent?alt=sse "HTTP/1.1 200 OK"
INFO:google_genai.models:AFC is enabled with max remote calls: 10.
INFO:httpx:HTTP Request: POST https://generativelanguage.googleapis.com/v1beta/models/gemini-2.5-flash:streamGenerateContent?alt=sse "HTTP/1.1 200 OK"
INFO:google_genai.models:AFC is enabled with max remote calls: 10.
INFO:httpx:HTTP Request: POST https://generativelanguage.googleapis.com/v1beta/models/gemini-2.5-flash:streamGenerateContent?alt=sse "HTTP/1.1 200 OK"
INFO:google_genai.models:AFC is enabled with max remote calls: 10.
INFO:root:[LiveCCWorker] Stop requested, breaking inference loop
INFO:root:[LiveCCWorker] LiveCC inference finished. Took 84.20 s
INFO:root:[LiveCCWorker] Cleared cached video readers after inference
INFO:root:[LiveCCWorker] Cleared cached video readers on stop request
INFO:httpx:HTTP Request: POST https://generativelanguage.googleapis.com/v1beta/models/gemini-2.5-flash:streamGenerateContent?alt=sse "HTTP/1.1 200 OK"
INFO:root:[LiveCCWorker] Start LiveCC inference on: /home/miislab-server5/Poyu/miis_broadcast_poyu/miis_broadcast/examples/basketball_1080p.mp4
INFO:root:[LiveCCWorker] Cleared cached video readers
INFO:google_genai.models:AFC is enabled with max remote calls: 10.
INFO:httpx:HTTP Request: POST https://generativelanguage.googleapis.com/v1beta/models/gemini-2.5-flash:streamGenerateContent?alt=sse "HTTP/1.1 200 OK"
INFO:google_genai.models:AFC is enabled with max remote calls: 10.
INFO:httpx:HTTP Request: POST https://generativelanguage.googleapis.com/v1beta/models/gemini-2.5-flash:streamGenerateContent?alt=sse "HTTP/1.1 200 OK"
INFO:root:[LiveCCWorker] Cleared cached video readers on stop request
INFO:google_genai.models:AFC is enabled with max remote calls: 10.
INFO:root:[LiveCCWorker] Stop requested, breaking inference loop
INFO:root:[LiveCCWorker] LiveCC inference finished. Took 5.56 s
INFO:root:[LiveCCWorker] Cleared cached video readers after inference
INFO:httpx:HTTP Request: POST https://generativelanguage.googleapis.com/v1beta/models/gemini-2.5-flash:streamGenerateContent?alt=sse "HTTP/1.1 200 OK"
INFO:root:[LiveCCWorker] Start LiveCC inference on: /home/miislab-server5/Poyu/miis_broadcast_poyu/miis_broadcast/examples/basketball_1080p.mp4
INFO:root:[LiveCCWorker] Cleared cached video readers
INFO:google_genai.models:AFC is enabled with max remote calls: 10.
INFO:httpx:HTTP Request: POST https://generativelanguage.googleapis.com/v1beta/models/gemini-2.5-flash:streamGenerateContent?alt=sse "HTTP/1.1 200 OK"
INFO:google_genai.models:AFC is enabled with max remote calls: 10.
INFO:httpx:HTTP Request: POST https://generativelanguage.googleapis.com/v1beta/models/gemini-2.5-flash:streamGenerateContent?alt=sse "HTTP/1.1 200 OK"
INFO:google_genai.models:AFC is enabled with max remote calls: 10.
INFO:httpx:HTTP Request: POST https://generativelanguage.googleapis.com/v1beta/models/gemini-2.5-flash:streamGenerateContent?alt=sse "HTTP/1.1 200 OK"
INFO:google_genai.models:AFC is enabled with max remote calls: 10.
INFO:httpx:HTTP Request: POST https://generativelanguage.googleapis.com/v1beta/models/gemini-2.5-flash:streamGenerateContent?alt=sse "HTTP/1.1 200 OK"
INFO:google_genai.models:AFC is enabled with max remote calls: 10.
INFO:httpx:HTTP Request: POST https://generativelanguage.googleapis.com/v1beta/models/gemini-2.5-flash:streamGenerateContent?alt=sse "HTTP/1.1 200 OK"
INFO:google_genai.models:AFC is enabled with max remote calls: 10.
INFO:httpx:HTTP Request: POST https://generativelanguage.googleapis.com/v1beta/models/gemini-2.5-flash:streamGenerateContent?alt=sse "HTTP/1.1 200 OK"
INFO:google_genai.models:AFC is enabled with max remote calls: 10.
INFO:httpx:HTTP Request: POST https://generativelanguage.googleapis.com/v1beta/models/gemini-2.5-flash:streamGenerateContent?alt=sse "HTTP/1.1 200 OK"
INFO:google_genai.models:AFC is enabled with max remote calls: 10.
INFO:httpx:HTTP Request: POST https://generativelanguage.googleapis.com/v1beta/models/gemini-2.5-flash:streamGenerateContent?alt=sse "HTTP/1.1 200 OK"
INFO:google_genai.models:AFC is enabled with max remote calls: 10.
INFO:httpx:HTTP Request: POST https://generativelanguage.googleapis.com/v1beta/models/gemini-2.5-flash:streamGenerateContent?alt=sse "HTTP/1.1 200 OK"
INFO:google_genai.models:AFC is enabled with max remote calls: 10.
INFO:httpx:HTTP Request: POST https://generativelanguage.googleapis.com/v1beta/models/gemini-2.5-flash:streamGenerateContent?alt=sse "HTTP/1.1 200 OK"
INFO:google_genai.models:AFC is enabled with max remote calls: 10.
INFO:httpx:HTTP Request: POST https://generativelanguage.googleapis.com/v1beta/models/gemini-2.5-flash:streamGenerateContent?alt=sse "HTTP/1.1 200 OK"
INFO:google_genai.models:AFC is enabled with max remote calls: 10.
INFO:httpx:HTTP Request: POST https://generativelanguage.googleapis.com/v1beta/models/gemini-2.5-flash:streamGenerateContent?alt=sse "HTTP/1.1 200 OK"
INFO:root:[LiveCCWorker] Cleared cached video readers on stop request
INFO:google_genai.models:AFC is enabled with max remote calls: 10.
INFO:root:[LiveCCWorker] Stop requested, breaking inference loop
INFO:root:[LiveCCWorker] LiveCC inference finished. Took 26.81 s
INFO:root:[LiveCCWorker] Cleared cached video readers after inference
INFO:httpx:HTTP Request: POST https://generativelanguage.googleapis.com/v1beta/models/gemini-2.5-flash:streamGenerateContent?alt=sse "HTTP/1.1 200 OK"
INFO:root:[GeminiBroadcaster] Gemini client initialized
INFO:root:[GeminiWorker] Ready
INFO:root:[LiveCCWorker] Start LiveCC inference on: /home/miislab-server5/Poyu/miis_broadcast_poyu/miis_broadcast/examples/basketball_1080p.mp4
INFO:root:[LiveCCWorker] Cleared cached video readers
INFO:google_genai.models:AFC is enabled with max remote calls: 10.
INFO:httpx:HTTP Request: POST https://generativelanguage.googleapis.com/v1beta/models/gemini-2.5-flash:streamGenerateContent?alt=sse "HTTP/1.1 200 OK"
INFO:google_genai.models:AFC is enabled with max remote calls: 10.
INFO:httpx:HTTP Request: POST https://generativelanguage.googleapis.com/v1beta/models/gemini-2.5-flash:streamGenerateContent?alt=sse "HTTP/1.1 200 OK"
INFO:google_genai.models:AFC is enabled with max remote calls: 10.
INFO:httpx:HTTP Request: POST https://generativelanguage.googleapis.com/v1beta/models/gemini-2.5-flash:streamGenerateContent?alt=sse "HTTP/1.1 200 OK"
INFO:google_genai.models:AFC is enabled with max remote calls: 10.
INFO:httpx:HTTP Request: POST https://generativelanguage.googleapis.com/v1beta/models/gemini-2.5-flash:streamGenerateContent?alt=sse "HTTP/1.1 200 OK"
INFO:google_genai.models:AFC is enabled with max remote calls: 10.
INFO:httpx:HTTP Request: POST https://generativelanguage.googleapis.com/v1beta/models/gemini-2.5-flash:streamGenerateContent?alt=sse "HTTP/1.1 200 OK"
INFO:google_genai.models:AFC is enabled with max remote calls: 10.
INFO:httpx:HTTP Request: POST https://generativelanguage.googleapis.com/v1beta/models/gemini-2.5-flash:streamGenerateContent?alt=sse "HTTP/1.1 200 OK"
INFO:google_genai.models:AFC is enabled with max remote calls: 10.
INFO:httpx:HTTP Request: POST https://generativelanguage.googleapis.com/v1beta/models/gemini-2.5-flash:streamGenerateContent?alt=sse "HTTP/1.1 200 OK"
INFO:google_genai.models:AFC is enabled with max remote calls: 10.
INFO:httpx:HTTP Request: POST https://generativelanguage.googleapis.com/v1beta/models/gemini-2.5-flash:streamGenerateContent?alt=sse "HTTP/1.1 200 OK"
INFO:google_genai.models:AFC is enabled with max remote calls: 10.
INFO:httpx:HTTP Request: POST https://generativelanguage.googleapis.com/v1beta/models/gemini-2.5-flash:streamGenerateContent?alt=sse "HTTP/1.1 200 OK"
INFO:google_genai.models:AFC is enabled with max remote calls: 10.
INFO:httpx:HTTP Request: POST https://generativelanguage.googleapis.com/v1beta/models/gemini-2.5-flash:streamGenerateContent?alt=sse "HTTP/1.1 200 OK"
INFO:google_genai.models:AFC is enabled with max remote calls: 10.
INFO:httpx:HTTP Request: POST https://generativelanguage.googleapis.com/v1beta/models/gemini-2.5-flash:streamGenerateContent?alt=sse "HTTP/1.1 200 OK"
INFO:google_genai.models:AFC is enabled with max remote calls: 10.
INFO:httpx:HTTP Request: POST https://generativelanguage.googleapis.com/v1beta/models/gemini-2.5-flash:streamGenerateContent?alt=sse "HTTP/1.1 200 OK"
INFO:google_genai.models:AFC is enabled with max remote calls: 10.
INFO:httpx:HTTP Request: POST https://generativelanguage.googleapis.com/v1beta/models/gemini-2.5-flash:streamGenerateContent?alt=sse "HTTP/1.1 200 OK"
INFO:google_genai.models:AFC is enabled with max remote calls: 10.
INFO:httpx:HTTP Request: POST https://generativelanguage.googleapis.com/v1beta/models/gemini-2.5-flash:streamGenerateContent?alt=sse "HTTP/1.1 200 OK"
INFO:google_genai.models:AFC is enabled with max remote calls: 10.
INFO:httpx:HTTP Request: POST https://generativelanguage.googleapis.com/v1beta/models/gemini-2.5-flash:streamGenerateContent?alt=sse "HTTP/1.1 200 OK"
INFO:google_genai.models:AFC is enabled with max remote calls: 10.
INFO:httpx:HTTP Request: POST https://generativelanguage.googleapis.com/v1beta/models/gemini-2.5-flash:streamGenerateContent?alt=sse "HTTP/1.1 200 OK"
INFO:google_genai.models:AFC is enabled with max remote calls: 10.
INFO:httpx:HTTP Request: POST https://generativelanguage.googleapis.com/v1beta/models/gemini-2.5-flash:streamGenerateContent?alt=sse "HTTP/1.1 200 OK"
INFO:google_genai.models:AFC is enabled with max remote calls: 10.
INFO:httpx:HTTP Request: POST https://generativelanguage.googleapis.com/v1beta/models/gemini-2.5-flash:streamGenerateContent?alt=sse "HTTP/1.1 200 OK"
INFO:google_genai.models:AFC is enabled with max remote calls: 10.
INFO:httpx:HTTP Request: POST https://generativelanguage.googleapis.com/v1beta/models/gemini-2.5-flash:streamGenerateContent?alt=sse "HTTP/1.1 200 OK"
INFO:google_genai.models:AFC is enabled with max remote calls: 10.
INFO:httpx:HTTP Request: POST https://generativelanguage.googleapis.com/v1beta/models/gemini-2.5-flash:streamGenerateContent?alt=sse "HTTP/1.1 200 OK"
INFO:google_genai.models:AFC is enabled with max remote calls: 10.
INFO:httpx:HTTP Request: POST https://generativelanguage.googleapis.com/v1beta/models/gemini-2.5-flash:streamGenerateContent?alt=sse "HTTP/1.1 200 OK"
INFO:google_genai.models:AFC is enabled with max remote calls: 10.
INFO:httpx:HTTP Request: POST https://generativelanguage.googleapis.com/v1beta/models/gemini-2.5-flash:streamGenerateContent?alt=sse "HTTP/1.1 200 OK"
INFO:google_genai.models:AFC is enabled with max remote calls: 10.
INFO:httpx:HTTP Request: POST https://generativelanguage.googleapis.com/v1beta/models/gemini-2.5-flash:streamGenerateContent?alt=sse "HTTP/1.1 200 OK"
INFO:google_genai.models:AFC is enabled with max remote calls: 10.
INFO:httpx:HTTP Request: POST https://generativelanguage.googleapis.com/v1beta/models/gemini-2.5-flash:streamGenerateContent?alt=sse "HTTP/1.1 200 OK"
INFO:google_genai.models:AFC is enabled with max remote calls: 10.
INFO:httpx:HTTP Request: POST https://generativelanguage.googleapis.com/v1beta/models/gemini-2.5-flash:streamGenerateContent?alt=sse "HTTP/1.1 200 OK"
INFO:google_genai.models:AFC is enabled with max remote calls: 10.
INFO:httpx:HTTP Request: POST https://generativelanguage.googleapis.com/v1beta/models/gemini-2.5-flash:streamGenerateContent?alt=sse "HTTP/1.1 200 OK"
INFO:google_genai.models:AFC is enabled with max remote calls: 10.
INFO:httpx:HTTP Request: POST https://generativelanguage.googleapis.com/v1beta/models/gemini-2.5-flash:streamGenerateContent?alt=sse "HTTP/1.1 200 OK"
INFO:google_genai.models:AFC is enabled with max remote calls: 10.
INFO:httpx:HTTP Request: POST https://generativelanguage.googleapis.com/v1beta/models/gemini-2.5-flash:streamGenerateContent?alt=sse "HTTP/1.1 200 OK"
INFO:google_genai.models:AFC is enabled with max remote calls: 10.
INFO:httpx:HTTP Request: POST https://generativelanguage.googleapis.com/v1beta/models/gemini-2.5-flash:streamGenerateContent?alt=sse "HTTP/1.1 200 OK"
INFO:google_genai.models:AFC is enabled with max remote calls: 10.
INFO:httpx:HTTP Request: POST https://generativelanguage.googleapis.com/v1beta/models/gemini-2.5-flash:streamGenerateContent?alt=sse "HTTP/1.1 200 OK"
INFO:google_genai.models:AFC is enabled with max remote calls: 10.
INFO:httpx:HTTP Request: POST https://generativelanguage.googleapis.com/v1beta/models/gemini-2.5-flash:streamGenerateContent?alt=sse "HTTP/1.1 200 OK"
INFO:google_genai.models:AFC is enabled with max remote calls: 10.
INFO:httpx:HTTP Request: POST https://generativelanguage.googleapis.com/v1beta/models/gemini-2.5-flash:streamGenerateContent?alt=sse "HTTP/1.1 200 OK"
INFO:google_genai.models:AFC is enabled with max remote calls: 10.
INFO:httpx:HTTP Request: POST https://generativelanguage.googleapis.com/v1beta/models/gemini-2.5-flash:streamGenerateContent?alt=sse "HTTP/1.1 200 OK"
INFO:google_genai.models:AFC is enabled with max remote calls: 10.
INFO:httpx:HTTP Request: POST https://generativelanguage.googleapis.com/v1beta/models/gemini-2.5-flash:streamGenerateContent?alt=sse "HTTP/1.1 200 OK"
INFO:google_genai.models:AFC is enabled with max remote calls: 10.
INFO:httpx:HTTP Request: POST https://generativelanguage.googleapis.com/v1beta/models/gemini-2.5-flash:streamGenerateContent?alt=sse "HTTP/1.1 200 OK"
INFO:google_genai.models:AFC is enabled with max remote calls: 10.
INFO:httpx:HTTP Request: POST https://generativelanguage.googleapis.com/v1beta/models/gemini-2.5-flash:streamGenerateContent?alt=sse "HTTP/1.1 200 OK"
INFO:google_genai.models:AFC is enabled with max remote calls: 10.
INFO:httpx:HTTP Request: POST https://generativelanguage.googleapis.com/v1beta/models/gemini-2.5-flash:streamGenerateContent?alt=sse "HTTP/1.1 200 OK"
INFO:google_genai.models:AFC is enabled with max remote calls: 10.
INFO:httpx:HTTP Request: POST https://generativelanguage.googleapis.com/v1beta/models/gemini-2.5-flash:streamGenerateContent?alt=sse "HTTP/1.1 200 OK"
INFO:google_genai.models:AFC is enabled with max remote calls: 10.
INFO:httpx:HTTP Request: POST https://generativelanguage.googleapis.com/v1beta/models/gemini-2.5-flash:streamGenerateContent?alt=sse "HTTP/1.1 200 OK"
INFO:google_genai.models:AFC is enabled with max remote calls: 10.
INFO:httpx:HTTP Request: POST https://generativelanguage.googleapis.com/v1beta/models/gemini-2.5-flash:streamGenerateContent?alt=sse "HTTP/1.1 200 OK"
INFO:google_genai.models:AFC is enabled with max remote calls: 10.
INFO:httpx:HTTP Request: POST https://generativelanguage.googleapis.com/v1beta/models/gemini-2.5-flash:streamGenerateContent?alt=sse "HTTP/1.1 200 OK"
INFO:google_genai.models:AFC is enabled with max remote calls: 10.
INFO:httpx:HTTP Request: POST https://generativelanguage.googleapis.com/v1beta/models/gemini-2.5-flash:streamGenerateContent?alt=sse "HTTP/1.1 200 OK"
INFO:google_genai.models:AFC is enabled with max remote calls: 10.
INFO:httpx:HTTP Request: POST https://generativelanguage.googleapis.com/v1beta/models/gemini-2.5-flash:streamGenerateContent?alt=sse "HTTP/1.1 200 OK"
INFO:google_genai.models:AFC is enabled with max remote calls: 10.
INFO:httpx:HTTP Request: POST https://generativelanguage.googleapis.com/v1beta/models/gemini-2.5-flash:streamGenerateContent?alt=sse "HTTP/1.1 200 OK"
INFO:google_genai.models:AFC is enabled with max remote calls: 10.
INFO:httpx:HTTP Request: POST https://generativelanguage.googleapis.com/v1beta/models/gemini-2.5-flash:streamGenerateContent?alt=sse "HTTP/1.1 200 OK"
INFO:google_genai.models:AFC is enabled with max remote calls: 10.
INFO:httpx:HTTP Request: POST https://generativelanguage.googleapis.com/v1beta/models/gemini-2.5-flash:streamGenerateContent?alt=sse "HTTP/1.1 200 OK"
INFO:google_genai.models:AFC is enabled with max remote calls: 10.
INFO:httpx:HTTP Request: POST https://generativelanguage.googleapis.com/v1beta/models/gemini-2.5-flash:streamGenerateContent?alt=sse "HTTP/1.1 200 OK"
INFO:google_genai.models:AFC is enabled with max remote calls: 10.
INFO:httpx:HTTP Request: POST https://generativelanguage.googleapis.com/v1beta/models/gemini-2.5-flash:streamGenerateContent?alt=sse "HTTP/1.1 200 OK"
INFO:google_genai.models:AFC is enabled with max remote calls: 10.
INFO:httpx:HTTP Request: POST https://generativelanguage.googleapis.com/v1beta/models/gemini-2.5-flash:streamGenerateContent?alt=sse "HTTP/1.1 200 OK"
INFO:google_genai.models:AFC is enabled with max remote calls: 10.
INFO:httpx:HTTP Request: POST https://generativelanguage.googleapis.com/v1beta/models/gemini-2.5-flash:streamGenerateContent?alt=sse "HTTP/1.1 200 OK"
INFO:google_genai.models:AFC is enabled with max remote calls: 10.
INFO:httpx:HTTP Request: POST https://generativelanguage.googleapis.com/v1beta/models/gemini-2.5-flash:streamGenerateContent?alt=sse "HTTP/1.1 200 OK"
INFO:google_genai.models:AFC is enabled with max remote calls: 10.
INFO:httpx:HTTP Request: POST https://generativelanguage.googleapis.com/v1beta/models/gemini-2.5-flash:streamGenerateContent?alt=sse "HTTP/1.1 200 OK"
INFO:google_genai.models:AFC is enabled with max remote calls: 10.
INFO:httpx:HTTP Request: POST https://generativelanguage.googleapis.com/v1beta/models/gemini-2.5-flash:streamGenerateContent?alt=sse "HTTP/1.1 200 OK"
INFO:google_genai.models:AFC is enabled with max remote calls: 10.
INFO:httpx:HTTP Request: POST https://generativelanguage.googleapis.com/v1beta/models/gemini-2.5-flash:streamGenerateContent?alt=sse "HTTP/1.1 200 OK"
INFO:google_genai.models:AFC is enabled with max remote calls: 10.
INFO:httpx:HTTP Request: POST https://generativelanguage.googleapis.com/v1beta/models/gemini-2.5-flash:streamGenerateContent?alt=sse "HTTP/1.1 200 OK"
INFO:google_genai.models:AFC is enabled with max remote calls: 10.
INFO:httpx:HTTP Request: POST https://generativelanguage.googleapis.com/v1beta/models/gemini-2.5-flash:streamGenerateContent?alt=sse "HTTP/1.1 200 OK"
INFO:google_genai.models:AFC is enabled with max remote calls: 10.
INFO:httpx:HTTP Request: POST https://generativelanguage.googleapis.com/v1beta/models/gemini-2.5-flash:streamGenerateContent?alt=sse "HTTP/1.1 200 OK"
INFO:google_genai.models:AFC is enabled with max remote calls: 10.
INFO:httpx:HTTP Request: POST https://generativelanguage.googleapis.com/v1beta/models/gemini-2.5-flash:streamGenerateContent?alt=sse "HTTP/1.1 200 OK"
INFO:google_genai.models:AFC is enabled with max remote calls: 10.
INFO:httpx:HTTP Request: POST https://generativelanguage.googleapis.com/v1beta/models/gemini-2.5-flash:streamGenerateContent?alt=sse "HTTP/1.1 200 OK"
INFO:google_genai.models:AFC is enabled with max remote calls: 10.
INFO:httpx:HTTP Request: POST https://generativelanguage.googleapis.com/v1beta/models/gemini-2.5-flash:streamGenerateContent?alt=sse "HTTP/1.1 200 OK"
INFO:google_genai.models:AFC is enabled with max remote calls: 10.
INFO:httpx:HTTP Request: POST https://generativelanguage.googleapis.com/v1beta/models/gemini-2.5-flash:streamGenerateContent?alt=sse "HTTP/1.1 200 OK"
INFO:google_genai.models:AFC is enabled with max remote calls: 10.
INFO:httpx:HTTP Request: POST https://generativelanguage.googleapis.com/v1beta/models/gemini-2.5-flash:streamGenerateContent?alt=sse "HTTP/1.1 200 OK"
INFO:google_genai.models:AFC is enabled with max remote calls: 10.
INFO:httpx:HTTP Request: POST https://generativelanguage.googleapis.com/v1beta/models/gemini-2.5-flash:streamGenerateContent?alt=sse "HTTP/1.1 200 OK"
INFO:google_genai.models:AFC is enabled with max remote calls: 10.
INFO:httpx:HTTP Request: POST https://generativelanguage.googleapis.com/v1beta/models/gemini-2.5-flash:streamGenerateContent?alt=sse "HTTP/1.1 200 OK"
INFO:google_genai.models:AFC is enabled with max remote calls: 10.
INFO:httpx:HTTP Request: POST https://generativelanguage.googleapis.com/v1beta/models/gemini-2.5-flash:streamGenerateContent?alt=sse "HTTP/1.1 200 OK"
INFO:google_genai.models:AFC is enabled with max remote calls: 10.
INFO:httpx:HTTP Request: POST https://generativelanguage.googleapis.com/v1beta/models/gemini-2.5-flash:streamGenerateContent?alt=sse "HTTP/1.1 200 OK"
INFO:google_genai.models:AFC is enabled with max remote calls: 10.
INFO:httpx:HTTP Request: POST https://generativelanguage.googleapis.com/v1beta/models/gemini-2.5-flash:streamGenerateContent?alt=sse "HTTP/1.1 200 OK"
INFO:google_genai.models:AFC is enabled with max remote calls: 10.
INFO:httpx:HTTP Request: POST https://generativelanguage.googleapis.com/v1beta/models/gemini-2.5-flash:streamGenerateContent?alt=sse "HTTP/1.1 200 OK"
INFO:google_genai.models:AFC is enabled with max remote calls: 10.
INFO:httpx:HTTP Request: POST https://generativelanguage.googleapis.com/v1beta/models/gemini-2.5-flash:streamGenerateContent?alt=sse "HTTP/1.1 200 OK"
INFO:google_genai.models:AFC is enabled with max remote calls: 10.
INFO:httpx:HTTP Request: POST https://generativelanguage.googleapis.com/v1beta/models/gemini-2.5-flash:streamGenerateContent?alt=sse "HTTP/1.1 200 OK"
INFO:google_genai.models:AFC is enabled with max remote calls: 10.
INFO:httpx:HTTP Request: POST https://generativelanguage.googleapis.com/v1beta/models/gemini-2.5-flash:streamGenerateContent?alt=sse "HTTP/1.1 200 OK"
INFO:google_genai.models:AFC is enabled with max remote calls: 10.
INFO:httpx:HTTP Request: POST https://generativelanguage.googleapis.com/v1beta/models/gemini-2.5-flash:streamGenerateContent?alt=sse "HTTP/1.1 200 OK"
INFO:root:[LiveCCWorker] Cleared cached video readers on stop request
INFO:google_genai.models:AFC is enabled with max remote calls: 10.
INFO:root:[LiveCCWorker] Stop requested, breaking inference loop
INFO:root:[LiveCCWorker] LiveCC inference finished. Took 148.02 s
INFO:root:[LiveCCWorker] Cleared cached video readers after inference
INFO:httpx:HTTP Request: POST https://generativelanguage.googleapis.com/v1beta/models/gemini-2.5-flash:streamGenerateContent?alt=sse "HTTP/1.1 200 OK"
INFO:root:[LiveCCWorker] Start LiveCC inference on: /home/miislab-server5/Poyu/miis_broadcast_poyu/miis_broadcast/examples/basketball_1080p.mp4
INFO:root:[LiveCCWorker] Cleared cached video readers
INFO:google_genai.models:AFC is enabled with max remote calls: 10.
INFO:httpx:HTTP Request: POST https://generativelanguage.googleapis.com/v1beta/models/gemini-2.5-flash:streamGenerateContent?alt=sse "HTTP/1.1 200 OK"
INFO:google_genai.models:AFC is enabled with max remote calls: 10.
INFO:httpx:HTTP Request: POST https://generativelanguage.googleapis.com/v1beta/models/gemini-2.5-flash:streamGenerateContent?alt=sse "HTTP/1.1 200 OK"
INFO:google_genai.models:AFC is enabled with max remote calls: 10.
INFO:httpx:HTTP Request: POST https://generativelanguage.googleapis.com/v1beta/models/gemini-2.5-flash:streamGenerateContent?alt=sse "HTTP/1.1 200 OK"
INFO:google_genai.models:AFC is enabled with max remote calls: 10.
INFO:httpx:HTTP Request: POST https://generativelanguage.googleapis.com/v1beta/models/gemini-2.5-flash:streamGenerateContent?alt=sse "HTTP/1.1 200 OK"
INFO:google_genai.models:AFC is enabled with max remote calls: 10.
INFO:httpx:HTTP Request: POST https://generativelanguage.googleapis.com/v1beta/models/gemini-2.5-flash:streamGenerateContent?alt=sse "HTTP/1.1 200 OK"
INFO:google_genai.models:AFC is enabled with max remote calls: 10.
INFO:httpx:HTTP Request: POST https://generativelanguage.googleapis.com/v1beta/models/gemini-2.5-flash:streamGenerateContent?alt=sse "HTTP/1.1 200 OK"
INFO:google_genai.models:AFC is enabled with max remote calls: 10.
INFO:httpx:HTTP Request: POST https://generativelanguage.googleapis.com/v1beta/models/gemini-2.5-flash:streamGenerateContent?alt=sse "HTTP/1.1 200 OK"
INFO:google_genai.models:AFC is enabled with max remote calls: 10.
INFO:httpx:HTTP Request: POST https://generativelanguage.googleapis.com/v1beta/models/gemini-2.5-flash:streamGenerateContent?alt=sse "HTTP/1.1 200 OK"
INFO:google_genai.models:AFC is enabled with max remote calls: 10.
INFO:httpx:HTTP Request: POST https://generativelanguage.googleapis.com/v1beta/models/gemini-2.5-flash:streamGenerateContent?alt=sse "HTTP/1.1 200 OK"
INFO:google_genai.models:AFC is enabled with max remote calls: 10.
INFO:httpx:HTTP Request: POST https://generativelanguage.googleapis.com/v1beta/models/gemini-2.5-flash:streamGenerateContent?alt=sse "HTTP/1.1 200 OK"
INFO:google_genai.models:AFC is enabled with max remote calls: 10.
INFO:httpx:HTTP Request: POST https://generativelanguage.googleapis.com/v1beta/models/gemini-2.5-flash:streamGenerateContent?alt=sse "HTTP/1.1 200 OK"
INFO:google_genai.models:AFC is enabled with max remote calls: 10.
INFO:httpx:HTTP Request: POST https://generativelanguage.googleapis.com/v1beta/models/gemini-2.5-flash:streamGenerateContent?alt=sse "HTTP/1.1 200 OK"
INFO:google_genai.models:AFC is enabled with max remote calls: 10.
INFO:httpx:HTTP Request: POST https://generativelanguage.googleapis.com/v1beta/models/gemini-2.5-flash:streamGenerateContent?alt=sse "HTTP/1.1 200 OK"
INFO:google_genai.models:AFC is enabled with max remote calls: 10.
INFO:httpx:HTTP Request: POST https://generativelanguage.googleapis.com/v1beta/models/gemini-2.5-flash:streamGenerateContent?alt=sse "HTTP/1.1 200 OK"
INFO:google_genai.models:AFC is enabled with max remote calls: 10.
INFO:httpx:HTTP Request: POST https://generativelanguage.googleapis.com/v1beta/models/gemini-2.5-flash:streamGenerateContent?alt=sse "HTTP/1.1 200 OK"
INFO:google_genai.models:AFC is enabled with max remote calls: 10.
INFO:httpx:HTTP Request: POST https://generativelanguage.googleapis.com/v1beta/models/gemini-2.5-flash:streamGenerateContent?alt=sse "HTTP/1.1 200 OK"
INFO:google_genai.models:AFC is enabled with max remote calls: 10.
INFO:httpx:HTTP Request: POST https://generativelanguage.googleapis.com/v1beta/models/gemini-2.5-flash:streamGenerateContent?alt=sse "HTTP/1.1 200 OK"
INFO:google_genai.models:AFC is enabled with max remote calls: 10.
INFO:httpx:HTTP Request: POST https://generativelanguage.googleapis.com/v1beta/models/gemini-2.5-flash:streamGenerateContent?alt=sse "HTTP/1.1 200 OK"
INFO:google_genai.models:AFC is enabled with max remote calls: 10.
INFO:httpx:HTTP Request: POST https://generativelanguage.googleapis.com/v1beta/models/gemini-2.5-flash:streamGenerateContent?alt=sse "HTTP/1.1 200 OK"
INFO:google_genai.models:AFC is enabled with max remote calls: 10.
INFO:httpx:HTTP Request: POST https://generativelanguage.googleapis.com/v1beta/models/gemini-2.5-flash:streamGenerateContent?alt=sse "HTTP/1.1 200 OK"
INFO:google_genai.models:AFC is enabled with max remote calls: 10.
INFO:httpx:HTTP Request: POST https://generativelanguage.googleapis.com/v1beta/models/gemini-2.5-flash:streamGenerateContent?alt=sse "HTTP/1.1 200 OK"
INFO:google_genai.models:AFC is enabled with max remote calls: 10.
INFO:httpx:HTTP Request: POST https://generativelanguage.googleapis.com/v1beta/models/gemini-2.5-flash:streamGenerateContent?alt=sse "HTTP/1.1 200 OK"
INFO:google_genai.models:AFC is enabled with max remote calls: 10.
INFO:httpx:HTTP Request: POST https://generativelanguage.googleapis.com/v1beta/models/gemini-2.5-flash:streamGenerateContent?alt=sse "HTTP/1.1 200 OK"
INFO:google_genai.models:AFC is enabled with max remote calls: 10.
INFO:httpx:HTTP Request: POST https://generativelanguage.googleapis.com/v1beta/models/gemini-2.5-flash:streamGenerateContent?alt=sse "HTTP/1.1 200 OK"
INFO:google_genai.models:AFC is enabled with max remote calls: 10.
INFO:httpx:HTTP Request: POST https://generativelanguage.googleapis.com/v1beta/models/gemini-2.5-flash:streamGenerateContent?alt=sse "HTTP/1.1 200 OK"
INFO:google_genai.models:AFC is enabled with max remote calls: 10.
INFO:httpx:HTTP Request: POST https://generativelanguage.googleapis.com/v1beta/models/gemini-2.5-flash:streamGenerateContent?alt=sse "HTTP/1.1 200 OK"
INFO:google_genai.models:AFC is enabled with max remote calls: 10.
INFO:httpx:HTTP Request: POST https://generativelanguage.googleapis.com/v1beta/models/gemini-2.5-flash:streamGenerateContent?alt=sse "HTTP/1.1 200 OK"
INFO:google_genai.models:AFC is enabled with max remote calls: 10.
INFO:httpx:HTTP Request: POST https://generativelanguage.googleapis.com/v1beta/models/gemini-2.5-flash:streamGenerateContent?alt=sse "HTTP/1.1 200 OK"
INFO:google_genai.models:AFC is enabled with max remote calls: 10.
INFO:httpx:HTTP Request: POST https://generativelanguage.googleapis.com/v1beta/models/gemini-2.5-flash:streamGenerateContent?alt=sse "HTTP/1.1 200 OK"
INFO:google_genai.models:AFC is enabled with max remote calls: 10.
INFO:httpx:HTTP Request: POST https://generativelanguage.googleapis.com/v1beta/models/gemini-2.5-flash:streamGenerateContent?alt=sse "HTTP/1.1 200 OK"
INFO:google_genai.models:AFC is enabled with max remote calls: 10.
INFO:httpx:HTTP Request: POST https://generativelanguage.googleapis.com/v1beta/models/gemini-2.5-flash:streamGenerateContent?alt=sse "HTTP/1.1 200 OK"
INFO:google_genai.models:AFC is enabled with max remote calls: 10.
INFO:root:[LiveCCWorker] Stop requested, breaking inference loop
INFO:root:[LiveCCWorker] LiveCC inference finished. Took 64.76 s
INFO:root:[LiveCCWorker] Cleared cached video readers after inference
INFO:root:[LiveCCWorker] Cleared cached video readers on stop request
INFO:httpx:HTTP Request: POST https://generativelanguage.googleapis.com/v1beta/models/gemini-2.5-flash:streamGenerateContent?alt=sse "HTTP/1.1 200 OK"
INFO:root:[GeminiBroadcaster] Gemini client initialized
INFO:root:[GeminiWorker] Ready
INFO:root:[LiveCCWorker] Start LiveCC inference on: /home/miislab-server5/Poyu/miis_broadcast_poyu/miis_broadcast/examples/basketball_1080p.mp4
INFO:root:[LiveCCWorker] Cleared cached video readers
INFO:google_genai.models:AFC is enabled with max remote calls: 10.
INFO:httpx:HTTP Request: POST https://generativelanguage.googleapis.com/v1beta/models/gemini-2.5-flash:streamGenerateContent?alt=sse "HTTP/1.1 200 OK"
INFO:google_genai.models:AFC is enabled with max remote calls: 10.
INFO:httpx:HTTP Request: POST https://generativelanguage.googleapis.com/v1beta/models/gemini-2.5-flash:streamGenerateContent?alt=sse "HTTP/1.1 200 OK"
INFO:google_genai.models:AFC is enabled with max remote calls: 10.
INFO:httpx:HTTP Request: POST https://generativelanguage.googleapis.com/v1beta/models/gemini-2.5-flash:streamGenerateContent?alt=sse "HTTP/1.1 200 OK"
INFO:google_genai.models:AFC is enabled with max remote calls: 10.
INFO:httpx:HTTP Request: POST https://generativelanguage.googleapis.com/v1beta/models/gemini-2.5-flash:streamGenerateContent?alt=sse "HTTP/1.1 200 OK"
INFO:google_genai.models:AFC is enabled with max remote calls: 10.
INFO:httpx:HTTP Request: POST https://generativelanguage.googleapis.com/v1beta/models/gemini-2.5-flash:streamGenerateContent?alt=sse "HTTP/1.1 200 OK"
INFO:google_genai.models:AFC is enabled with max remote calls: 10.
INFO:httpx:HTTP Request: POST https://generativelanguage.googleapis.com/v1beta/models/gemini-2.5-flash:streamGenerateContent?alt=sse "HTTP/1.1 200 OK"
INFO:google_genai.models:AFC is enabled with max remote calls: 10.
INFO:httpx:HTTP Request: POST https://generativelanguage.googleapis.com/v1beta/models/gemini-2.5-flash:streamGenerateContent?alt=sse "HTTP/1.1 200 OK"
INFO:google_genai.models:AFC is enabled with max remote calls: 10.
INFO:httpx:HTTP Request: POST https://generativelanguage.googleapis.com/v1beta/models/gemini-2.5-flash:streamGenerateContent?alt=sse "HTTP/1.1 200 OK"
INFO:google_genai.models:AFC is enabled with max remote calls: 10.
INFO:httpx:HTTP Request: POST https://generativelanguage.googleapis.com/v1beta/models/gemini-2.5-flash:streamGenerateContent?alt=sse "HTTP/1.1 200 OK"
INFO:google_genai.models:AFC is enabled with max remote calls: 10.
INFO:httpx:HTTP Request: POST https://generativelanguage.googleapis.com/v1beta/models/gemini-2.5-flash:streamGenerateContent?alt=sse "HTTP/1.1 200 OK"
INFO:google_genai.models:AFC is enabled with max remote calls: 10.
INFO:httpx:HTTP Request: POST https://generativelanguage.googleapis.com/v1beta/models/gemini-2.5-flash:streamGenerateContent?alt=sse "HTTP/1.1 200 OK"
INFO:google_genai.models:AFC is enabled with max remote calls: 10.
INFO:httpx:HTTP Request: POST https://generativelanguage.googleapis.com/v1beta/models/gemini-2.5-flash:streamGenerateContent?alt=sse "HTTP/1.1 200 OK"
INFO:google_genai.models:AFC is enabled with max remote calls: 10.
INFO:httpx:HTTP Request: POST https://generativelanguage.googleapis.com/v1beta/models/gemini-2.5-flash:streamGenerateContent?alt=sse "HTTP/1.1 200 OK"
INFO:google_genai.models:AFC is enabled with max remote calls: 10.
INFO:httpx:HTTP Request: POST https://generativelanguage.googleapis.com/v1beta/models/gemini-2.5-flash:streamGenerateContent?alt=sse "HTTP/1.1 200 OK"
INFO:google_genai.models:AFC is enabled with max remote calls: 10.
INFO:httpx:HTTP Request: POST https://generativelanguage.googleapis.com/v1beta/models/gemini-2.5-flash:streamGenerateContent?alt=sse "HTTP/1.1 200 OK"
INFO:google_genai.models:AFC is enabled with max remote calls: 10.
INFO:httpx:HTTP Request: POST https://generativelanguage.googleapis.com/v1beta/models/gemini-2.5-flash:streamGenerateContent?alt=sse "HTTP/1.1 200 OK"
INFO:google_genai.models:AFC is enabled with max remote calls: 10.
INFO:httpx:HTTP Request: POST https://generativelanguage.googleapis.com/v1beta/models/gemini-2.5-flash:streamGenerateContent?alt=sse "HTTP/1.1 200 OK"
INFO:google_genai.models:AFC is enabled with max remote calls: 10.
INFO:httpx:HTTP Request: POST https://generativelanguage.googleapis.com/v1beta/models/gemini-2.5-flash:streamGenerateContent?alt=sse "HTTP/1.1 200 OK"
INFO:google_genai.models:AFC is enabled with max remote calls: 10.
INFO:httpx:HTTP Request: POST https://generativelanguage.googleapis.com/v1beta/models/gemini-2.5-flash:streamGenerateContent?alt=sse "HTTP/1.1 200 OK"
INFO:google_genai.models:AFC is enabled with max remote calls: 10.
INFO:httpx:HTTP Request: POST https://generativelanguage.googleapis.com/v1beta/models/gemini-2.5-flash:streamGenerateContent?alt=sse "HTTP/1.1 200 OK"
INFO:google_genai.models:AFC is enabled with max remote calls: 10.
INFO:httpx:HTTP Request: POST https://generativelanguage.googleapis.com/v1beta/models/gemini-2.5-flash:streamGenerateContent?alt=sse "HTTP/1.1 200 OK"
INFO:google_genai.models:AFC is enabled with max remote calls: 10.
INFO:httpx:HTTP Request: POST https://generativelanguage.googleapis.com/v1beta/models/gemini-2.5-flash:streamGenerateContent?alt=sse "HTTP/1.1 200 OK"
INFO:google_genai.models:AFC is enabled with max remote calls: 10.
INFO:httpx:HTTP Request: POST https://generativelanguage.googleapis.com/v1beta/models/gemini-2.5-flash:streamGenerateContent?alt=sse "HTTP/1.1 200 OK"
INFO:google_genai.models:AFC is enabled with max remote calls: 10.
INFO:root:[LiveCCWorker] Cleared cached video readers on stop request
INFO:root:[LiveCCWorker] Stop requested, breaking inference loop
INFO:root:[LiveCCWorker] LiveCC inference finished. Took 48.70 s
INFO:root:[LiveCCWorker] Cleared cached video readers after inference
INFO:httpx:HTTP Request: POST https://generativelanguage.googleapis.com/v1beta/models/gemini-2.5-flash:streamGenerateContent?alt=sse "HTTP/1.1 200 OK"
INFO:root:[LiveCCWorker] Start LiveCC inference on: /home/miislab-server5/Poyu/miis_broadcast_poyu/miis_broadcast/examples/basketball_1080p.mp4
INFO:root:[LiveCCWorker] Cleared cached video readers
INFO:google_genai.models:AFC is enabled with max remote calls: 10.
INFO:httpx:HTTP Request: POST https://generativelanguage.googleapis.com/v1beta/models/gemini-2.5-flash:streamGenerateContent?alt=sse "HTTP/1.1 200 OK"
INFO:google_genai.models:AFC is enabled with max remote calls: 10.
INFO:httpx:HTTP Request: POST https://generativelanguage.googleapis.com/v1beta/models/gemini-2.5-flash:streamGenerateContent?alt=sse "HTTP/1.1 200 OK"
INFO:google_genai.models:AFC is enabled with max remote calls: 10.
INFO:httpx:HTTP Request: POST https://generativelanguage.googleapis.com/v1beta/models/gemini-2.5-flash:streamGenerateContent?alt=sse "HTTP/1.1 200 OK"
INFO:root:[LiveCCWorker] Stop requested, breaking inference loop
INFO:root:[LiveCCWorker] LiveCC inference finished. Took 8.75 s
INFO:root:[LiveCCWorker] Cleared cached video readers after inference
INFO:root:[LiveCCWorker] Cleared cached video readers on stop request
INFO:root:[LiveCCWorker] Start LiveCC inference on: /home/miislab-server5/Poyu/miis_broadcast_poyu/miis_broadcast/examples/basketball_1080p.mp4
INFO:root:[LiveCCWorker] Cleared cached video readers
INFO:google_genai.models:AFC is enabled with max remote calls: 10.
INFO:httpx:HTTP Request: POST https://generativelanguage.googleapis.com/v1beta/models/gemini-2.5-flash:streamGenerateContent?alt=sse "HTTP/1.1 200 OK"
INFO:google_genai.models:AFC is enabled with max remote calls: 10.
INFO:httpx:HTTP Request: POST https://generativelanguage.googleapis.com/v1beta/models/gemini-2.5-flash:streamGenerateContent?alt=sse "HTTP/1.1 200 OK"
INFO:google_genai.models:AFC is enabled with max remote calls: 10.
INFO:root:[LiveCCWorker] Stop requested, breaking inference loop
INFO:root:[LiveCCWorker] LiveCC inference finished. Took 8.22 s
INFO:root:[LiveCCWorker] Cleared cached video readers after inference
INFO:httpx:HTTP Request: POST https://generativelanguage.googleapis.com/v1beta/models/gemini-2.5-flash:streamGenerateContent?alt=sse "HTTP/1.1 200 OK"
INFO:root:[LiveCCWorker] Cleared cached video readers on stop request
INFO:root:[LiveCCWorker] Start LiveCC inference on: /home/miislab-server5/Poyu/miis_broadcast_poyu/miis_broadcast/examples/basketball_1080p.mp4
INFO:root:[LiveCCWorker] Cleared cached video readers
INFO:root:[LiveCCWorker] Cleared cached video readers on stop request
INFO:google_genai.models:AFC is enabled with max remote calls: 10.
INFO:root:[LiveCCWorker] Stop requested, breaking inference loop
INFO:root:[LiveCCWorker] LiveCC inference finished. Took 1.61 s
INFO:root:[LiveCCWorker] Cleared cached video readers after inference
INFO:httpx:HTTP Request: POST https://generativelanguage.googleapis.com/v1beta/models/gemini-2.5-flash:streamGenerateContent?alt=sse "HTTP/1.1 200 OK"
INFO:root:[LiveCCWorker] Start LiveCC inference on: /home/miislab-server5/Poyu/miis_broadcast_poyu/miis_broadcast/examples/basketball_1080p.mp4
INFO:root:[LiveCCWorker] Cleared cached video readers
INFO:google_genai.models:AFC is enabled with max remote calls: 10.
INFO:httpx:HTTP Request: POST https://generativelanguage.googleapis.com/v1beta/models/gemini-2.5-flash:streamGenerateContent?alt=sse "HTTP/1.1 200 OK"
INFO:google_genai.models:AFC is enabled with max remote calls: 10.
INFO:httpx:HTTP Request: POST https://generativelanguage.googleapis.com/v1beta/models/gemini-2.5-flash:streamGenerateContent?alt=sse "HTTP/1.1 200 OK"
INFO:google_genai.models:AFC is enabled with max remote calls: 10.
INFO:httpx:HTTP Request: POST https://generativelanguage.googleapis.com/v1beta/models/gemini-2.5-flash:streamGenerateContent?alt=sse "HTTP/1.1 200 OK"
INFO:google_genai.models:AFC is enabled with max remote calls: 10.
INFO:httpx:HTTP Request: POST https://generativelanguage.googleapis.com/v1beta/models/gemini-2.5-flash:streamGenerateContent?alt=sse "HTTP/1.1 200 OK"
INFO:google_genai.models:AFC is enabled with max remote calls: 10.
INFO:httpx:HTTP Request: POST https://generativelanguage.googleapis.com/v1beta/models/gemini-2.5-flash:streamGenerateContent?alt=sse "HTTP/1.1 200 OK"
INFO:google_genai.models:AFC is enabled with max remote calls: 10.
INFO:httpx:HTTP Request: POST https://generativelanguage.googleapis.com/v1beta/models/gemini-2.5-flash:streamGenerateContent?alt=sse "HTTP/1.1 200 OK"
INFO:google_genai.models:AFC is enabled with max remote calls: 10.
INFO:httpx:HTTP Request: POST https://generativelanguage.googleapis.com/v1beta/models/gemini-2.5-flash:streamGenerateContent?alt=sse "HTTP/1.1 200 OK"
INFO:google_genai.models:AFC is enabled with max remote calls: 10.
INFO:httpx:HTTP Request: POST https://generativelanguage.googleapis.com/v1beta/models/gemini-2.5-flash:streamGenerateContent?alt=sse "HTTP/1.1 200 OK"
INFO:google_genai.models:AFC is enabled with max remote calls: 10.
INFO:httpx:HTTP Request: POST https://generativelanguage.googleapis.com/v1beta/models/gemini-2.5-flash:streamGenerateContent?alt=sse "HTTP/1.1 200 OK"
INFO:google_genai.models:AFC is enabled with max remote calls: 10.
INFO:httpx:HTTP Request: POST https://generativelanguage.googleapis.com/v1beta/models/gemini-2.5-flash:streamGenerateContent?alt=sse "HTTP/1.1 200 OK"
INFO:google_genai.models:AFC is enabled with max remote calls: 10.
INFO:httpx:HTTP Request: POST https://generativelanguage.googleapis.com/v1beta/models/gemini-2.5-flash:streamGenerateContent?alt=sse "HTTP/1.1 200 OK"
INFO:google_genai.models:AFC is enabled with max remote calls: 10.
INFO:httpx:HTTP Request: POST https://generativelanguage.googleapis.com/v1beta/models/gemini-2.5-flash:streamGenerateContent?alt=sse "HTTP/1.1 200 OK"
INFO:google_genai.models:AFC is enabled with max remote calls: 10.
INFO:httpx:HTTP Request: POST https://generativelanguage.googleapis.com/v1beta/models/gemini-2.5-flash:streamGenerateContent?alt=sse "HTTP/1.1 200 OK"
INFO:google_genai.models:AFC is enabled with max remote calls: 10.
INFO:httpx:HTTP Request: POST https://generativelanguage.googleapis.com/v1beta/models/gemini-2.5-flash:streamGenerateContent?alt=sse "HTTP/1.1 200 OK"
INFO:google_genai.models:AFC is enabled with max remote calls: 10.
INFO:httpx:HTTP Request: POST https://generativelanguage.googleapis.com/v1beta/models/gemini-2.5-flash:streamGenerateContent?alt=sse "HTTP/1.1 200 OK"
INFO:google_genai.models:AFC is enabled with max remote calls: 10.
INFO:httpx:HTTP Request: POST https://generativelanguage.googleapis.com/v1beta/models/gemini-2.5-flash:streamGenerateContent?alt=sse "HTTP/1.1 200 OK"
INFO:google_genai.models:AFC is enabled with max remote calls: 10.
INFO:httpx:HTTP Request: POST https://generativelanguage.googleapis.com/v1beta/models/gemini-2.5-flash:streamGenerateContent?alt=sse "HTTP/1.1 200 OK"
INFO:google_genai.models:AFC is enabled with max remote calls: 10.
INFO:httpx:HTTP Request: POST https://generativelanguage.googleapis.com/v1beta/models/gemini-2.5-flash:streamGenerateContent?alt=sse "HTTP/1.1 200 OK"
INFO:google_genai.models:AFC is enabled with max remote calls: 10.
INFO:httpx:HTTP Request: POST https://generativelanguage.googleapis.com/v1beta/models/gemini-2.5-flash:streamGenerateContent?alt=sse "HTTP/1.1 200 OK"
INFO:google_genai.models:AFC is enabled with max remote calls: 10.
INFO:httpx:HTTP Request: POST https://generativelanguage.googleapis.com/v1beta/models/gemini-2.5-flash:streamGenerateContent?alt=sse "HTTP/1.1 200 OK"
INFO:google_genai.models:AFC is enabled with max remote calls: 10.
INFO:httpx:HTTP Request: POST https://generativelanguage.googleapis.com/v1beta/models/gemini-2.5-flash:streamGenerateContent?alt=sse "HTTP/1.1 200 OK"
INFO:google_genai.models:AFC is enabled with max remote calls: 10.
INFO:httpx:HTTP Request: POST https://generativelanguage.googleapis.com/v1beta/models/gemini-2.5-flash:streamGenerateContent?alt=sse "HTTP/1.1 200 OK"
INFO:google_genai.models:AFC is enabled with max remote calls: 10.
INFO:root:[LiveCCWorker] Cleared cached video readers on stop request
INFO:root:[LiveCCWorker] Stop requested, breaking inference loop
INFO:root:[LiveCCWorker] LiveCC inference finished. Took 47.10 s
INFO:root:[LiveCCWorker] Cleared cached video readers after inference
INFO:httpx:HTTP Request: POST https://generativelanguage.googleapis.com/v1beta/models/gemini-2.5-flash:streamGenerateContent?alt=sse "HTTP/1.1 200 OK"
INFO:root:[LiveCCWorker] Start LiveCC inference on: /home/miislab-server5/Poyu/miis_broadcast_poyu/miis_broadcast/examples/basketball_1080p.mp4
INFO:root:[LiveCCWorker] Cleared cached video readers
INFO:google_genai.models:AFC is enabled with max remote calls: 10.
INFO:httpx:HTTP Request: POST https://generativelanguage.googleapis.com/v1beta/models/gemini-2.5-flash:streamGenerateContent?alt=sse "HTTP/1.1 200 OK"
INFO:google_genai.models:AFC is enabled with max remote calls: 10.
INFO:httpx:HTTP Request: POST https://generativelanguage.googleapis.com/v1beta/models/gemini-2.5-flash:streamGenerateContent?alt=sse "HTTP/1.1 200 OK"
INFO:google_genai.models:AFC is enabled with max remote calls: 10.
INFO:httpx:HTTP Request: POST https://generativelanguage.googleapis.com/v1beta/models/gemini-2.5-flash:streamGenerateContent?alt=sse "HTTP/1.1 200 OK"
INFO:google_genai.models:AFC is enabled with max remote calls: 10.
INFO:httpx:HTTP Request: POST https://generativelanguage.googleapis.com/v1beta/models/gemini-2.5-flash:streamGenerateContent?alt=sse "HTTP/1.1 200 OK"
INFO:google_genai.models:AFC is enabled with max remote calls: 10.
INFO:httpx:HTTP Request: POST https://generativelanguage.googleapis.com/v1beta/models/gemini-2.5-flash:streamGenerateContent?alt=sse "HTTP/1.1 200 OK"
INFO:google_genai.models:AFC is enabled with max remote calls: 10.
INFO:httpx:HTTP Request: POST https://generativelanguage.googleapis.com/v1beta/models/gemini-2.5-flash:streamGenerateContent?alt=sse "HTTP/1.1 200 OK"
INFO:google_genai.models:AFC is enabled with max remote calls: 10.
INFO:httpx:HTTP Request: POST https://generativelanguage.googleapis.com/v1beta/models/gemini-2.5-flash:streamGenerateContent?alt=sse "HTTP/1.1 200 OK"
INFO:root:[LiveCCWorker] Cleared cached video readers on stop request
INFO:google_genai.models:AFC is enabled with max remote calls: 10.
INFO:root:[LiveCCWorker] Stop requested, breaking inference loop
INFO:root:[LiveCCWorker] LiveCC inference finished. Took 17.62 s
INFO:root:[LiveCCWorker] Cleared cached video readers after inference
INFO:httpx:HTTP Request: POST https://generativelanguage.googleapis.com/v1beta/models/gemini-2.5-flash:streamGenerateContent?alt=sse "HTTP/1.1 200 OK"
INFO:root:[LiveCCWorker] Start LiveCC inference on: /home/miislab-server5/Poyu/miis_broadcast_poyu/miis_broadcast/examples/basketball_1080p.mp4
INFO:root:[LiveCCWorker] Cleared cached video readers
INFO:google_genai.models:AFC is enabled with max remote calls: 10.
INFO:httpx:HTTP Request: POST https://generativelanguage.googleapis.com/v1beta/models/gemini-2.5-flash:streamGenerateContent?alt=sse "HTTP/1.1 200 OK"
INFO:google_genai.models:AFC is enabled with max remote calls: 10.
INFO:httpx:HTTP Request: POST https://generativelanguage.googleapis.com/v1beta/models/gemini-2.5-flash:streamGenerateContent?alt=sse "HTTP/1.1 200 OK"
INFO:google_genai.models:AFC is enabled with max remote calls: 10.
INFO:httpx:HTTP Request: POST https://generativelanguage.googleapis.com/v1beta/models/gemini-2.5-flash:streamGenerateContent?alt=sse "HTTP/1.1 200 OK"
INFO:google_genai.models:AFC is enabled with max remote calls: 10.
INFO:httpx:HTTP Request: POST https://generativelanguage.googleapis.com/v1beta/models/gemini-2.5-flash:streamGenerateContent?alt=sse "HTTP/1.1 200 OK"
INFO:google_genai.models:AFC is enabled with max remote calls: 10.
INFO:httpx:HTTP Request: POST https://generativelanguage.googleapis.com/v1beta/models/gemini-2.5-flash:streamGenerateContent?alt=sse "HTTP/1.1 200 OK"
INFO:google_genai.models:AFC is enabled with max remote calls: 10.
INFO:httpx:HTTP Request: POST https://generativelanguage.googleapis.com/v1beta/models/gemini-2.5-flash:streamGenerateContent?alt=sse "HTTP/1.1 200 OK"
INFO:google_genai.models:AFC is enabled with max remote calls: 10.
INFO:httpx:HTTP Request: POST https://generativelanguage.googleapis.com/v1beta/models/gemini-2.5-flash:streamGenerateContent?alt=sse "HTTP/1.1 200 OK"
INFO:google_genai.models:AFC is enabled with max remote calls: 10.
INFO:httpx:HTTP Request: POST https://generativelanguage.googleapis.com/v1beta/models/gemini-2.5-flash:streamGenerateContent?alt=sse "HTTP/1.1 200 OK"
INFO:google_genai.models:AFC is enabled with max remote calls: 10.
INFO:httpx:HTTP Request: POST https://generativelanguage.googleapis.com/v1beta/models/gemini-2.5-flash:streamGenerateContent?alt=sse "HTTP/1.1 200 OK"
INFO:google_genai.models:AFC is enabled with max remote calls: 10.
INFO:httpx:HTTP Request: POST https://generativelanguage.googleapis.com/v1beta/models/gemini-2.5-flash:streamGenerateContent?alt=sse "HTTP/1.1 200 OK"
INFO:google_genai.models:AFC is enabled with max remote calls: 10.
INFO:httpx:HTTP Request: POST https://generativelanguage.googleapis.com/v1beta/models/gemini-2.5-flash:streamGenerateContent?alt=sse "HTTP/1.1 200 OK"
INFO:google_genai.models:AFC is enabled with max remote calls: 10.
INFO:httpx:HTTP Request: POST https://generativelanguage.googleapis.com/v1beta/models/gemini-2.5-flash:streamGenerateContent?alt=sse "HTTP/1.1 200 OK"
INFO:google_genai.models:AFC is enabled with max remote calls: 10.
INFO:httpx:HTTP Request: POST https://generativelanguage.googleapis.com/v1beta/models/gemini-2.5-flash:streamGenerateContent?alt=sse "HTTP/1.1 200 OK"
INFO:google_genai.models:AFC is enabled with max remote calls: 10.
INFO:httpx:HTTP Request: POST https://generativelanguage.googleapis.com/v1beta/models/gemini-2.5-flash:streamGenerateContent?alt=sse "HTTP/1.1 200 OK"
INFO:root:[LiveCCWorker] Cleared cached video readers on stop request
INFO:root:[LiveCCWorker] Stop requested, breaking inference loop
INFO:root:[LiveCCWorker] LiveCC inference finished. Took 30.88 s
INFO:root:[LiveCCWorker] Cleared cached video readers after inference
INFO:root:[GeminiBroadcaster] Gemini client initialized
INFO:root:[GeminiWorker] Ready
INFO:root:[LiveCCWorker] Start LiveCC inference on: /home/miislab-server5/Poyu/miis_broadcast_poyu/miis_broadcast/examples/basketball_1080p.mp4
INFO:root:[LiveCCWorker] Cleared cached video readers
INFO:google_genai.models:AFC is enabled with max remote calls: 10.
INFO:httpx:HTTP Request: POST https://generativelanguage.googleapis.com/v1beta/models/gemini-2.5-flash:streamGenerateContent?alt=sse "HTTP/1.1 200 OK"
INFO:google_genai.models:AFC is enabled with max remote calls: 10.
INFO:httpx:HTTP Request: POST https://generativelanguage.googleapis.com/v1beta/models/gemini-2.5-flash:streamGenerateContent?alt=sse "HTTP/1.1 200 OK"
INFO:google_genai.models:AFC is enabled with max remote calls: 10.
INFO:httpx:HTTP Request: POST https://generativelanguage.googleapis.com/v1beta/models/gemini-2.5-flash:streamGenerateContent?alt=sse "HTTP/1.1 200 OK"
INFO:google_genai.models:AFC is enabled with max remote calls: 10.
INFO:httpx:HTTP Request: POST https://generativelanguage.googleapis.com/v1beta/models/gemini-2.5-flash:streamGenerateContent?alt=sse "HTTP/1.1 200 OK"
INFO:google_genai.models:AFC is enabled with max remote calls: 10.
INFO:httpx:HTTP Request: POST https://generativelanguage.googleapis.com/v1beta/models/gemini-2.5-flash:streamGenerateContent?alt=sse "HTTP/1.1 200 OK"
INFO:google_genai.models:AFC is enabled with max remote calls: 10.
INFO:httpx:HTTP Request: POST https://generativelanguage.googleapis.com/v1beta/models/gemini-2.5-flash:streamGenerateContent?alt=sse "HTTP/1.1 200 OK"
INFO:google_genai.models:AFC is enabled with max remote calls: 10.
INFO:httpx:HTTP Request: POST https://generativelanguage.googleapis.com/v1beta/models/gemini-2.5-flash:streamGenerateContent?alt=sse "HTTP/1.1 200 OK"
INFO:google_genai.models:AFC is enabled with max remote calls: 10.
INFO:httpx:HTTP Request: POST https://generativelanguage.googleapis.com/v1beta/models/gemini-2.5-flash:streamGenerateContent?alt=sse "HTTP/1.1 200 OK"
INFO:google_genai.models:AFC is enabled with max remote calls: 10.
INFO:httpx:HTTP Request: POST https://generativelanguage.googleapis.com/v1beta/models/gemini-2.5-flash:streamGenerateContent?alt=sse "HTTP/1.1 200 OK"
INFO:google_genai.models:AFC is enabled with max remote calls: 10.
INFO:httpx:HTTP Request: POST https://generativelanguage.googleapis.com/v1beta/models/gemini-2.5-flash:streamGenerateContent?alt=sse "HTTP/1.1 200 OK"
INFO:google_genai.models:AFC is enabled with max remote calls: 10.
INFO:httpx:HTTP Request: POST https://generativelanguage.googleapis.com/v1beta/models/gemini-2.5-flash:streamGenerateContent?alt=sse "HTTP/1.1 200 OK"
INFO:google_genai.models:AFC is enabled with max remote calls: 10.
INFO:httpx:HTTP Request: POST https://generativelanguage.googleapis.com/v1beta/models/gemini-2.5-flash:streamGenerateContent?alt=sse "HTTP/1.1 200 OK"
INFO:google_genai.models:AFC is enabled with max remote calls: 10.
INFO:httpx:HTTP Request: POST https://generativelanguage.googleapis.com/v1beta/models/gemini-2.5-flash:streamGenerateContent?alt=sse "HTTP/1.1 200 OK"
INFO:google_genai.models:AFC is enabled with max remote calls: 10.
INFO:httpx:HTTP Request: POST https://generativelanguage.googleapis.com/v1beta/models/gemini-2.5-flash:streamGenerateContent?alt=sse "HTTP/1.1 200 OK"
INFO:google_genai.models:AFC is enabled with max remote calls: 10.
INFO:httpx:HTTP Request: POST https://generativelanguage.googleapis.com/v1beta/models/gemini-2.5-flash:streamGenerateContent?alt=sse "HTTP/1.1 200 OK"
INFO:google_genai.models:AFC is enabled with max remote calls: 10.
INFO:httpx:HTTP Request: POST https://generativelanguage.googleapis.com/v1beta/models/gemini-2.5-flash:streamGenerateContent?alt=sse "HTTP/1.1 200 OK"
INFO:google_genai.models:AFC is enabled with max remote calls: 10.
INFO:httpx:HTTP Request: POST https://generativelanguage.googleapis.com/v1beta/models/gemini-2.5-flash:streamGenerateContent?alt=sse "HTTP/1.1 200 OK"
INFO:google_genai.models:AFC is enabled with max remote calls: 10.
INFO:httpx:HTTP Request: POST https://generativelanguage.googleapis.com/v1beta/models/gemini-2.5-flash:streamGenerateContent?alt=sse "HTTP/1.1 200 OK"
INFO:google_genai.models:AFC is enabled with max remote calls: 10.
INFO:httpx:HTTP Request: POST https://generativelanguage.googleapis.com/v1beta/models/gemini-2.5-flash:streamGenerateContent?alt=sse "HTTP/1.1 200 OK"
INFO:google_genai.models:AFC is enabled with max remote calls: 10.
INFO:httpx:HTTP Request: POST https://generativelanguage.googleapis.com/v1beta/models/gemini-2.5-flash:streamGenerateContent?alt=sse "HTTP/1.1 200 OK"
INFO:google_genai.models:AFC is enabled with max remote calls: 10.
INFO:httpx:HTTP Request: POST https://generativelanguage.googleapis.com/v1beta/models/gemini-2.5-flash:streamGenerateContent?alt=sse "HTTP/1.1 200 OK"
INFO:google_genai.models:AFC is enabled with max remote calls: 10.
INFO:httpx:HTTP Request: POST https://generativelanguage.googleapis.com/v1beta/models/gemini-2.5-flash:streamGenerateContent?alt=sse "HTTP/1.1 200 OK"
INFO:google_genai.models:AFC is enabled with max remote calls: 10.
INFO:httpx:HTTP Request: POST https://generativelanguage.googleapis.com/v1beta/models/gemini-2.5-flash:streamGenerateContent?alt=sse "HTTP/1.1 200 OK"
INFO:google_genai.models:AFC is enabled with max remote calls: 10.
INFO:httpx:HTTP Request: POST https://generativelanguage.googleapis.com/v1beta/models/gemini-2.5-flash:streamGenerateContent?alt=sse "HTTP/1.1 200 OK"
INFO:google_genai.models:AFC is enabled with max remote calls: 10.
INFO:httpx:HTTP Request: POST https://generativelanguage.googleapis.com/v1beta/models/gemini-2.5-flash:streamGenerateContent?alt=sse "HTTP/1.1 200 OK"
INFO:root:[LiveCCWorker] Cleared cached video readers on stop request
INFO:google_genai.models:AFC is enabled with max remote calls: 10.
INFO:root:[LiveCCWorker] Stop requested, breaking inference loop
INFO:root:[LiveCCWorker] LiveCC inference finished. Took 52.70 s
INFO:root:[LiveCCWorker] Cleared cached video readers after inference
INFO:httpx:HTTP Request: POST https://generativelanguage.googleapis.com/v1beta/models/gemini-2.5-flash:streamGenerateContent?alt=sse "HTTP/1.1 200 OK"
INFO:root:[LiveCCWorker] Start LiveCC inference on: /home/miislab-server5/Poyu/miis_broadcast_poyu/miis_broadcast/examples/basketball_1080p.mp4
INFO:root:[LiveCCWorker] Cleared cached video readers
INFO:google_genai.models:AFC is enabled with max remote calls: 10.
INFO:httpx:HTTP Request: POST https://generativelanguage.googleapis.com/v1beta/models/gemini-2.5-flash:streamGenerateContent?alt=sse "HTTP/1.1 200 OK"
INFO:google_genai.models:AFC is enabled with max remote calls: 10.
INFO:httpx:HTTP Request: POST https://generativelanguage.googleapis.com/v1beta/models/gemini-2.5-flash:streamGenerateContent?alt=sse "HTTP/1.1 200 OK"
INFO:google_genai.models:AFC is enabled with max remote calls: 10.
INFO:httpx:HTTP Request: POST https://generativelanguage.googleapis.com/v1beta/models/gemini-2.5-flash:streamGenerateContent?alt=sse "HTTP/1.1 200 OK"
INFO:google_genai.models:AFC is enabled with max remote calls: 10.
INFO:httpx:HTTP Request: POST https://generativelanguage.googleapis.com/v1beta/models/gemini-2.5-flash:streamGenerateContent?alt=sse "HTTP/1.1 200 OK"
INFO:google_genai.models:AFC is enabled with max remote calls: 10.
INFO:httpx:HTTP Request: POST https://generativelanguage.googleapis.com/v1beta/models/gemini-2.5-flash:streamGenerateContent?alt=sse "HTTP/1.1 200 OK"
INFO:google_genai.models:AFC is enabled with max remote calls: 10.
INFO:httpx:HTTP Request: POST https://generativelanguage.googleapis.com/v1beta/models/gemini-2.5-flash:streamGenerateContent?alt=sse "HTTP/1.1 200 OK"
INFO:google_genai.models:AFC is enabled with max remote calls: 10.
INFO:httpx:HTTP Request: POST https://generativelanguage.googleapis.com/v1beta/models/gemini-2.5-flash:streamGenerateContent?alt=sse "HTTP/1.1 200 OK"
INFO:google_genai.models:AFC is enabled with max remote calls: 10.
INFO:httpx:HTTP Request: POST https://generativelanguage.googleapis.com/v1beta/models/gemini-2.5-flash:streamGenerateContent?alt=sse "HTTP/1.1 200 OK"
INFO:google_genai.models:AFC is enabled with max remote calls: 10.
INFO:httpx:HTTP Request: POST https://generativelanguage.googleapis.com/v1beta/models/gemini-2.5-flash:streamGenerateContent?alt=sse "HTTP/1.1 200 OK"
INFO:google_genai.models:AFC is enabled with max remote calls: 10.
INFO:httpx:HTTP Request: POST https://generativelanguage.googleapis.com/v1beta/models/gemini-2.5-flash:streamGenerateContent?alt=sse "HTTP/1.1 200 OK"
INFO:google_genai.models:AFC is enabled with max remote calls: 10.
INFO:httpx:HTTP Request: POST https://generativelanguage.googleapis.com/v1beta/models/gemini-2.5-flash:streamGenerateContent?alt=sse "HTTP/1.1 200 OK"
INFO:google_genai.models:AFC is enabled with max remote calls: 10.
INFO:httpx:HTTP Request: POST https://generativelanguage.googleapis.com/v1beta/models/gemini-2.5-flash:streamGenerateContent?alt=sse "HTTP/1.1 200 OK"
INFO:google_genai.models:AFC is enabled with max remote calls: 10.
INFO:httpx:HTTP Request: POST https://generativelanguage.googleapis.com/v1beta/models/gemini-2.5-flash:streamGenerateContent?alt=sse "HTTP/1.1 200 OK"
INFO:google_genai.models:AFC is enabled with max remote calls: 10.
INFO:httpx:HTTP Request: POST https://generativelanguage.googleapis.com/v1beta/models/gemini-2.5-flash:streamGenerateContent?alt=sse "HTTP/1.1 200 OK"
INFO:google_genai.models:AFC is enabled with max remote calls: 10.
INFO:httpx:HTTP Request: POST https://generativelanguage.googleapis.com/v1beta/models/gemini-2.5-flash:streamGenerateContent?alt=sse "HTTP/1.1 200 OK"
INFO:google_genai.models:AFC is enabled with max remote calls: 10.
INFO:httpx:HTTP Request: POST https://generativelanguage.googleapis.com/v1beta/models/gemini-2.5-flash:streamGenerateContent?alt=sse "HTTP/1.1 200 OK"
INFO:google_genai.models:AFC is enabled with max remote calls: 10.
INFO:httpx:HTTP Request: POST https://generativelanguage.googleapis.com/v1beta/models/gemini-2.5-flash:streamGenerateContent?alt=sse "HTTP/1.1 200 OK"
INFO:google_genai.models:AFC is enabled with max remote calls: 10.
INFO:httpx:HTTP Request: POST https://generativelanguage.googleapis.com/v1beta/models/gemini-2.5-flash:streamGenerateContent?alt=sse "HTTP/1.1 200 OK"
INFO:google_genai.models:AFC is enabled with max remote calls: 10.
INFO:httpx:HTTP Request: POST https://generativelanguage.googleapis.com/v1beta/models/gemini-2.5-flash:streamGenerateContent?alt=sse "HTTP/1.1 200 OK"
INFO:google_genai.models:AFC is enabled with max remote calls: 10.
INFO:root:[LiveCCWorker] Cleared cached video readers on stop request
INFO:root:[LiveCCWorker] Stop requested, breaking inference loop
INFO:root:[LiveCCWorker] LiveCC inference finished. Took 42.45 s
INFO:root:[LiveCCWorker] Cleared cached video readers after inference
INFO:httpx:HTTP Request: POST https://generativelanguage.googleapis.com/v1beta/models/gemini-2.5-flash:streamGenerateContent?alt=sse "HTTP/1.1 200 OK"
INFO:root:[LiveCCWorker] Start LiveCC inference on: /home/miislab-server5/Poyu/miis_broadcast_poyu/miis_broadcast/examples/basketball_1080p.mp4
INFO:root:[LiveCCWorker] Cleared cached video readers
INFO:google_genai.models:AFC is enabled with max remote calls: 10.
INFO:httpx:HTTP Request: POST https://generativelanguage.googleapis.com/v1beta/models/gemini-2.5-flash:streamGenerateContent?alt=sse "HTTP/1.1 200 OK"
INFO:google_genai.models:AFC is enabled with max remote calls: 10.
INFO:httpx:HTTP Request: POST https://generativelanguage.googleapis.com/v1beta/models/gemini-2.5-flash:streamGenerateContent?alt=sse "HTTP/1.1 200 OK"
INFO:google_genai.models:AFC is enabled with max remote calls: 10.
INFO:httpx:HTTP Request: POST https://generativelanguage.googleapis.com/v1beta/models/gemini-2.5-flash:streamGenerateContent?alt=sse "HTTP/1.1 200 OK"
INFO:google_genai.models:AFC is enabled with max remote calls: 10.
INFO:httpx:HTTP Request: POST https://generativelanguage.googleapis.com/v1beta/models/gemini-2.5-flash:streamGenerateContent?alt=sse "HTTP/1.1 200 OK"
INFO:google_genai.models:AFC is enabled with max remote calls: 10.
INFO:httpx:HTTP Request: POST https://generativelanguage.googleapis.com/v1beta/models/gemini-2.5-flash:streamGenerateContent?alt=sse "HTTP/1.1 200 OK"
INFO:google_genai.models:AFC is enabled with max remote calls: 10.
INFO:httpx:HTTP Request: POST https://generativelanguage.googleapis.com/v1beta/models/gemini-2.5-flash:streamGenerateContent?alt=sse "HTTP/1.1 200 OK"
INFO:google_genai.models:AFC is enabled with max remote calls: 10.
INFO:httpx:HTTP Request: POST https://generativelanguage.googleapis.com/v1beta/models/gemini-2.5-flash:streamGenerateContent?alt=sse "HTTP/1.1 200 OK"
INFO:google_genai.models:AFC is enabled with max remote calls: 10.
INFO:httpx:HTTP Request: POST https://generativelanguage.googleapis.com/v1beta/models/gemini-2.5-flash:streamGenerateContent?alt=sse "HTTP/1.1 200 OK"
INFO:google_genai.models:AFC is enabled with max remote calls: 10.
INFO:httpx:HTTP Request: POST https://generativelanguage.googleapis.com/v1beta/models/gemini-2.5-flash:streamGenerateContent?alt=sse "HTTP/1.1 200 OK"
INFO:google_genai.models:AFC is enabled with max remote calls: 10.
INFO:httpx:HTTP Request: POST https://generativelanguage.googleapis.com/v1beta/models/gemini-2.5-flash:streamGenerateContent?alt=sse "HTTP/1.1 200 OK"
INFO:google_genai.models:AFC is enabled with max remote calls: 10.
INFO:httpx:HTTP Request: POST https://generativelanguage.googleapis.com/v1beta/models/gemini-2.5-flash:streamGenerateContent?alt=sse "HTTP/1.1 200 OK"
INFO:google_genai.models:AFC is enabled with max remote calls: 10.
INFO:httpx:HTTP Request: POST https://generativelanguage.googleapis.com/v1beta/models/gemini-2.5-flash:streamGenerateContent?alt=sse "HTTP/1.1 200 OK"
INFO:google_genai.models:AFC is enabled with max remote calls: 10.
INFO:httpx:HTTP Request: POST https://generativelanguage.googleapis.com/v1beta/models/gemini-2.5-flash:streamGenerateContent?alt=sse "HTTP/1.1 200 OK"
INFO:google_genai.models:AFC is enabled with max remote calls: 10.
INFO:httpx:HTTP Request: POST https://generativelanguage.googleapis.com/v1beta/models/gemini-2.5-flash:streamGenerateContent?alt=sse "HTTP/1.1 200 OK"
INFO:google_genai.models:AFC is enabled with max remote calls: 10.
INFO:httpx:HTTP Request: POST https://generativelanguage.googleapis.com/v1beta/models/gemini-2.5-flash:streamGenerateContent?alt=sse "HTTP/1.1 200 OK"
INFO:google_genai.models:AFC is enabled with max remote calls: 10.
INFO:httpx:HTTP Request: POST https://generativelanguage.googleapis.com/v1beta/models/gemini-2.5-flash:streamGenerateContent?alt=sse "HTTP/1.1 200 OK"
INFO:google_genai.models:AFC is enabled with max remote calls: 10.
INFO:httpx:HTTP Request: POST https://generativelanguage.googleapis.com/v1beta/models/gemini-2.5-flash:streamGenerateContent?alt=sse "HTTP/1.1 200 OK"
INFO:google_genai.models:AFC is enabled with max remote calls: 10.
INFO:httpx:HTTP Request: POST https://generativelanguage.googleapis.com/v1beta/models/gemini-2.5-flash:streamGenerateContent?alt=sse "HTTP/1.1 200 OK"
INFO:google_genai.models:AFC is enabled with max remote calls: 10.
INFO:root:[LiveCCWorker] Stop requested, breaking inference loop
INFO:root:[LiveCCWorker] LiveCC inference finished. Took 40.73 s
INFO:root:[LiveCCWorker] Cleared cached video readers after inference
INFO:root:[LiveCCWorker] Cleared cached video readers on stop request
INFO:httpx:HTTP Request: POST https://generativelanguage.googleapis.com/v1beta/models/gemini-2.5-flash:streamGenerateContent?alt=sse "HTTP/1.1 200 OK"
INFO:root:[GeminiBroadcaster] Gemini client initialized
INFO:root:[GeminiWorker] Ready
INFO:root:[LiveCCWorker] Start LiveCC inference on: /home/miislab-server5/Poyu/miis_broadcast_poyu/miis_broadcast/examples/basketball_1080p.mp4
INFO:root:[LiveCCWorker] Cleared cached video readers
INFO:google_genai.models:AFC is enabled with max remote calls: 10.
INFO:httpx:HTTP Request: POST https://generativelanguage.googleapis.com/v1beta/models/gemini-2.5-flash:streamGenerateContent?alt=sse "HTTP/1.1 200 OK"
INFO:google_genai.models:AFC is enabled with max remote calls: 10.
INFO:httpx:HTTP Request: POST https://generativelanguage.googleapis.com/v1beta/models/gemini-2.5-flash:streamGenerateContent?alt=sse "HTTP/1.1 200 OK"
INFO:google_genai.models:AFC is enabled with max remote calls: 10.
INFO:httpx:HTTP Request: POST https://generativelanguage.googleapis.com/v1beta/models/gemini-2.5-flash:streamGenerateContent?alt=sse "HTTP/1.1 200 OK"
INFO:google_genai.models:AFC is enabled with max remote calls: 10.
INFO:httpx:HTTP Request: POST https://generativelanguage.googleapis.com/v1beta/models/gemini-2.5-flash:streamGenerateContent?alt=sse "HTTP/1.1 200 OK"
INFO:google_genai.models:AFC is enabled with max remote calls: 10.
INFO:httpx:HTTP Request: POST https://generativelanguage.googleapis.com/v1beta/models/gemini-2.5-flash:streamGenerateContent?alt=sse "HTTP/1.1 200 OK"
INFO:google_genai.models:AFC is enabled with max remote calls: 10.
INFO:httpx:HTTP Request: POST https://generativelanguage.googleapis.com/v1beta/models/gemini-2.5-flash:streamGenerateContent?alt=sse "HTTP/1.1 200 OK"
INFO:google_genai.models:AFC is enabled with max remote calls: 10.
INFO:httpx:HTTP Request: POST https://generativelanguage.googleapis.com/v1beta/models/gemini-2.5-flash:streamGenerateContent?alt=sse "HTTP/1.1 200 OK"
INFO:google_genai.models:AFC is enabled with max remote calls: 10.
INFO:httpx:HTTP Request: POST https://generativelanguage.googleapis.com/v1beta/models/gemini-2.5-flash:streamGenerateContent?alt=sse "HTTP/1.1 200 OK"
INFO:google_genai.models:AFC is enabled with max remote calls: 10.
INFO:httpx:HTTP Request: POST https://generativelanguage.googleapis.com/v1beta/models/gemini-2.5-flash:streamGenerateContent?alt=sse "HTTP/1.1 200 OK"
INFO:google_genai.models:AFC is enabled with max remote calls: 10.
INFO:httpx:HTTP Request: POST https://generativelanguage.googleapis.com/v1beta/models/gemini-2.5-flash:streamGenerateContent?alt=sse "HTTP/1.1 200 OK"
INFO:google_genai.models:AFC is enabled with max remote calls: 10.
INFO:httpx:HTTP Request: POST https://generativelanguage.googleapis.com/v1beta/models/gemini-2.5-flash:streamGenerateContent?alt=sse "HTTP/1.1 200 OK"
INFO:google_genai.models:AFC is enabled with max remote calls: 10.
INFO:httpx:HTTP Request: POST https://generativelanguage.googleapis.com/v1beta/models/gemini-2.5-flash:streamGenerateContent?alt=sse "HTTP/1.1 200 OK"
INFO:google_genai.models:AFC is enabled with max remote calls: 10.
INFO:httpx:HTTP Request: POST https://generativelanguage.googleapis.com/v1beta/models/gemini-2.5-flash:streamGenerateContent?alt=sse "HTTP/1.1 200 OK"
INFO:google_genai.models:AFC is enabled with max remote calls: 10.
INFO:httpx:HTTP Request: POST https://generativelanguage.googleapis.com/v1beta/models/gemini-2.5-flash:streamGenerateContent?alt=sse "HTTP/1.1 200 OK"
WARNING:root:[LiveCC] Degenerate output skipped: 'about this game or any other sport ...'
INFO:google_genai.models:AFC is enabled with max remote calls: 10.
INFO:httpx:HTTP Request: POST https://generativelanguage.googleapis.com/v1beta/models/gemini-2.5-flash:streamGenerateContent?alt=sse "HTTP/1.1 200 OK"
INFO:google_genai.models:AFC is enabled with max remote calls: 10.
INFO:httpx:HTTP Request: POST https://generativelanguage.googleapis.com/v1beta/models/gemini-2.5-flash:streamGenerateContent?alt=sse "HTTP/1.1 200 OK"
INFO:google_genai.models:AFC is enabled with max remote calls: 10.
INFO:httpx:HTTP Request: POST https://generativelanguage.googleapis.com/v1beta/models/gemini-2.5-flash:streamGenerateContent?alt=sse "HTTP/1.1 200 OK"
INFO:google_genai.models:AFC is enabled with max remote calls: 10.
INFO:httpx:HTTP Request: POST https://generativelanguage.googleapis.com/v1beta/models/gemini-2.5-flash:streamGenerateContent?alt=sse "HTTP/1.1 200 OK"
WARNING:root:[LiveCC] Degenerate output skipped: 'What an ...'
INFO:google_genai.models:AFC is enabled with max remote calls: 10.
INFO:httpx:HTTP Request: POST https://generativelanguage.googleapis.com/v1beta/models/gemini-2.5-flash:streamGenerateContent?alt=sse "HTTP/1.1 200 OK"
INFO:google_genai.models:AFC is enabled with max remote calls: 10.
INFO:httpx:HTTP Request: POST https://generativelanguage.googleapis.com/v1beta/models/gemini-2.5-flash:streamGenerateContent?alt=sse "HTTP/1.1 200 OK"
INFO:google_genai.models:AFC is enabled with max remote calls: 10.
INFO:httpx:HTTP Request: POST https://generativelanguage.googleapis.com/v1beta/models/gemini-2.5-flash:streamGenerateContent?alt=sse "HTTP/1.1 200 OK"
INFO:root:[LiveCCWorker] Cleared cached video readers on stop request
INFO:google_genai.models:AFC is enabled with max remote calls: 10.
INFO:root:[LiveCCWorker] Stop requested, breaking inference loop
INFO:root:[LiveCCWorker] LiveCC inference finished. Took 49.99 s
INFO:root:[LiveCCWorker] Cleared cached video readers after inference
INFO:httpx:HTTP Request: POST https://generativelanguage.googleapis.com/v1beta/models/gemini-2.5-flash:streamGenerateContent?alt=sse "HTTP/1.1 200 OK"
INFO:root:[LiveCCWorker] Start LiveCC inference on: /home/miislab-server5/Poyu/miis_broadcast_poyu/miis_broadcast/examples/實況主.mp4
INFO:root:[LiveCCWorker] Cleared cached video readers
INFO:google_genai.models:AFC is enabled with max remote calls: 10.
INFO:httpx:HTTP Request: POST https://generativelanguage.googleapis.com/v1beta/models/gemini-2.5-flash:streamGenerateContent?alt=sse "HTTP/1.1 200 OK"
INFO:google_genai.models:AFC is enabled with max remote calls: 10.
INFO:httpx:HTTP Request: POST https://generativelanguage.googleapis.com/v1beta/models/gemini-2.5-flash:streamGenerateContent?alt=sse "HTTP/1.1 200 OK"
INFO:google_genai.models:AFC is enabled with max remote calls: 10.
INFO:httpx:HTTP Request: POST https://generativelanguage.googleapis.com/v1beta/models/gemini-2.5-flash:streamGenerateContent?alt=sse "HTTP/1.1 200 OK"
WARNING:root:[LiveCC] Degenerate output skipped: 'Finally, ...'
INFO:google_genai.models:AFC is enabled with max remote calls: 10.
INFO:httpx:HTTP Request: POST https://generativelanguage.googleapis.com/v1beta/models/gemini-2.5-flash:streamGenerateContent?alt=sse "HTTP/1.1 200 OK"
INFO:google_genai.models:AFC is enabled with max remote calls: 10.
INFO:httpx:HTTP Request: POST https://generativelanguage.googleapis.com/v1beta/models/gemini-2.5-flash:streamGenerateContent?alt=sse "HTTP/1.1 200 OK"
INFO:google_genai.models:AFC is enabled with max remote calls: 10.
INFO:httpx:HTTP Request: POST https://generativelanguage.googleapis.com/v1beta/models/gemini-2.5-flash:streamGenerateContent?alt=sse "HTTP/1.1 200 OK"
INFO:google_genai.models:AFC is enabled with max remote calls: 10.
INFO:httpx:HTTP Request: POST https://generativelanguage.googleapis.com/v1beta/models/gemini-2.5-flash:streamGenerateContent?alt=sse "HTTP/1.1 200 OK"
INFO:google_genai.models:AFC is enabled with max remote calls: 10.
INFO:httpx:HTTP Request: POST https://generativelanguage.googleapis.com/v1beta/models/gemini-2.5-flash:streamGenerateContent?alt=sse "HTTP/1.1 200 OK"
INFO:google_genai.models:AFC is enabled with max remote calls: 10.
INFO:httpx:HTTP Request: POST https://generativelanguage.googleapis.com/v1beta/models/gemini-2.5-flash:streamGenerateContent?alt=sse "HTTP/1.1 200 OK"
INFO:google_genai.models:AFC is enabled with max remote calls: 10.
INFO:httpx:HTTP Request: POST https://generativelanguage.googleapis.com/v1beta/models/gemini-2.5-flash:streamGenerateContent?alt=sse "HTTP/1.1 200 OK"
INFO:google_genai.models:AFC is enabled with max remote calls: 10.
INFO:httpx:HTTP Request: POST https://generativelanguage.googleapis.com/v1beta/models/gemini-2.5-flash:streamGenerateContent?alt=sse "HTTP/1.1 200 OK"
INFO:google_genai.models:AFC is enabled with max remote calls: 10.
INFO:httpx:HTTP Request: POST https://generativelanguage.googleapis.com/v1beta/models/gemini-2.5-flash:streamGenerateContent?alt=sse "HTTP/1.1 200 OK"
INFO:google_genai.models:AFC is enabled with max remote calls: 10.
INFO:httpx:HTTP Request: POST https://generativelanguage.googleapis.com/v1beta/models/gemini-2.5-flash:streamGenerateContent?alt=sse "HTTP/1.1 200 OK"
INFO:google_genai.models:AFC is enabled with max remote calls: 10.
INFO:httpx:HTTP Request: POST https://generativelanguage.googleapis.com/v1beta/models/gemini-2.5-flash:streamGenerateContent?alt=sse "HTTP/1.1 200 OK"
INFO:google_genai.models:AFC is enabled with max remote calls: 10.
INFO:httpx:HTTP Request: POST https://generativelanguage.googleapis.com/v1beta/models/gemini-2.5-flash:streamGenerateContent?alt=sse "HTTP/1.1 200 OK"
INFO:google_genai.models:AFC is enabled with max remote calls: 10.
INFO:httpx:HTTP Request: POST https://generativelanguage.googleapis.com/v1beta/models/gemini-2.5-flash:streamGenerateContent?alt=sse "HTTP/1.1 200 OK"
INFO:google_genai.models:AFC is enabled with max remote calls: 10.
INFO:httpx:HTTP Request: POST https://generativelanguage.googleapis.com/v1beta/models/gemini-2.5-flash:streamGenerateContent?alt=sse "HTTP/1.1 200 OK"
INFO:google_genai.models:AFC is enabled with max remote calls: 10.
INFO:httpx:HTTP Request: POST https://generativelanguage.googleapis.com/v1beta/models/gemini-2.5-flash:streamGenerateContent?alt=sse "HTTP/1.1 200 OK"
INFO:google_genai.models:AFC is enabled with max remote calls: 10.
INFO:httpx:HTTP Request: POST https://generativelanguage.googleapis.com/v1beta/models/gemini-2.5-flash:streamGenerateContent?alt=sse "HTTP/1.1 200 OK"
INFO:google_genai.models:AFC is enabled with max remote calls: 10.
INFO:httpx:HTTP Request: POST https://generativelanguage.googleapis.com/v1beta/models/gemini-2.5-flash:streamGenerateContent?alt=sse "HTTP/1.1 200 OK"
INFO:google_genai.models:AFC is enabled with max remote calls: 10.
INFO:httpx:HTTP Request: POST https://generativelanguage.googleapis.com/v1beta/models/gemini-2.5-flash:streamGenerateContent?alt=sse "HTTP/1.1 200 OK"
INFO:google_genai.models:AFC is enabled with max remote calls: 10.
INFO:httpx:HTTP Request: POST https://generativelanguage.googleapis.com/v1beta/models/gemini-2.5-flash:streamGenerateContent?alt=sse "HTTP/1.1 200 OK"
INFO:google_genai.models:AFC is enabled with max remote calls: 10.
INFO:httpx:HTTP Request: POST https://generativelanguage.googleapis.com/v1beta/models/gemini-2.5-flash:streamGenerateContent?alt=sse "HTTP/1.1 200 OK"
INFO:google_genai.models:AFC is enabled with max remote calls: 10.
INFO:httpx:HTTP Request: POST https://generativelanguage.googleapis.com/v1beta/models/gemini-2.5-flash:streamGenerateContent?alt=sse "HTTP/1.1 200 OK"
INFO:root:[LiveCCWorker] Cleared cached video readers on stop request
INFO:google_genai.models:AFC is enabled with max remote calls: 10.
INFO:httpx:HTTP Request: POST https://generativelanguage.googleapis.com/v1beta/models/gemini-2.5-flash:streamGenerateContent?alt=sse "HTTP/1.1 200 OK"
INFO:google_genai.models:AFC is enabled with max remote calls: 10.
INFO:httpx:HTTP Request: POST https://generativelanguage.googleapis.com/v1beta/models/gemini-2.5-flash:streamGenerateContent?alt=sse "HTTP/1.1 200 OK"
INFO:google_genai.models:AFC is enabled with max remote calls: 10.
INFO:httpx:HTTP Request: POST https://generativelanguage.googleapis.com/v1beta/models/gemini-2.5-flash:streamGenerateContent?alt=sse "HTTP/1.1 200 OK"
INFO:google_genai.models:AFC is enabled with max remote calls: 10.
INFO:httpx:HTTP Request: POST https://generativelanguage.googleapis.com/v1beta/models/gemini-2.5-flash:streamGenerateContent?alt=sse "HTTP/1.1 200 OK"
INFO:google_genai.models:AFC is enabled with max remote calls: 10.
INFO:root:[LiveCCWorker] Stop requested, breaking inference loop
INFO:root:[LiveCCWorker] LiveCC inference finished. Took 80.56 s
INFO:root:[LiveCCWorker] Cleared cached video readers after inference
INFO:httpx:HTTP Request: POST https://generativelanguage.googleapis.com/v1beta/models/gemini-2.5-flash:streamGenerateContent?alt=sse "HTTP/1.1 200 OK"
INFO:root:[LiveCCWorker] Start LiveCC inference on: /home/miislab-server5/Poyu/miis_broadcast_poyu/miis_broadcast/examples/vr_test/VR_Frank.mp4
INFO:root:[LiveCCWorker] Cleared cached video readers
INFO:google_genai.models:AFC is enabled with max remote calls: 10.
INFO:httpx:HTTP Request: POST https://generativelanguage.googleapis.com/v1beta/models/gemini-2.5-flash:streamGenerateContent?alt=sse "HTTP/1.1 200 OK"
INFO:google_genai.models:AFC is enabled with max remote calls: 10.
INFO:httpx:HTTP Request: POST https://generativelanguage.googleapis.com/v1beta/models/gemini-2.5-flash:streamGenerateContent?alt=sse "HTTP/1.1 200 OK"
INFO:google_genai.models:AFC is enabled with max remote calls: 10.
INFO:httpx:HTTP Request: POST https://generativelanguage.googleapis.com/v1beta/models/gemini-2.5-flash:streamGenerateContent?alt=sse "HTTP/1.1 200 OK"
INFO:google_genai.models:AFC is enabled with max remote calls: 10.
INFO:httpx:HTTP Request: POST https://generativelanguage.googleapis.com/v1beta/models/gemini-2.5-flash:streamGenerateContent?alt=sse "HTTP/1.1 200 OK"
INFO:google_genai.models:AFC is enabled with max remote calls: 10.
INFO:httpx:HTTP Request: POST https://generativelanguage.googleapis.com/v1beta/models/gemini-2.5-flash:streamGenerateContent?alt=sse "HTTP/1.1 200 OK"
INFO:google_genai.models:AFC is enabled with max remote calls: 10.
INFO:httpx:HTTP Request: POST https://generativelanguage.googleapis.com/v1beta/models/gemini-2.5-flash:streamGenerateContent?alt=sse "HTTP/1.1 200 OK"
INFO:google_genai.models:AFC is enabled with max remote calls: 10.
INFO:httpx:HTTP Request: POST https://generativelanguage.googleapis.com/v1beta/models/gemini-2.5-flash:streamGenerateContent?alt=sse "HTTP/1.1 200 OK"
INFO:google_genai.models:AFC is enabled with max remote calls: 10.
INFO:httpx:HTTP Request: POST https://generativelanguage.googleapis.com/v1beta/models/gemini-2.5-flash:streamGenerateContent?alt=sse "HTTP/1.1 200 OK"
WARNING:root:[LiveCC] Degenerate output skipped: 'to us.'
INFO:google_genai.models:AFC is enabled with max remote calls: 10.
INFO:httpx:HTTP Request: POST https://generativelanguage.googleapis.com/v1beta/models/gemini-2.5-flash:streamGenerateContent?alt=sse "HTTP/1.1 200 OK"
INFO:root:[LiveCCWorker] Cleared cached video readers on stop request
INFO:google_genai.models:AFC is enabled with max remote calls: 10.
INFO:root:[LiveCCWorker] Stop requested, breaking inference loop
INFO:root:[LiveCCWorker] LiveCC inference finished. Took 27.48 s
INFO:root:[LiveCCWorker] Cleared cached video readers after inference
INFO:httpx:HTTP Request: POST https://generativelanguage.googleapis.com/v1beta/models/gemini-2.5-flash:streamGenerateContent?alt=sse "HTTP/1.1 200 OK"
INFO:root:[GeminiBroadcaster] Gemini client initialized
INFO:root:[GeminiWorker] Ready
INFO:root:[LiveCCWorker] Start LiveCC inference on: /home/miislab-server5/Poyu/miis_broadcast_poyu/miis_broadcast/examples/basketball_1080p.mp4
INFO:root:[LiveCCWorker] Cleared cached video readers
INFO:google_genai.models:AFC is enabled with max remote calls: 10.
INFO:httpx:HTTP Request: POST https://generativelanguage.googleapis.com/v1beta/models/gemini-2.5-flash:streamGenerateContent?alt=sse "HTTP/1.1 200 OK"
INFO:google_genai.models:AFC is enabled with max remote calls: 10.
INFO:httpx:HTTP Request: POST https://generativelanguage.googleapis.com/v1beta/models/gemini-2.5-flash:streamGenerateContent?alt=sse "HTTP/1.1 200 OK"
INFO:google_genai.models:AFC is enabled with max remote calls: 10.
INFO:httpx:HTTP Request: POST https://generativelanguage.googleapis.com/v1beta/models/gemini-2.5-flash:streamGenerateContent?alt=sse "HTTP/1.1 200 OK"
INFO:google_genai.models:AFC is enabled with max remote calls: 10.
INFO:httpx:HTTP Request: POST https://generativelanguage.googleapis.com/v1beta/models/gemini-2.5-flash:streamGenerateContent?alt=sse "HTTP/1.1 200 OK"
INFO:google_genai.models:AFC is enabled with max remote calls: 10.
INFO:httpx:HTTP Request: POST https://generativelanguage.googleapis.com/v1beta/models/gemini-2.5-flash:streamGenerateContent?alt=sse "HTTP/1.1 200 OK"
WARNING:root:[LiveCC] Degenerate output skipped: 'number 24 being met by a defender and still managing to put up a shot at the rim'
INFO:google_genai.models:AFC is enabled with max remote calls: 10.
INFO:httpx:HTTP Request: POST https://generativelanguage.googleapis.com/v1beta/models/gemini-2.5-flash:streamGenerateContent?alt=sse "HTTP/1.1 200 OK"
INFO:google_genai.models:AFC is enabled with max remote calls: 10.
INFO:httpx:HTTP Request: POST https://generativelanguage.googleapis.com/v1beta/models/gemini-2.5-flash:streamGenerateContent?alt=sse "HTTP/1.1 200 OK"
INFO:google_genai.models:AFC is enabled with max remote calls: 10.
INFO:httpx:HTTP Request: POST https://generativelanguage.googleapis.com/v1beta/models/gemini-2.5-flash:streamGenerateContent?alt=sse "HTTP/1.1 200 OK"
INFO:google_genai.models:AFC is enabled with max remote calls: 10.
INFO:httpx:HTTP Request: POST https://generativelanguage.googleapis.com/v1beta/models/gemini-2.5-flash:streamGenerateContent?alt=sse "HTTP/1.1 200 OK"
INFO:google_genai.models:AFC is enabled with max remote calls: 10.
INFO:httpx:HTTP Request: POST https://generativelanguage.googleapis.com/v1beta/models/gemini-2.5-flash:streamGenerateContent?alt=sse "HTTP/1.1 200 OK"
INFO:google_genai.models:AFC is enabled with max remote calls: 10.
INFO:httpx:HTTP Request: POST https://generativelanguage.googleapis.com/v1beta/models/gemini-2.5-flash:streamGenerateContent?alt=sse "HTTP/1.1 200 OK"
INFO:google_genai.models:AFC is enabled with max remote calls: 10.
INFO:httpx:HTTP Request: POST https://generativelanguage.googleapis.com/v1beta/models/gemini-2.5-flash:streamGenerateContent?alt=sse "HTTP/1.1 200 OK"
INFO:google_genai.models:AFC is enabled with max remote calls: 10.
INFO:httpx:HTTP Request: POST https://generativelanguage.googleapis.com/v1beta/models/gemini-2.5-flash:streamGenerateContent?alt=sse "HTTP/1.1 200 OK"
INFO:google_genai.models:AFC is enabled with max remote calls: 10.
INFO:httpx:HTTP Request: POST https://generativelanguage.googleapis.com/v1beta/models/gemini-2.5-flash:streamGenerateContent?alt=sse "HTTP/1.1 200 OK"
INFO:google_genai.models:AFC is enabled with max remote calls: 10.
INFO:httpx:HTTP Request: POST https://generativelanguage.googleapis.com/v1beta/models/gemini-2.5-flash:streamGenerateContent?alt=sse "HTTP/1.1 200 OK"
INFO:google_genai.models:AFC is enabled with max remote calls: 10.
INFO:httpx:HTTP Request: POST https://generativelanguage.googleapis.com/v1beta/models/gemini-2.5-flash:streamGenerateContent?alt=sse "HTTP/1.1 200 OK"
INFO:google_genai.models:AFC is enabled with max remote calls: 10.
INFO:httpx:HTTP Request: POST https://generativelanguage.googleapis.com/v1beta/models/gemini-2.5-flash:streamGenerateContent?alt=sse "HTTP/1.1 200 OK"
INFO:google_genai.models:AFC is enabled with max remote calls: 10.
INFO:httpx:HTTP Request: POST https://generativelanguage.googleapis.com/v1beta/models/gemini-2.5-flash:streamGenerateContent?alt=sse "HTTP/1.1 200 OK"
INFO:google_genai.models:AFC is enabled with max remote calls: 10.
INFO:httpx:HTTP Request: POST https://generativelanguage.googleapis.com/v1beta/models/gemini-2.5-flash:streamGenerateContent?alt=sse "HTTP/1.1 200 OK"
INFO:google_genai.models:AFC is enabled with max remote calls: 10.
INFO:httpx:HTTP Request: POST https://generativelanguage.googleapis.com/v1beta/models/gemini-2.5-flash:streamGenerateContent?alt=sse "HTTP/1.1 200 OK"
INFO:google_genai.models:AFC is enabled with max remote calls: 10.
INFO:root:[LiveCCWorker] Stop requested, breaking inference loop
INFO:root:[LiveCCWorker] LiveCC inference finished. Took 46.66 s
INFO:root:[LiveCCWorker] Cleared cached video readers after inference
INFO:root:[LiveCCWorker] Cleared cached video readers on stop request
INFO:httpx:HTTP Request: POST https://generativelanguage.googleapis.com/v1beta/models/gemini-2.5-flash:streamGenerateContent?alt=sse "HTTP/1.1 200 OK"
INFO:google_genai.models:AFC is enabled with max remote calls: 10.
INFO:httpx:HTTP Request: POST https://generativelanguage.googleapis.com/v1beta/models/gemini-2.5-flash:streamGenerateContent?alt=sse "HTTP/1.1 200 OK"
INFO:google_genai.models:AFC is enabled with max remote calls: 10.
INFO:httpx:HTTP Request: POST https://generativelanguage.googleapis.com/v1beta/models/gemini-2.5-flash:streamGenerateContent?alt=sse "HTTP/1.1 200 OK"
INFO:TTS.DryRun:============================================================
INFO:TTS.DryRun:[DRY-RUN] Mock TTS worker 啟動
INFO:TTS.DryRun:============================================================
INFO:TTS.DryRun:[DRY-RUN] Warmup 完成 (模擬)，開始監聽文字佇列
INFO:root:[GeminiBroadcaster] Gemini client initialized
INFO:root:[GeminiWorker] Ready
INFO:root:[LiveCCWorker] Start LiveCC inference on: /home/miislab-server5/Poyu/miis_broadcast_poyu/miis_broadcast/examples/basketball_1080p.mp4
INFO:root:[LiveCCWorker] Cleared cached video readers
INFO:TTS.DryRun:📥 [ENQUEUE P5] "Dallas will wear white jerseys tonight as they take ..."
INFO:TTS.DryRun:▶ [SPEAK START] [10w ~2.5s] "Dallas will wear white jerseys tonight as they take ..."
INFO:google_genai.models:AFC is enabled with max remote calls: 10.
INFO:httpx:HTTP Request: POST https://generativelanguage.googleapis.com/v1beta/models/gemini-2.5-flash:streamGenerateContent?alt=sse "HTTP/1.1 200 OK"
INFO:TTS.DryRun:✓ [SPEAK DONE 2.5s] "Dallas will wear white jerseys tonight as they take ..."
INFO:TTS.DryRun:📥 [ENQUEUE P5] "it to the basket and gets ..."
INFO:TTS.DryRun:▶ [SPEAK START] [7w ~1.8s] "it to the basket and gets ..."
INFO:google_genai.models:AFC is enabled with max remote calls: 10.
INFO:httpx:HTTP Request: POST https://generativelanguage.googleapis.com/v1beta/models/gemini-2.5-flash:streamGenerateContent?alt=sse "HTTP/1.1 200 OK"
INFO:TTS.DryRun:⚡ [INTERRUPT Path-1] interrupt_tts() called → _interrupt_event set
INFO:TTS.DryRun:📥 [ENQUEUE P1] "Oh!— He drives hard to the basket and gets the easy two!"
INFO:TTS.DryRun:⚡ [SPEAK INTERRUPTED 0.95s/1.8s (54%)] by Path-1 (priority signal / manual)
INFO:TTS.DryRun:   └─ was: "it to the basket and gets ..."
INFO:TTS.DryRun:▶ [SPEAK START] [12w ~3.0s] "Oh!— He drives hard to the basket and gets the easy two!"
INFO:TTS.DryRun:📥 [ENQUEUE P1] "He drives hard to the basket and gets the easy two!"
INFO:TTS.DryRun:⚡ [SPEAK INTERRUPTED 0.05s/3.0s (1%)] by Path-2 (new text in queue)
INFO:TTS.DryRun:   └─ was: "Oh!— He drives hard to the basket and gets the easy two!"
INFO:TTS.DryRun:▶ [SPEAK START] [11w ~2.8s] "He drives hard to the basket and gets the easy two!"
INFO:TTS.DryRun:📥 [ENQUEUE P5] "the roll off of a nice feed ..."
INFO:google_genai.models:AFC is enabled with max remote calls: 10.
INFO:TTS.DryRun:⚡ [SPEAK INTERRUPTED 1.15s/2.8s (41%)] by Path-2 (new text in queue)
INFO:TTS.DryRun:   └─ was: "He drives hard to the basket and gets the easy two!"
INFO:TTS.DryRun:▶ [SPEAK START] [8w ~2.0s] "the roll off of a nice feed ..."
INFO:httpx:HTTP Request: POST https://generativelanguage.googleapis.com/v1beta/models/gemini-2.5-flash:streamGenerateContent?alt=sse "HTTP/1.1 200 OK"
INFO:TTS.DryRun:📥 [ENQUEUE P3] "A nice feed and the roll off the screen!"
INFO:TTS.DryRun:📥 [ENQUEUE P3] "A nice feed and the roll off the screen!"
INFO:TTS.DryRun:⚡ [SPEAK INTERRUPTED 0.90s/2.0s (45%)] by Path-2 (new text in queue)
INFO:TTS.DryRun:   └─ was: "the roll off of a nice feed ..."
INFO:TTS.DryRun:▶ [SPEAK START] [9w ~2.2s] "A nice feed and the roll off the screen!"
INFO:TTS.DryRun:📥 [ENQUEUE P5] "from Luka Doncic. ..."
INFO:TTS.DryRun:⚡ [SPEAK INTERRUPTED 1.25s/2.2s (55%)] by Path-2 (new text in queue)
INFO:TTS.DryRun:   └─ was: "A nice feed and the roll off the screen!"
INFO:TTS.DryRun:▶ [SPEAK START] [4w ~1.0s] "from Luka Doncic. ..."
INFO:google_genai.models:AFC is enabled with max remote calls: 10.
INFO:httpx:HTTP Request: POST https://generativelanguage.googleapis.com/v1beta/models/gemini-2.5-flash:streamGenerateContent?alt=sse "HTTP/1.1 200 OK"
INFO:TTS.DryRun:✓ [SPEAK DONE 1.0s] "from Luka Doncic. ..."
INFO:TTS.DryRun:📥 [ENQUEUE P5] "Aldridge takes his time ..."
INFO:TTS.DryRun:▶ [SPEAK START] [5w ~1.2s] "Aldridge takes his time ..."
INFO:google_genai.models:AFC is enabled with max remote calls: 10.
INFO:httpx:HTTP Request: POST https://generativelanguage.googleapis.com/v1beta/models/gemini-2.5-flash:streamGenerateContent?alt=sse "HTTP/1.1 200 OK"
INFO:TTS.DryRun:✓ [SPEAK DONE 1.2s] "Aldridge takes his time ..."
INFO:TTS.DryRun:📥 [ENQUEUE P5] "I think there's some frustration in that game for him. And I…"
INFO:TTS.DryRun:▶ [SPEAK START] [109w ~27.2s] "I think there's some frustration in that game for him. And I don't kno…"
INFO:google_genai.models:AFC is enabled with max remote calls: 10.
INFO:httpx:HTTP Request: POST https://generativelanguage.googleapis.com/v1beta/models/gemini-2.5-flash:streamGenerateContent?alt=sse "HTTP/1.1 200 OK"
INFO:TTS.DryRun:📥 [ENQUEUE P5] "last night. You've seen what DeMar could do in those situati…"
INFO:google_genai.models:AFC is enabled with max remote calls: 10.
INFO:TTS.DryRun:⚡ [SPEAK INTERRUPTED 4.35s/27.2s (15%)] by Path-2 (new text in queue)
INFO:TTS.DryRun:   └─ was: "I think there's some frustration in that game for him. And I don't kno…"
INFO:TTS.DryRun:▶ [SPEAK START] [101w ~25.2s] "last night. You've seen what DeMar could do in those situations where …"
INFO:httpx:HTTP Request: POST https://generativelanguage.googleapis.com/v1beta/models/gemini-2.5-flash:streamGenerateContent?alt=sse "HTTP/1.1 200 OK"
INFO:TTS.DryRun:⚡ [INTERRUPT Path-1] interrupt_tts() called → _interrupt_event set
INFO:TTS.DryRun:📥 [ENQUEUE P1] "Oh!— Luka with the steal and the fast break leads to a big d…"
INFO:TTS.DryRun:⚡ [SPEAK INTERRUPTED 0.75s/25.2s (2%)] by Path-1 (priority signal / manual)
INFO:TTS.DryRun:   └─ was: "last night. You've seen what DeMar could do in those situations where …"
INFO:TTS.DryRun:▶ [SPEAK START] [14w ~3.5s] "Oh!— Luka with the steal and the fast break leads to a big dunk!"
INFO:TTS.DryRun:📥 [ENQUEUE P1] "Luka with the steal and the fast break leads to a big dunk!"
INFO:TTS.DryRun:⚡ [SPEAK INTERRUPTED 0.05s/3.5s (1%)] by Path-2 (new text in queue)
INFO:TTS.DryRun:   └─ was: "Oh!— Luka with the steal and the fast break leads to a big dunk!"
INFO:TTS.DryRun:▶ [SPEAK START] [13w ~3.2s] "Luka with the steal and the fast break leads to a big dunk!"
INFO:TTS.DryRun:📥 [ENQUEUE P5] "in transition, getting to the free throw line. It looks easy…"
INFO:google_genai.models:AFC is enabled with max remote calls: 10.
INFO:TTS.DryRun:⚡ [SPEAK INTERRUPTED 0.10s/3.2s (3%)] by Path-2 (new text in queue)
INFO:TTS.DryRun:   └─ was: "Luka with the steal and the fast break leads to a big dunk!"
INFO:TTS.DryRun:▶ [SPEAK START] [12w ~3.0s] "in transition, getting to the free throw line. It looks easy. ..."
INFO:httpx:HTTP Request: POST https://generativelanguage.googleapis.com/v1beta/models/gemini-2.5-flash:streamGenerateContent?alt=sse "HTTP/1.1 200 OK"
INFO:TTS.DryRun:📥 [ENQUEUE P2] "Easy transition play, heading to the free throw line!"
INFO:TTS.DryRun:⚡ [SPEAK INTERRUPTED 0.90s/3.0s (30%)] by Path-2 (new text in queue)
INFO:TTS.DryRun:📥 [ENQUEUE P2] "Easy transition play, heading to the free throw line!"
INFO:TTS.DryRun:   └─ was: "in transition, getting to the free throw line. It looks easy. ..."
INFO:TTS.DryRun:▶ [SPEAK START] [9w ~2.2s] "Easy transition play, heading to the free throw line!"
INFO:TTS.DryRun:📥 [ENQUEUE P5] "It doesn't always go quite ..."
INFO:google_genai.models:AFC is enabled with max remote calls: 10.
INFO:TTS.DryRun:⚡ [SPEAK INTERRUPTED 0.30s/2.2s (13%)] by Path-2 (new text in queue)
INFO:TTS.DryRun:   └─ was: "Easy transition play, heading to the free throw line!"
INFO:TTS.DryRun:▶ [SPEAK START] [6w ~1.5s] "It doesn't always go quite ..."
INFO:httpx:HTTP Request: POST https://generativelanguage.googleapis.com/v1beta/models/gemini-2.5-flash:streamGenerateContent?alt=sse "HTTP/1.1 200 OK"
INFO:TTS.DryRun:📥 [ENQUEUE P5] "that way. Nice pass, though, from ..."
INFO:google_genai.models:AFC is enabled with max remote calls: 10.
INFO:TTS.DryRun:⚡ [SPEAK INTERRUPTED 0.95s/1.5s (63%)] by Path-2 (new text in queue)
INFO:TTS.DryRun:   └─ was: "It doesn't always go quite ..."
INFO:TTS.DryRun:▶ [SPEAK START] [7w ~1.8s] "that way. Nice pass, though, from ..."
INFO:httpx:HTTP Request: POST https://generativelanguage.googleapis.com/v1beta/models/gemini-2.5-flash:streamGenerateContent?alt=sse "HTTP/1.1 200 OK"
INFO:TTS.DryRun:📥 [ENQUEUE P5] "DeRozan. There's that guy who gets two ..."
INFO:google_genai.models:AFC is enabled with max remote calls: 10.
INFO:TTS.DryRun:⚡ [SPEAK INTERRUPTED 1.00s/1.8s (57%)] by Path-2 (new text in queue)
INFO:TTS.DryRun:   └─ was: "that way. Nice pass, though, from ..."
INFO:TTS.DryRun:▶ [SPEAK START] [8w ~2.0s] "DeRozan. There's that guy who gets two ..."
INFO:httpx:HTTP Request: POST https://generativelanguage.googleapis.com/v1beta/models/gemini-2.5-flash:streamGenerateContent?alt=sse "HTTP/1.1 200 OK"
INFO:TTS.DryRun:📥 [ENQUEUE P5] "fouls and it's on Jalen Brunson. ..."
INFO:TTS.DryRun:⚡ [SPEAK INTERRUPTED 0.85s/2.0s (42%)] by Path-2 (new text in queue)
INFO:TTS.DryRun:   └─ was: "DeRozan. There's that guy who gets two ..."
INFO:TTS.DryRun:▶ [SPEAK START] [7w ~1.8s] "fouls and it's on Jalen Brunson. ..."
INFO:google_genai.models:AFC is enabled with max remote calls: 10.
INFO:TTS.DryRun:📥 [ENQUEUE P5] "DeRozan again, the lob to ..."
INFO:TTS.DryRun:⚡ [SPEAK INTERRUPTED 0.45s/1.8s (25%)] by Path-2 (new text in queue)
INFO:TTS.DryRun:   └─ was: "fouls and it's on Jalen Brunson. ..."
INFO:TTS.DryRun:▶ [SPEAK START] [6w ~1.5s] "DeRozan again, the lob to ..."
INFO:httpx:HTTP Request: POST https://generativelanguage.googleapis.com/v1beta/models/gemini-2.5-flash:streamGenerateContent?alt=sse "HTTP/1.1 200 OK"
INFO:google_genai.models:AFC is enabled with max remote calls: 10.
INFO:httpx:HTTP Request: POST https://generativelanguage.googleapis.com/v1beta/models/gemini-2.5-flash:streamGenerateContent?alt=sse "HTTP/1.1 200 OK"
INFO:TTS.DryRun:⚡ [INTERRUPT Path-1] interrupt_tts() called → _interrupt_event set
INFO:TTS.DryRun:📥 [ENQUEUE P1] "Oh!— DeRozan with the lob, and it's slammed home!"
INFO:TTS.DryRun:📥 [ENQUEUE P1] "DeRozan with the lob, and it's slammed home!"
INFO:TTS.DryRun:⚡ [SPEAK INTERRUPTED 1.45s/1.5s (96%)] by Path-1 (priority signal / manual)
INFO:TTS.DryRun:   └─ was: "DeRozan again, the lob to ..."
INFO:TTS.DryRun:▶ [SPEAK START] [8w ~2.0s] "DeRozan with the lob, and it's slammed home!"
INFO:TTS.DryRun:📥 [ENQUEUE P5] "Powell. Now he'll try for three! ..."
INFO:google_genai.models:AFC is enabled with max remote calls: 10.
INFO:TTS.DryRun:⚡ [SPEAK INTERRUPTED 0.35s/2.0s (17%)] by Path-2 (new text in queue)
INFO:TTS.DryRun:   └─ was: "DeRozan with the lob, and it's slammed home!"
INFO:TTS.DryRun:▶ [SPEAK START] [7w ~1.8s] "Powell. Now he'll try for three! ..."
INFO:httpx:HTTP Request: POST https://generativelanguage.googleapis.com/v1beta/models/gemini-2.5-flash:streamGenerateContent?alt=sse "HTTP/1.1 200 OK"
INFO:TTS.DryRun:📥 [ENQUEUE P2] "Powell launches a three-pointer!"
INFO:TTS.DryRun:⚡ [SPEAK INTERRUPTED 0.90s/1.8s (51%)] by Path-2 (new text in queue)
INFO:TTS.DryRun:   └─ was: "Powell. Now he'll try for three! ..."
INFO:TTS.DryRun:▶ [SPEAK START] [4w ~1.0s] "Powell launches a three-pointer!"
INFO:TTS.DryRun:📥 [ENQUEUE P2] "Powell launches a three-pointer!"
INFO:TTS.DryRun:⚡ [SPEAK INTERRUPTED 0.05s/1.0s (5%)] by Path-2 (new text in queue)
INFO:TTS.DryRun:   └─ was: "Powell launches a three-pointer!"
INFO:TTS.DryRun:▶ [SPEAK START] [4w ~1.0s] "Powell launches a three-pointer!"
INFO:TTS.DryRun:📥 [ENQUEUE P5] "Oh, how about this? ..."
INFO:google_genai.models:AFC is enabled with max remote calls: 10.
INFO:TTS.DryRun:⚡ [SPEAK INTERRUPTED 0.95s/1.0s (95%)] by Path-2 (new text in queue)
INFO:TTS.DryRun:   └─ was: "Powell launches a three-pointer!"
INFO:TTS.DryRun:▶ [SPEAK START] [5w ~1.2s] "Oh, how about this? ..."
INFO:httpx:HTTP Request: POST https://generativelanguage.googleapis.com/v1beta/models/gemini-2.5-flash:streamGenerateContent?alt=sse "HTTP/1.1 200 OK"
INFO:TTS.DryRun:✓ [SPEAK DONE 1.2s] "Oh, how about this? ..."
INFO:TTS.DryRun:📥 [ENQUEUE P5] "A little bit of everything there by ..."
INFO:TTS.DryRun:▶ [SPEAK START] [8w ~2.0s] "A little bit of everything there by ..."
INFO:google_genai.models:AFC is enabled with max remote calls: 10.
INFO:httpx:HTTP Request: POST https://generativelanguage.googleapis.com/v1beta/models/gemini-2.5-flash:streamGenerateContent?alt=sse "HTTP/1.1 200 OK"
INFO:TTS.DryRun:✓ [SPEAK DONE 2.0s] "A little bit of everything there by ..."
INFO:TTS.DryRun:📥 [ENQUEUE P5] "Luka Doncic as well. I'm going ..."
INFO:TTS.DryRun:▶ [SPEAK START] [7w ~1.8s] "Luka Doncic as well. I'm going ..."
INFO:google_genai.models:AFC is enabled with max remote calls: 10.
INFO:httpx:HTTP Request: POST https://generativelanguage.googleapis.com/v1beta/models/gemini-2.5-flash:streamGenerateContent?alt=sse "HTTP/1.1 200 OK"
INFO:TTS.DryRun:📥 [ENQUEUE P5] "Luka to lead it all with 17 points in the first quarter and …"
INFO:google_genai.models:AFC is enabled with max remote calls: 10.
INFO:TTS.DryRun:⚡ [SPEAK INTERRUPTED 1.45s/1.8s (82%)] by Path-2 (new text in queue)
INFO:TTS.DryRun:   └─ was: "Luka Doncic as well. I'm going ..."
INFO:TTS.DryRun:▶ [SPEAK START] [15w ~3.8s] "Luka to lead it all with 17 points in the first quarter and Dallas ..."
INFO:httpx:HTTP Request: POST https://generativelanguage.googleapis.com/v1beta/models/gemini-2.5-flash:streamGenerateContent?alt=sse "HTTP/1.1 200 OK"
INFO:TTS.DryRun:📥 [ENQUEUE P5] "tonight from three-point range. You can get some free gifts …"
INFO:google_genai.models:AFC is enabled with max remote calls: 10.
INFO:TTS.DryRun:⚡ [SPEAK INTERRUPTED 2.35s/3.8s (62%)] by Path-2 (new text in queue)
INFO:TTS.DryRun:   └─ was: "Luka to lead it all with 17 points in the first quarter and Dallas ..."
INFO:TTS.DryRun:▶ [SPEAK START] [17w ~4.2s] "tonight from three-point range. You can get some free gifts on the Jac…"
INFO:httpx:HTTP Request: POST https://generativelanguage.googleapis.com/v1beta/models/gemini-2.5-flash:streamGenerateContent?alt=sse "HTTP/1.1 200 OK"
INFO:TTS.DryRun:📥 [ENQUEUE P5] "24th through Christmas Day. So you'll have plenty ..."
INFO:google_genai.models:AFC is enabled with max remote calls: 10.
INFO:TTS.DryRun:⚡ [SPEAK INTERRUPTED 1.70s/4.2s (40%)] by Path-2 (new text in queue)
INFO:TTS.DryRun:   └─ was: "tonight from three-point range. You can get some free gifts on the Jac…"
INFO:TTS.DryRun:▶ [SPEAK START] [9w ~2.2s] "24th through Christmas Day. So you'll have plenty ..."
INFO:httpx:HTTP Request: POST https://generativelanguage.googleapis.com/v1beta/models/gemini-2.5-flash:streamGenerateContent?alt=sse "HTTP/1.1 200 OK"
INFO:TTS.DryRun:✓ [SPEAK DONE 2.2s] "24th through Christmas Day. So you'll have plenty ..."
INFO:TTS.DryRun:📥 [ENQUEUE P5] "of opportunities if you're looking for something good to put…"
INFO:TTS.DryRun:▶ [SPEAK START] [14w ~3.5s] "of opportunities if you're looking for something good to put under you…"
INFO:google_genai.models:AFC is enabled with max remote calls: 10.
INFO:httpx:HTTP Request: POST https://generativelanguage.googleapis.com/v1beta/models/gemini-2.5-flash:streamGenerateContent?alt=sse "HTTP/1.1 200 OK"
INFO:TTS.DryRun:📥 [ENQUEUE P5] "The Nets also ..."
INFO:google_genai.models:AFC is enabled with max remote calls: 10.
INFO:TTS.DryRun:⚡ [SPEAK INTERRUPTED 1.45s/3.5s (41%)] by Path-2 (new text in queue)
INFO:TTS.DryRun:   └─ was: "of opportunities if you're looking for something good to put under you…"
INFO:TTS.DryRun:▶ [SPEAK START] [4w ~1.0s] "The Nets also ..."
INFO:httpx:HTTP Request: POST https://generativelanguage.googleapis.com/v1beta/models/gemini-2.5-flash:streamGenerateContent?alt=sse "HTTP/1.1 200 OK"
INFO:TTS.DryRun:✓ [SPEAK DONE 1.0s] "The Nets also ..."
INFO:TTS.DryRun:📥 [ENQUEUE P5] "playing without Kyrie Irving tonight due to injury, ..."
INFO:TTS.DryRun:▶ [SPEAK START] [9w ~2.2s] "playing without Kyrie Irving tonight due to injury, ..."
INFO:google_genai.models:AFC is enabled with max remote calls: 10.
INFO:httpx:HTTP Request: POST https://generativelanguage.googleapis.com/v1beta/models/gemini-2.5-flash:streamGenerateContent?alt=sse "HTTP/1.1 200 OK"
INFO:TTS.DryRun:✓ [SPEAK DONE 2.2s] "playing without Kyrie Irving tonight due to injury, ..."
INFO:TTS.DryRun:📥 [ENQUEUE P5] "and the other big name is James Harden who's with the Brookl…"
INFO:TTS.DryRun:▶ [SPEAK START] [96w ~24.0s] "and the other big name is James Harden who's with the Brooklyn Nets ri…"
INFO:google_genai.models:AFC is enabled with max remote calls: 10.
INFO:httpx:HTTP Request: POST https://generativelanguage.googleapis.com/v1beta/models/gemini-2.5-flash:streamGenerateContent?alt=sse "HTTP/1.1 200 OK"
INFO:TTS.DryRun:📥 [ENQUEUE P5] "The Mavs come back the other way. Doncic, ..."
INFO:google_genai.models:AFC is enabled with max remote calls: 10.
INFO:TTS.DryRun:⚡ [SPEAK INTERRUPTED 0.95s/24.0s (3%)] by Path-2 (new text in queue)
INFO:TTS.DryRun:   └─ was: "and the other big name is James Harden who's with the Brooklyn Nets ri…"
INFO:TTS.DryRun:▶ [SPEAK START] [9w ~2.2s] "The Mavs come back the other way. Doncic, ..."
INFO:TTS.DryRun:📥 [ENQUEUE P5] "good ball movement. ..."
INFO:TTS.DryRun:⚡ [SPEAK INTERRUPTED 0.40s/2.2s (17%)] by Path-2 (new text in queue)
INFO:TTS.DryRun:   └─ was: "The Mavs come back the other way. Doncic, ..."
INFO:TTS.DryRun:▶ [SPEAK START] [4w ~1.0s] "good ball movement. ..."
INFO:httpx:HTTP Request: POST https://generativelanguage.googleapis.com/v1beta/models/gemini-2.5-flash:streamGenerateContent?alt=sse "HTTP/1.1 200 OK"
INFO:google_genai.models:AFC is enabled with max remote calls: 10.
INFO:TTS.DryRun:📥 [ENQUEUE P3] "Doncic bringing the ball up the court for the Mavericks."
INFO:TTS.DryRun:⚡ [SPEAK INTERRUPTED 0.30s/1.0s (30%)] by Path-2 (new text in queue)
INFO:TTS.DryRun:   └─ was: "good ball movement. ..."
INFO:TTS.DryRun:▶ [SPEAK START] [10w ~2.5s] "Doncic bringing the ball up the court for the Mavericks."
INFO:TTS.DryRun:📥 [ENQUEUE P3] "Doncic bringing the ball up the court for the Mavericks."
INFO:TTS.DryRun:⚡ [SPEAK INTERRUPTED 0.05s/2.5s (2%)] by Path-2 (new text in queue)
INFO:TTS.DryRun:   └─ was: "Doncic bringing the ball up the court for the Mavericks."
INFO:TTS.DryRun:▶ [SPEAK START] [10w ~2.5s] "Doncic bringing the ball up the court for the Mavericks."
INFO:httpx:HTTP Request: POST https://generativelanguage.googleapis.com/v1beta/models/gemini-2.5-flash:streamGenerateContent?alt=sse "HTTP/1.1 200 OK"
INFO:TTS.DryRun:📥 [ENQUEUE P5] "Luka trying to get it out front, ..."
INFO:google_genai.models:AFC is enabled with max remote calls: 10.
INFO:TTS.DryRun:⚡ [SPEAK INTERRUPTED 1.20s/2.5s (48%)] by Path-2 (new text in queue)
INFO:TTS.DryRun:   └─ was: "Doncic bringing the ball up the court for the Mavericks."
INFO:TTS.DryRun:▶ [SPEAK START] [8w ~2.0s] "Luka trying to get it out front, ..."
INFO:httpx:HTTP Request: POST https://generativelanguage.googleapis.com/v1beta/models/gemini-2.5-flash:streamGenerateContent?alt=sse "HTTP/1.1 200 OK"
INFO:TTS.DryRun:✓ [SPEAK DONE 2.0s] "Luka trying to get it out front, ..."
INFO:TTS.DryRun:📥 [ENQUEUE P5] "but it's stolen by Tatum. He's going to run ..."
INFO:TTS.DryRun:▶ [SPEAK START] [10w ~2.5s] "but it's stolen by Tatum. He's going to run ..."
INFO:google_genai.models:AFC is enabled with max remote calls: 10.
INFO:httpx:HTTP Request: POST https://generativelanguage.googleapis.com/v1beta/models/gemini-2.5-flash:streamGenerateContent?alt=sse "HTTP/1.1 200 OK"
INFO:TTS.DryRun:⚡ [INTERRUPT Path-1] interrupt_tts() called → _interrupt_event set
INFO:TTS.DryRun:📥 [ENQUEUE P2] "And— Tatum with the steal, he's off to the races!"
INFO:TTS.DryRun:⚡ [SPEAK INTERRUPTED 0.85s/2.5s (34%)] by Path-1 (priority signal / manual)
INFO:TTS.DryRun:   └─ was: "but it's stolen by Tatum. He's going to run ..."
INFO:TTS.DryRun:▶ [SPEAK START] [10w ~2.5s] "And— Tatum with the steal, he's off to the races!"
INFO:TTS.DryRun:📥 [ENQUEUE P2] "Tatum with the steal, he's off to the races!"
INFO:TTS.DryRun:⚡ [SPEAK INTERRUPTED 0.10s/2.5s (4%)] by Path-2 (new text in queue)
INFO:TTS.DryRun:   └─ was: "And— Tatum with the steal, he's off to the races!"
INFO:TTS.DryRun:▶ [SPEAK START] [9w ~2.2s] "Tatum with the steal, he's off to the races!"
INFO:TTS.DryRun:📥 [ENQUEUE P5] "the other way. Nice job there ..."
INFO:google_genai.models:AFC is enabled with max remote calls: 10.
INFO:TTS.DryRun:⚡ [SPEAK INTERRUPTED 0.75s/2.2s (33%)] by Path-2 (new text in queue)
INFO:TTS.DryRun:   └─ was: "Tatum with the steal, he's off to the races!"
INFO:TTS.DryRun:▶ [SPEAK START] [7w ~1.8s] "the other way. Nice job there ..."
INFO:httpx:HTTP Request: POST https://generativelanguage.googleapis.com/v1beta/models/gemini-2.5-flash:streamGenerateContent?alt=sse "HTTP/1.1 200 OK"
INFO:TTS.DryRun:📥 [ENQUEUE P5] "by Jayson Tatum, and he'll take him all the ..."
INFO:google_genai.models:AFC is enabled with max remote calls: 10.
INFO:TTS.DryRun:⚡ [SPEAK INTERRUPTED 1.70s/1.8s (97%)] by Path-2 (new text in queue)
INFO:TTS.DryRun:   └─ was: "the other way. Nice job there ..."
INFO:TTS.DryRun:▶ [SPEAK START] [10w ~2.5s] "by Jayson Tatum, and he'll take him all the ..."
INFO:httpx:HTTP Request: POST https://generativelanguage.googleapis.com/v1beta/models/gemini-2.5-flash:streamGenerateContent?alt=sse "HTTP/1.1 200 OK"
INFO:TTS.DryRun:📥 [ENQUEUE P3] "Tatum drives hard to the basket, looking to create space."
INFO:TTS.DryRun:⚡ [SPEAK INTERRUPTED 0.90s/2.5s (36%)] by Path-2 (new text in queue)
INFO:TTS.DryRun:   └─ was: "by Jayson Tatum, and he'll take him all the ..."
INFO:TTS.DryRun:▶ [SPEAK START] [10w ~2.5s] "Tatum drives hard to the basket, looking to create space."
INFO:TTS.DryRun:📥 [ENQUEUE P3] "Tatum drives hard to the basket, looking to create space."
INFO:TTS.DryRun:⚡ [SPEAK INTERRUPTED 0.05s/2.5s (2%)] by Path-2 (new text in queue)
INFO:TTS.DryRun:   └─ was: "Tatum drives hard to the basket, looking to create space."
INFO:TTS.DryRun:▶ [SPEAK START] [10w ~2.5s] "Tatum drives hard to the basket, looking to create space."
INFO:TTS.DryRun:📥 [ENQUEUE P5] "way, right? And that is ..."
INFO:google_genai.models:AFC is enabled with max remote calls: 10.
INFO:TTS.DryRun:⚡ [SPEAK INTERRUPTED 1.00s/2.5s (40%)] by Path-2 (new text in queue)
INFO:TTS.DryRun:   └─ was: "Tatum drives hard to the basket, looking to create space."
INFO:TTS.DryRun:▶ [SPEAK START] [6w ~1.5s] "way, right? And that is ..."
INFO:httpx:HTTP Request: POST https://generativelanguage.googleapis.com/v1beta/models/gemini-2.5-flash:streamGenerateContent?alt=sse "HTTP/1.1 200 OK"
INFO:TTS.DryRun:✓ [SPEAK DONE 1.5s] "way, right? And that is ..."
INFO:TTS.DryRun:📥 [ENQUEUE P5] "what you need from your big men in ..."
INFO:TTS.DryRun:▶ [SPEAK START] [9w ~2.2s] "what you need from your big men in ..."
INFO:google_genai.models:AFC is enabled with max remote calls: 10.
INFO:httpx:HTTP Request: POST https://generativelanguage.googleapis.com/v1beta/models/gemini-2.5-flash:streamGenerateContent?alt=sse "HTTP/1.1 200 OK"
INFO:TTS.DryRun:📥 [ENQUEUE P5] "transition. They've got an opportunity here with ..."
INFO:google_genai.models:AFC is enabled with max remote calls: 10.
INFO:TTS.DryRun:⚡ [SPEAK INTERRUPTED 2.20s/2.2s (97%)] by Path-2 (new text in queue)
INFO:TTS.DryRun:   └─ was: "what you need from your big men in ..."
INFO:TTS.DryRun:▶ [SPEAK START] [8w ~2.0s] "transition. They've got an opportunity here with ..."
INFO:httpx:HTTP Request: POST https://generativelanguage.googleapis.com/v1beta/models/gemini-2.5-flash:streamGenerateContent?alt=sse "HTTP/1.1 200 OK"
INFO:TTS.DryRun:📥 [ENQUEUE P3] "They're pushing the pace, looking for an opening on this tra…"
INFO:TTS.DryRun:📥 [ENQUEUE P3] "They're pushing the pace, looking for an opening on this tra…"
INFO:TTS.DryRun:⚡ [SPEAK INTERRUPTED 0.90s/2.0s (45%)] by Path-2 (new text in queue)
INFO:TTS.DryRun:   └─ was: "transition. They've got an opportunity here with ..."
INFO:TTS.DryRun:▶ [SPEAK START] [11w ~2.8s] "They're pushing the pace, looking for an opening on this transition."
INFO:TTS.DryRun:📥 [ENQUEUE P5] "two possessions in a row on ..."
INFO:google_genai.models:AFC is enabled with max remote calls: 10.
INFO:TTS.DryRun:⚡ [SPEAK INTERRUPTED 1.10s/2.8s (40%)] by Path-2 (new text in queue)
INFO:TTS.DryRun:   └─ was: "They're pushing the pace, looking for an opening on this transition."
INFO:TTS.DryRun:▶ [SPEAK START] [7w ~1.8s] "two possessions in a row on ..."
INFO:httpx:HTTP Request: POST https://generativelanguage.googleapis.com/v1beta/models/gemini-2.5-flash:streamGenerateContent?alt=sse "HTTP/1.1 200 OK"
INFO:TTS.DryRun:✓ [SPEAK DONE 1.8s] "two possessions in a row on ..."
INFO:TTS.DryRun:📥 [ENQUEUE P5] "the Mavs after they just ..."
INFO:TTS.DryRun:▶ [SPEAK START] [6w ~1.5s] "the Mavs after they just ..."
INFO:google_genai.models:AFC is enabled with max remote calls: 10.
INFO:httpx:HTTP Request: POST https://generativelanguage.googleapis.com/v1beta/models/gemini-2.5-flash:streamGenerateContent?alt=sse "HTTP/1.1 200 OK"
INFO:TTS.DryRun:✓ [SPEAK DONE 1.5s] "the Mavs after they just ..."
INFO:TTS.DryRun:📥 [ENQUEUE P5] "top of their game and ... Time=5 right now, but it's good to…"
INFO:TTS.DryRun:▶ [SPEAK START] [109w ~27.2s] "top of their game and ... Time=5 right now, but it's good to see them …"
INFO:google_genai.models:AFC is enabled with max remote calls: 10.
INFO:httpx:HTTP Request: POST https://generativelanguage.googleapis.com/v1beta/models/gemini-2.5-flash:streamGenerateContent?alt=sse "HTTP/1.1 200 OK"
INFO:TTS.DryRun:📥 [ENQUEUE P5] "13 minutes. That's great. You know, if ..."
INFO:google_genai.models:AFC is enabled with max remote calls: 10.
INFO:TTS.DryRun:⚡ [SPEAK INTERRUPTED 1.10s/27.2s (4%)] by Path-2 (new text in queue)
INFO:TTS.DryRun:   └─ was: "top of their game and ... Time=5 right now, but it's good to see them …"
INFO:TTS.DryRun:▶ [SPEAK START] [8w ~2.0s] "13 minutes. That's great. You know, if ..."
INFO:TTS.DryRun:📥 [ENQUEUE P5] "you could shoot 9 of 11 from three-point range ..."
INFO:TTS.DryRun:⚡ [SPEAK INTERRUPTED 0.75s/2.0s (37%)] by Path-2 (new text in queue)
INFO:TTS.DryRun:   └─ was: "13 minutes. That's great. You know, if ..."
INFO:TTS.DryRun:▶ [SPEAK START] [10w ~2.5s] "you could shoot 9 of 11 from three-point range ..."
INFO:httpx:HTTP Request: POST https://generativelanguage.googleapis.com/v1beta/models/gemini-2.5-flash:streamGenerateContent?alt=sse "HTTP/1.1 200 OK"
INFO:google_genai.models:AFC is enabled with max remote calls: 10.
INFO:TTS.DryRun:📥 [ENQUEUE P5] "in any given quarter, ..."
INFO:TTS.DryRun:⚡ [SPEAK INTERRUPTED 1.00s/2.5s (40%)] by Path-2 (new text in queue)
INFO:TTS.DryRun:   └─ was: "you could shoot 9 of 11 from three-point range ..."
INFO:TTS.DryRun:▶ [SPEAK START] [5w ~1.2s] "in any given quarter, ..."
INFO:httpx:HTTP Request: POST https://generativelanguage.googleapis.com/v1beta/models/gemini-2.5-flash:streamGenerateContent?alt=sse "HTTP/1.1 200 OK"
INFO:google_genai.models:AFC is enabled with max remote calls: 10.
INFO:httpx:HTTP Request: POST https://generativelanguage.googleapis.com/v1beta/models/gemini-2.5-flash:streamGenerateContent?alt=sse "HTTP/1.1 200 OK"
INFO:TTS.DryRun:✓ [SPEAK DONE 1.2s] "in any given quarter, ..."
INFO:TTS.DryRun:📥 [ENQUEUE P5] "I'd say that was pretty good ..."
INFO:TTS.DryRun:▶ [SPEAK START] [7w ~1.8s] "I'd say that was pretty good ..."
INFO:google_genai.models:AFC is enabled with max remote calls: 10.
INFO:httpx:HTTP Request: POST https://generativelanguage.googleapis.com/v1beta/models/gemini-2.5-flash:streamGenerateContent?alt=sse "HTTP/1.1 200 OK"
INFO:root:[LiveCCWorker] Cleared cached video readers on stop request
INFO:TTS.DryRun:⚡ [INTERRUPT Path-1] interrupt_tts() called → _interrupt_event set
INFO:TTS.DryRun:⚡ [SPEAK INTERRUPTED 1.45s/1.8s (82%)] by Path-1 (priority signal / manual)
INFO:TTS.DryRun:   └─ was: "I'd say that was pretty good ..."
INFO:TTS.DryRun:📥 [ENQUEUE P5] "there by the Mavericks. ..."
INFO:TTS.DryRun:▶ [SPEAK START] [5w ~1.2s] "there by the Mavericks. ..."
INFO:google_genai.models:AFC is enabled with max remote calls: 10.
INFO:root:[LiveCCWorker] Stop requested, breaking inference loop
INFO:root:[LiveCCWorker] LiveCC inference finished. Took 81.02 s
INFO:root:[LiveCCWorker] Cleared cached video readers after inference
INFO:httpx:HTTP Request: POST https://generativelanguage.googleapis.com/v1beta/models/gemini-2.5-flash:streamGenerateContent?alt=sse "HTTP/1.1 200 OK"
INFO:TTS.DryRun:✓ [SPEAK DONE 1.2s] "there by the Mavericks. ..."
INFO:TTS.DryRun:============================================================
INFO:TTS.DryRun:[DRY-RUN] Mock TTS worker 啟動
INFO:TTS.DryRun:============================================================
INFO:TTS.DryRun:[DRY-RUN] Warmup 完成 (模擬)，開始監聽文字佇列
INFO:root:[GeminiBroadcaster] Gemini client initialized
INFO:root:[GeminiWorker] Ready
INFO:root:[LiveCCWorker] Start LiveCC inference on: /home/miislab-server5/Poyu/miis_broadcast_poyu/miis_broadcast/examples/basketball_1080p.mp4
INFO:root:[LiveCCWorker] Cleared cached video readers
INFO:TTS.DryRun:📥 [ENQUEUE P5] "Player 7 dribbles down the right side of the lane, guarded b…"
INFO:TTS.DryRun:▶ [SPEAK START] [14w ~3.5s] "Player 7 dribbles down the right side of the lane, guarded by Player .…"
INFO:google_genai.models:AFC is enabled with max remote calls: 10.
INFO:httpx:HTTP Request: POST https://generativelanguage.googleapis.com/v1beta/models/gemini-2.5-flash:streamGenerateContent?alt=sse "HTTP/1.1 200 OK"
INFO:TTS.DryRun:⚡ [INTERRUPT Path-1] interrupt_tts() called → _interrupt_event set
INFO:TTS.DryRun:📥 [ENQUEUE P3] "Player 7 drives hard down the right side, looking to create."
INFO:TTS.DryRun:⚡ [SPEAK INTERRUPTED 1.00s/3.5s (28%)] by Path-1 (priority signal / manual)
INFO:TTS.DryRun:   └─ was: "Player 7 dribbles down the right side of the lane, guarded by Player .…"
INFO:TTS.DryRun:▶ [SPEAK START] [11w ~2.8s] "Player 7 drives hard down the right side, looking to create."
INFO:TTS.DryRun:📥 [ENQUEUE P3] "Player 7 drives hard down the right side, looking to create."
INFO:TTS.DryRun:⚡ [SPEAK INTERRUPTED 0.05s/2.8s (1%)] by Path-2 (new text in queue)
INFO:TTS.DryRun:   └─ was: "Player 7 drives hard down the right side, looking to create."
INFO:TTS.DryRun:▶ [SPEAK START] [11w ~2.8s] "Player 7 drives hard down the right side, looking to create."
INFO:TTS.DryRun:📥 [ENQUEUE P5] "4. He takes his time, turns to ..."
INFO:google_genai.models:AFC is enabled with max remote calls: 10.
INFO:TTS.DryRun:⚡ [SPEAK INTERRUPTED 2.35s/2.8s (85%)] by Path-2 (new text in queue)
INFO:TTS.DryRun:   └─ was: "Player 7 drives hard down the right side, looking to create."
INFO:TTS.DryRun:▶ [SPEAK START] [8w ~2.0s] "4. He takes his time, turns to ..."
INFO:httpx:HTTP Request: POST https://generativelanguage.googleapis.com/v1beta/models/gemini-2.5-flash:streamGenerateContent?alt=sse "HTTP/1.1 200 OK"
INFO:TTS.DryRun:📥 [ENQUEUE P5] "the basket, gets around ..."
INFO:google_genai.models:AFC is enabled with max remote calls: 10.
INFO:TTS.DryRun:⚡ [SPEAK INTERRUPTED 1.85s/2.0s (92%)] by Path-2 (new text in queue)
INFO:TTS.DryRun:   └─ was: "4. He takes his time, turns to ..."
INFO:TTS.DryRun:▶ [SPEAK START] [5w ~1.2s] "the basket, gets around ..."
INFO:httpx:HTTP Request: POST https://generativelanguage.googleapis.com/v1beta/models/gemini-2.5-flash:streamGenerateContent?alt=sse "HTTP/1.1 200 OK"
INFO:TTS.DryRun:⚡ [INTERRUPT Path-1] interrupt_tts() called → _interrupt_event set
INFO:TTS.DryRun:⚡ [SPEAK INTERRUPTED 0.85s/1.2s (68%)] by Path-1 (priority signal / manual)
INFO:TTS.DryRun:   └─ was: "the basket, gets around ..."
INFO:TTS.DryRun:📥 [ENQUEUE P2] "And— He drives hard to the basket, trying to create space!"
INFO:TTS.DryRun:▶ [SPEAK START] [11w ~2.8s] "And— He drives hard to the basket, trying to create space!"
INFO:TTS.DryRun:📥 [ENQUEUE P2] "He drives hard to the basket, trying to create space!"
INFO:TTS.DryRun:⚡ [SPEAK INTERRUPTED 0.05s/2.8s (1%)] by Path-2 (new text in queue)
INFO:TTS.DryRun:   └─ was: "And— He drives hard to the basket, trying to create space!"
INFO:TTS.DryRun:▶ [SPEAK START] [10w ~2.5s] "He drives hard to the basket, trying to create space!"
INFO:TTS.DryRun:📥 [ENQUEUE P5] "his defender, and scores with ..."
INFO:google_genai.models:AFC is enabled with max remote calls: 10.
INFO:TTS.DryRun:⚡ [SPEAK INTERRUPTED 1.40s/2.5s (56%)] by Path-2 (new text in queue)
INFO:TTS.DryRun:   └─ was: "He drives hard to the basket, trying to create space!"
INFO:TTS.DryRun:▶ [SPEAK START] [6w ~1.5s] "his defender, and scores with ..."
INFO:httpx:HTTP Request: POST https://generativelanguage.googleapis.com/v1beta/models/gemini-2.5-flash:streamGenerateContent?alt=sse "HTTP/1.1 200 OK"
INFO:TTS.DryRun:⚡ [INTERRUPT Path-1] interrupt_tts() called → _interrupt_event set
INFO:TTS.DryRun:📥 [ENQUEUE P1] "Oh!— He beats his defender and scores with a smooth finish!"
INFO:TTS.DryRun:⚡ [SPEAK INTERRUPTED 0.85s/1.5s (56%)] by Path-1 (priority signal / manual)
INFO:TTS.DryRun:   └─ was: "his defender, and scores with ..."
INFO:TTS.DryRun:▶ [SPEAK START] [11w ~2.8s] "Oh!— He beats his defender and scores with a smooth finish!"
INFO:TTS.DryRun:📥 [ENQUEUE P1] "He beats his defender and scores with a smooth finish!"
INFO:TTS.DryRun:⚡ [SPEAK INTERRUPTED 0.05s/2.8s (1%)] by Path-2 (new text in queue)
INFO:TTS.DryRun:   └─ was: "Oh!— He beats his defender and scores with a smooth finish!"
INFO:TTS.DryRun:▶ [SPEAK START] [10w ~2.5s] "He beats his defender and scores with a smooth finish!"
INFO:TTS.DryRun:📥 [ENQUEUE P5] "a layup in one hand after an ..."
INFO:google_genai.models:AFC is enabled with max remote calls: 10.
INFO:TTS.DryRun:⚡ [SPEAK INTERRUPTED 1.30s/2.5s (52%)] by Path-2 (new text in queue)
INFO:TTS.DryRun:   └─ was: "He beats his defender and scores with a smooth finish!"
INFO:TTS.DryRun:▶ [SPEAK START] [8w ~2.0s] "a layup in one hand after an ..."
INFO:httpx:HTTP Request: POST https://generativelanguage.googleapis.com/v1beta/models/gemini-2.5-flash:streamGenerateContent?alt=sse "HTTP/1.1 200 OK"
INFO:TTS.DryRun:📥 [ENQUEUE P1] "A beautiful one-handed layup, good for two points!"
INFO:TTS.DryRun:📥 [ENQUEUE P1] "A beautiful one-handed layup, good for two points!"
INFO:TTS.DryRun:⚡ [SPEAK INTERRUPTED 0.65s/2.0s (32%)] by Path-2 (new text in queue)
INFO:TTS.DryRun:   └─ was: "a layup in one hand after an ..."
INFO:TTS.DryRun:▶ [SPEAK START] [8w ~2.0s] "A beautiful one-handed layup, good for two points!"
INFO:TTS.DryRun:📥 [ENQUEUE P5] "pass from Dwight Powell who was coming off of the bench for …"
INFO:google_genai.models:AFC is enabled with max remote calls: 10.
INFO:TTS.DryRun:⚡ [SPEAK INTERRUPTED 1.90s/2.0s (95%)] by Path-2 (new text in queue)
INFO:TTS.DryRun:   └─ was: "A beautiful one-handed layup, good for two points!"
INFO:TTS.DryRun:▶ [SPEAK START] [45w ~11.2s] "pass from Dwight Powell who was coming off of the bench for Dallas thi…"
INFO:httpx:HTTP Request: POST https://generativelanguage.googleapis.com/v1beta/models/gemini-2.5-flash:streamGenerateContent?alt=sse "HTTP/1.1 200 OK"
INFO:TTS.DryRun:📥 [ENQUEUE P5] "a pass from Dwight Powell ..."
INFO:TTS.DryRun:⚡ [SPEAK INTERRUPTED 0.85s/11.2s (7%)] by Path-2 (new text in queue)
INFO:TTS.DryRun:   └─ was: "pass from Dwight Powell who was coming off of the bench for Dallas thi…"
INFO:TTS.DryRun:▶ [SPEAK START] [6w ~1.5s] "a pass from Dwight Powell ..."
INFO:google_genai.models:AFC is enabled with max remote calls: 10.
INFO:httpx:HTTP Request: POST https://generativelanguage.googleapis.com/v1beta/models/gemini-2.5-flash:streamGenerateContent?alt=sse "HTTP/1.1 200 OK"
INFO:TTS.DryRun:✓ [SPEAK DONE 1.5s] "a pass from Dwight Powell ..."
INFO:TTS.DryRun:📥 [ENQUEUE P5] "who was coming off ..."
INFO:TTS.DryRun:▶ [SPEAK START] [5w ~1.2s] "who was coming off ..."
INFO:google_genai.models:AFC is enabled with max remote calls: 10.
INFO:httpx:HTTP Request: POST https://generativelanguage.googleapis.com/v1beta/models/gemini-2.5-flash:streamGenerateContent?alt=sse "HTTP/1.1 200 OK"
INFO:TTS.DryRun:✓ [SPEAK DONE 1.2s] "who was coming off ..."
INFO:TTS.DryRun:📥 [ENQUEUE P5] "of the bench for ..."
INFO:TTS.DryRun:▶ [SPEAK START] [5w ~1.2s] "of the bench for ..."
INFO:google_genai.models:AFC is enabled with max remote calls: 10.
INFO:httpx:HTTP Request: POST https://generativelanguage.googleapis.com/v1beta/models/gemini-2.5-flash:streamGenerateContent?alt=sse "HTTP/1.1 200 OK"
INFO:TTS.DryRun:✓ [SPEAK DONE 1.2s] "of the bench for ..."
INFO:TTS.DryRun:📥 [ENQUEUE P5] "Dallas this evening. ..."
INFO:TTS.DryRun:▶ [SPEAK START] [4w ~1.0s] "Dallas this evening. ..."
INFO:google_genai.models:AFC is enabled with max remote calls: 10.
INFO:httpx:HTTP Request: POST https://generativelanguage.googleapis.com/v1beta/models/gemini-2.5-flash:streamGenerateContent?alt=sse "HTTP/1.1 200 OK"
INFO:TTS.DryRun:✓ [SPEAK DONE 1.0s] "Dallas this evening. ..."
INFO:TTS.DryRun:📥 [ENQUEUE P5] "Minnesota's bench in the first quarter, which is something t…"
INFO:TTS.DryRun:▶ [SPEAK START] [106w ~26.5s] "Minnesota's bench in the first quarter, which is something that they h…"
INFO:google_genai.models:AFC is enabled with max remote calls: 10.
INFO:httpx:HTTP Request: POST https://generativelanguage.googleapis.com/v1beta/models/gemini-2.5-flash:streamGenerateContent?alt=sse "HTTP/1.1 200 OK"
INFO:TTS.DryRun:📥 [ENQUEUE P5] "a couple of games ago, I think they're going to be able to c…"
INFO:google_genai.models:AFC is enabled with max remote calls: 10.
INFO:TTS.DryRun:⚡ [SPEAK INTERRUPTED 3.05s/26.5s (11%)] by Path-2 (new text in queue)
INFO:TTS.DryRun:   └─ was: "Minnesota's bench in the first quarter, which is something that they h…"
INFO:TTS.DryRun:▶ [SPEAK START] [67w ~16.8s] "a couple of games ago, I think they're going to be able to continue to…"
INFO:TTS.DryRun:📥 [ENQUEUE P5] "Dorian Finney-Smith ..."
INFO:TTS.DryRun:⚡ [SPEAK INTERRUPTED 0.45s/16.8s (2%)] by Path-2 (new text in queue)
INFO:TTS.DryRun:   └─ was: "a couple of games ago, I think they're going to be able to continue to…"
INFO:TTS.DryRun:▶ [SPEAK START] [3w ~1.0s] "Dorian Finney-Smith ..."
INFO:httpx:HTTP Request: POST https://generativelanguage.googleapis.com/v1beta/models/gemini-2.5-flash:streamGenerateContent?alt=sse "HTTP/1.1 200 OK"
INFO:google_genai.models:AFC is enabled with max remote calls: 10.
INFO:TTS.DryRun:📥 [ENQUEUE P5] "for Dallas, who had come ..."
INFO:TTS.DryRun:⚡ [SPEAK INTERRUPTED 0.75s/1.0s (75%)] by Path-2 (new text in queue)
INFO:TTS.DryRun:   └─ was: "Dorian Finney-Smith ..."
INFO:TTS.DryRun:▶ [SPEAK START] [6w ~1.5s] "for Dallas, who had come ..."
INFO:httpx:HTTP Request: POST https://generativelanguage.googleapis.com/v1beta/models/gemini-2.5-flash:streamGenerateContent?alt=sse "HTTP/1.1 200 OK"
INFO:google_genai.models:AFC is enabled with max remote calls: 10.
INFO:TTS.DryRun:📥 [ENQUEUE P5] "off the bench tonight, ..."
INFO:TTS.DryRun:⚡ [SPEAK INTERRUPTED 0.60s/1.5s (40%)] by Path-2 (new text in queue)
INFO:TTS.DryRun:   └─ was: "for Dallas, who had come ..."
INFO:TTS.DryRun:▶ [SPEAK START] [5w ~1.2s] "off the bench tonight, ..."
INFO:httpx:HTTP Request: POST https://generativelanguage.googleapis.com/v1beta/models/gemini-2.5-flash:streamGenerateContent?alt=sse "HTTP/1.1 200 OK"
INFO:google_genai.models:AFC is enabled with max remote calls: 10.
INFO:TTS.DryRun:✓ [SPEAK DONE 1.2s] "off the bench tonight, ..."
INFO:TTS.DryRun:📥 [ENQUEUE P5] "and it is Vlade. ..."
INFO:TTS.DryRun:▶ [SPEAK START] [5w ~1.2s] "and it is Vlade. ..."
INFO:httpx:HTTP Request: POST https://generativelanguage.googleapis.com/v1beta/models/gemini-2.5-flash:streamGenerateContent?alt=sse "HTTP/1.1 200 OK"
INFO:google_genai.models:AFC is enabled with max remote calls: 10.
INFO:httpx:HTTP Request: POST https://generativelanguage.googleapis.com/v1beta/models/gemini-2.5-flash:streamGenerateContent?alt=sse "HTTP/1.1 200 OK"
INFO:TTS.DryRun:✓ [SPEAK DONE 1.2s] "and it is Vlade. ..."
INFO:TTS.DryRun:📥 [ENQUEUE P5] "And then we have an update on Luka. He will not play in this…"
INFO:TTS.DryRun:▶ [SPEAK START] [110w ~27.5s] "And then we have an update on Luka. He will not play in this one as we…"
INFO:google_genai.models:AFC is enabled with max remote calls: 10.
INFO:httpx:HTTP Request: POST https://generativelanguage.googleapis.com/v1beta/models/gemini-2.5-flash:streamGenerateContent?alt=sse "HTTP/1.1 200 OK"
INFO:TTS.DryRun:📥 [ENQUEUE P5] "Vlade Divac said before ..."
INFO:TTS.DryRun:⚡ [SPEAK INTERRUPTED 0.85s/27.5s (3%)] by Path-2 (new text in queue)
INFO:TTS.DryRun:   └─ was: "And then we have an update on Luka. He will not play in this one as we…"
INFO:TTS.DryRun:▶ [SPEAK START] [5w ~1.2s] "Vlade Divac said before ..."
INFO:google_genai.models:AFC is enabled with max remote calls: 10.
INFO:TTS.DryRun:📥 [ENQUEUE P5] "the game started tonight. ..."
INFO:TTS.DryRun:⚡ [SPEAK INTERRUPTED 0.45s/1.2s (36%)] by Path-2 (new text in queue)
INFO:TTS.DryRun:   └─ was: "Vlade Divac said before ..."
INFO:TTS.DryRun:▶ [SPEAK START] [5w ~1.2s] "the game started tonight. ..."
INFO:httpx:HTTP Request: POST https://generativelanguage.googleapis.com/v1beta/models/gemini-2.5-flash:streamGenerateContent?alt=sse "HTTP/1.1 200 OK"
INFO:google_genai.models:AFC is enabled with max remote calls: 10.
INFO:httpx:HTTP Request: POST https://generativelanguage.googleapis.com/v1beta/models/gemini-2.5-flash:streamGenerateContent?alt=sse "HTTP/1.1 200 OK"
INFO:TTS.DryRun:✓ [SPEAK DONE 1.2s] "the game started tonight. ..."
INFO:TTS.DryRun:📥 [ENQUEUE P5] "We need to make sure we put up 100 points ..."
INFO:TTS.DryRun:▶ [SPEAK START] [11w ~2.8s] "We need to make sure we put up 100 points ..."
INFO:google_genai.models:AFC is enabled with max remote calls: 10.
INFO:httpx:HTTP Request: POST https://generativelanguage.googleapis.com/v1beta/models/gemini-2.5-flash:streamGenerateContent?alt=sse "HTTP/1.1 200 OK"
INFO:TTS.DryRun:📥 [ENQUEUE P5] "on these Nuggets. Yeah, it seems like ..."
INFO:google_genai.models:AFC is enabled with max remote calls: 10.
INFO:TTS.DryRun:⚡ [SPEAK INTERRUPTED 1.95s/2.8s (70%)] by Path-2 (new text in queue)
INFO:TTS.DryRun:   └─ was: "We need to make sure we put up 100 points ..."
INFO:TTS.DryRun:▶ [SPEAK START] [8w ~2.0s] "on these Nuggets. Yeah, it seems like ..."
INFO:httpx:HTTP Request: POST https://generativelanguage.googleapis.com/v1beta/models/gemini-2.5-flash:streamGenerateContent?alt=sse "HTTP/1.1 200 OK"
INFO:TTS.DryRun:📥 [ENQUEUE P5] "like... Yeah, there were seven ..."
INFO:google_genai.models:AFC is enabled with max remote calls: 10.
INFO:TTS.DryRun:⚡ [SPEAK INTERRUPTED 1.95s/2.0s (97%)] by Path-2 (new text in queue)
INFO:TTS.DryRun:   └─ was: "on these Nuggets. Yeah, it seems like ..."
INFO:TTS.DryRun:▶ [SPEAK START] [6w ~1.5s] "like... Yeah, there were seven ..."
INFO:httpx:HTTP Request: POST https://generativelanguage.googleapis.com/v1beta/models/gemini-2.5-flash:streamGenerateContent?alt=sse "HTTP/1.1 200 OK"
INFO:TTS.DryRun:✓ [SPEAK DONE 1.5s] "like... Yeah, there were seven ..."
INFO:TTS.DryRun:📥 [ENQUEUE P5] "of them last night in the game against Portland that had an …"
INFO:TTS.DryRun:▶ [SPEAK START] [14w ~3.5s] "of them last night in the game against Portland that had an incredible…"
INFO:google_genai.models:AFC is enabled with max remote calls: 10.
INFO:httpx:HTTP Request: POST https://generativelanguage.googleapis.com/v1beta/models/gemini-2.5-flash:streamGenerateContent?alt=sse "HTTP/1.1 200 OK"
INFO:TTS.DryRun:📥 [ENQUEUE P5] "game as they've taken the lead ..."
INFO:google_genai.models:AFC is enabled with max remote calls: 10.
INFO:TTS.DryRun:⚡ [SPEAK INTERRUPTED 1.90s/3.5s (54%)] by Path-2 (new text in queue)
INFO:TTS.DryRun:   └─ was: "of them last night in the game against Portland that had an incredible…"
INFO:TTS.DryRun:▶ [SPEAK START] [7w ~1.8s] "game as they've taken the lead ..."
INFO:httpx:HTTP Request: POST https://generativelanguage.googleapis.com/v1beta/models/gemini-2.5-flash:streamGenerateContent?alt=sse "HTTP/1.1 200 OK"
INFO:TTS.DryRun:📥 [ENQUEUE P5] "here early. ..."
INFO:google_genai.models:AFC is enabled with max remote calls: 10.
INFO:TTS.DryRun:⚡ [SPEAK INTERRUPTED 1.75s/1.8s (100%)] by Path-2 (new text in queue)
INFO:TTS.DryRun:   └─ was: "game as they've taken the lead ..."
INFO:TTS.DryRun:▶ [SPEAK START] [3w ~1.0s] "here early. ..."
INFO:httpx:HTTP Request: POST https://generativelanguage.googleapis.com/v1beta/models/gemini-2.5-flash:streamGenerateContent?alt=sse "HTTP/1.1 200 OK"
INFO:TTS.DryRun:✓ [SPEAK DONE 1.0s] "here early. ..."
INFO:TTS.DryRun:📥 [ENQUEUE P5] "Luka gets inside and ..."
INFO:TTS.DryRun:▶ [SPEAK START] [5w ~1.2s] "Luka gets inside and ..."
INFO:google_genai.models:AFC is enabled with max remote calls: 10.
INFO:httpx:HTTP Request: POST https://generativelanguage.googleapis.com/v1beta/models/gemini-2.5-flash:streamGenerateContent?alt=sse "HTTP/1.1 200 OK"
INFO:TTS.DryRun:📥 [ENQUEUE P2] "Luka drives to the basket, looking to score!"
INFO:TTS.DryRun:📥 [ENQUEUE P2] "Luka drives to the basket, looking to score!"
INFO:TTS.DryRun:⚡ [SPEAK INTERRUPTED 0.95s/1.2s (76%)] by Path-2 (new text in queue)
INFO:TTS.DryRun:   └─ was: "Luka gets inside and ..."
INFO:TTS.DryRun:▶ [SPEAK START] [8w ~2.0s] "Luka drives to the basket, looking to score!"
INFO:root:[LiveCCWorker] Cleared cached video readers on stop request
INFO:TTS.DryRun:⚡ [INTERRUPT Path-1] interrupt_tts() called → _interrupt_event set
INFO:TTS.DryRun:⚡ [SPEAK INTERRUPTED 0.35s/2.0s (17%)] by Path-1 (priority signal / manual)
INFO:TTS.DryRun:   └─ was: "Luka drives to the basket, looking to score!"
INFO:TTS.DryRun:📥 [ENQUEUE P5] "rejected by Porter Jr., who's got some ..."
INFO:TTS.DryRun:▶ [SPEAK START] [8w ~2.0s] "rejected by Porter Jr., who's got some ..."
INFO:google_genai.models:AFC is enabled with max remote calls: 10.
INFO:root:[LiveCCWorker] Stop requested, breaking inference loop
INFO:root:[LiveCCWorker] LiveCC inference finished. Took 55.00 s
INFO:root:[LiveCCWorker] Cleared cached video readers after inference
INFO:httpx:HTTP Request: POST https://generativelanguage.googleapis.com/v1beta/models/gemini-2.5-flash:streamGenerateContent?alt=sse "HTTP/1.1 200 OK"
INFO:TTS.DryRun:⚡ [INTERRUPT Path-1] interrupt_tts() called → _interrupt_event set
INFO:TTS.DryRun:📥 [ENQUEUE P2] "And— Porter Jr. with the emphatic block!"
INFO:TTS.DryRun:⚡ [SPEAK INTERRUPTED 0.70s/2.0s (35%)] by Path-1 (priority signal / manual)
INFO:TTS.DryRun:   └─ was: "rejected by Porter Jr., who's got some ..."
INFO:TTS.DryRun:▶ [SPEAK START] [7w ~1.8s] "And— Porter Jr. with the emphatic block!"
INFO:TTS.DryRun:✓ [SPEAK DONE 1.8s] "And— Porter Jr. with the emphatic block!"
INFO:TTS.DryRun:============================================================
INFO:TTS.DryRun:[DRY-RUN] Mock TTS worker 啟動
INFO:TTS.DryRun:============================================================
INFO:TTS.DryRun:[DRY-RUN] Warmup 完成 (模擬)，開始監聽文字佇列
INFO:root:[GeminiBroadcaster] Gemini client initialized
INFO:root:[GeminiWorker] Ready
INFO:root:[LiveCCWorker] Start LiveCC inference on: /home/miislab-server5/Poyu/miis_broadcast_poyu/miis_broadcast/examples/basketball_1080p.mp4
INFO:root:[LiveCCWorker] Cleared cached video readers
WARNING:root:[LiveCC] Degenerate output skipped: 'No active play.'
INFO:TTS.DryRun:📥 [ENQUEUE P5] "16 for the Mavs ..."
INFO:TTS.DryRun:▶ [SPEAK START] [5w ~1.2s] "16 for the Mavs ..."
INFO:google_genai.models:AFC is enabled with max remote calls: 10.
INFO:httpx:HTTP Request: POST https://generativelanguage.googleapis.com/v1beta/models/gemini-2.5-flash:streamGenerateContent?alt=sse "HTTP/1.1 200 OK"
INFO:TTS.DryRun:✓ [SPEAK DONE 1.2s] "16 for the Mavs ..."
INFO:TTS.DryRun:📥 [ENQUEUE P5] "against Houston in their last meeting, ..."
INFO:TTS.DryRun:▶ [SPEAK START] [7w ~1.8s] "against Houston in their last meeting, ..."
INFO:google_genai.models:AFC is enabled with max remote calls: 10.
INFO:httpx:HTTP Request: POST https://generativelanguage.googleapis.com/v1beta/models/gemini-2.5-flash:streamGenerateContent?alt=sse "HTTP/1.1 200 OK"
INFO:TTS.DryRun:✓ [SPEAK DONE 1.8s] "against Houston in their last meeting, ..."
WARNING:root:[LiveCC] Degenerate output skipped: 'and it is a ...'
INFO:TTS.DryRun:📥 [ENQUEUE P5] "I think it was an inside out pass and ..."
INFO:TTS.DryRun:▶ [SPEAK START] [10w ~2.5s] "I think it was an inside out pass and ..."
INFO:google_genai.models:AFC is enabled with max remote calls: 10.
INFO:httpx:HTTP Request: POST https://generativelanguage.googleapis.com/v1beta/models/gemini-2.5-flash:streamGenerateContent?alt=sse "HTTP/1.1 200 OK"
INFO:TTS.DryRun:📥 [ENQUEUE P5] "they just ran the exact same play, but they're going to get …"
INFO:google_genai.models:AFC is enabled with max remote calls: 10.
INFO:TTS.DryRun:⚡ [SPEAK INTERRUPTED 2.45s/2.5s (97%)] by Path-2 (new text in queue)
INFO:TTS.DryRun:   └─ was: "I think it was an inside out pass and ..."
INFO:TTS.DryRun:▶ [SPEAK START] [13w ~3.2s] "they just ran the exact same play, but they're going to get ..."
INFO:httpx:HTTP Request: POST https://generativelanguage.googleapis.com/v1beta/models/gemini-2.5-flash:streamGenerateContent?alt=sse "HTTP/1.1 200 OK"
INFO:TTS.DryRun:📥 [ENQUEUE P5] "the lob again, ..."
INFO:google_genai.models:AFC is enabled with max remote calls: 10.
INFO:TTS.DryRun:⚡ [SPEAK INTERRUPTED 1.70s/3.2s (52%)] by Path-2 (new text in queue)
INFO:TTS.DryRun:   └─ was: "they just ran the exact same play, but they're going to get ..."
INFO:TTS.DryRun:▶ [SPEAK START] [4w ~1.0s] "the lob again, ..."
INFO:httpx:HTTP Request: POST https://generativelanguage.googleapis.com/v1beta/models/gemini-2.5-flash:streamGenerateContent?alt=sse "HTTP/1.1 200 OK"
INFO:TTS.DryRun:⚡ [INTERRUPT Path-1] interrupt_tts() called → _interrupt_event set
INFO:TTS.DryRun:📥 [ENQUEUE P3] "Another lob pass, looking to create an opportunity."
INFO:TTS.DryRun:⚡ [SPEAK INTERRUPTED 0.85s/1.0s (85%)] by Path-1 (priority signal / manual)
INFO:TTS.DryRun:   └─ was: "the lob again, ..."
INFO:TTS.DryRun:▶ [SPEAK START] [8w ~2.0s] "Another lob pass, looking to create an opportunity."
INFO:TTS.DryRun:📥 [ENQUEUE P5] "and I think this is how he's got ..."
INFO:google_genai.models:AFC is enabled with max remote calls: 10.
INFO:TTS.DryRun:⚡ [SPEAK INTERRUPTED 1.30s/2.0s (65%)] by Path-2 (new text in queue)
INFO:TTS.DryRun:   └─ was: "Another lob pass, looking to create an opportunity."
INFO:TTS.DryRun:▶ [SPEAK START] [9w ~2.2s] "and I think this is how he's got ..."
INFO:httpx:HTTP Request: POST https://generativelanguage.googleapis.com/v1beta/models/gemini-2.5-flash:streamGenerateContent?alt=sse "HTTP/1.1 200 OK"
INFO:TTS.DryRun:✓ [SPEAK DONE 2.2s] "and I think this is how he's got ..."
INFO:TTS.DryRun:📥 [ENQUEUE P5] "to do more of these plays. If you can make those ..."
INFO:TTS.DryRun:▶ [SPEAK START] [12w ~3.0s] "to do more of these plays. If you can make those ..."
INFO:google_genai.models:AFC is enabled with max remote calls: 10.
INFO:httpx:HTTP Request: POST https://generativelanguage.googleapis.com/v1beta/models/gemini-2.5-flash:streamGenerateContent?alt=sse "HTTP/1.1 200 OK"
INFO:TTS.DryRun:📥 [ENQUEUE P5] "lobs work for you as well, ..."
INFO:google_genai.models:AFC is enabled with max remote calls: 10.
INFO:TTS.DryRun:⚡ [SPEAK INTERRUPTED 1.70s/3.0s (56%)] by Path-2 (new text in queue)
INFO:TTS.DryRun:   └─ was: "to do more of these plays. If you can make those ..."
INFO:TTS.DryRun:▶ [SPEAK START] [7w ~1.8s] "lobs work for you as well, ..."
INFO:httpx:HTTP Request: POST https://generativelanguage.googleapis.com/v1beta/models/gemini-2.5-flash:streamGenerateContent?alt=sse "HTTP/1.1 200 OK"
INFO:TTS.DryRun:✓ [SPEAK DONE 1.8s] "lobs work for you as well, ..."
INFO:TTS.DryRun:📥 [ENQUEUE P5] "I mean, the lob has been one thing that they've had with him…"
INFO:TTS.DryRun:▶ [SPEAK START] [32w ~8.0s] "I mean, the lob has been one thing that they've had with him in his ca…"
INFO:google_genai.models:AFC is enabled with max remote calls: 10.
INFO:httpx:HTTP Request: POST https://generativelanguage.googleapis.com/v1beta/models/gemini-2.5-flash:streamGenerateContent?alt=sse "HTTP/1.1 200 OK"
INFO:TTS.DryRun:📥 [ENQUEUE P5] "to get going here on offense. Yeah, there ..."
INFO:google_genai.models:AFC is enabled with max remote calls: 10.
INFO:TTS.DryRun:⚡ [SPEAK INTERRUPTED 1.85s/8.0s (23%)] by Path-2 (new text in queue)
INFO:TTS.DryRun:   └─ was: "I mean, the lob has been one thing that they've had with him in his ca…"
INFO:TTS.DryRun:▶ [SPEAK START] [9w ~2.2s] "to get going here on offense. Yeah, there ..."
INFO:httpx:HTTP Request: POST https://generativelanguage.googleapis.com/v1beta/models/gemini-2.5-flash:streamGenerateContent?alt=sse "HTTP/1.1 200 OK"
INFO:TTS.DryRun:📥 [ENQUEUE P5] "you go. Look at that play. That was ..."
INFO:google_genai.models:AFC is enabled with max remote calls: 10.
INFO:TTS.DryRun:⚡ [SPEAK INTERRUPTED 2.05s/2.2s (91%)] by Path-2 (new text in queue)
INFO:TTS.DryRun:   └─ was: "to get going here on offense. Yeah, there ..."
INFO:TTS.DryRun:▶ [SPEAK START] [9w ~2.2s] "you go. Look at that play. That was ..."
INFO:httpx:HTTP Request: POST https://generativelanguage.googleapis.com/v1beta/models/gemini-2.5-flash:streamGenerateContent?alt=sse "HTTP/1.1 200 OK"
INFO:TTS.DryRun:📥 [ENQUEUE P5] "a good example. Good job by ..."
INFO:google_genai.models:AFC is enabled with max remote calls: 10.
INFO:TTS.DryRun:⚡ [SPEAK INTERRUPTED 2.05s/2.2s (91%)] by Path-2 (new text in queue)
INFO:TTS.DryRun:   └─ was: "you go. Look at that play. That was ..."
INFO:TTS.DryRun:▶ [SPEAK START] [7w ~1.8s] "a good example. Good job by ..."
INFO:httpx:HTTP Request: POST https://generativelanguage.googleapis.com/v1beta/models/gemini-2.5-flash:streamGenerateContent?alt=sse "HTTP/1.1 200 OK"
INFO:TTS.DryRun:✓ [SPEAK DONE 1.8s] "a good example. Good job by ..."
INFO:TTS.DryRun:📥 [ENQUEUE P5] "Zach Levine. What does he have ..."
INFO:TTS.DryRun:▶ [SPEAK START] [7w ~1.8s] "Zach Levine. What does he have ..."
INFO:google_genai.models:AFC is enabled with max remote calls: 10.
INFO:httpx:HTTP Request: POST https://generativelanguage.googleapis.com/v1beta/models/gemini-2.5-flash:streamGenerateContent?alt=sse "HTTP/1.1 200 OK"
INFO:TTS.DryRun:✓ [SPEAK DONE 1.8s] "Zach Levine. What does he have ..."
INFO:TTS.DryRun:📥 [ENQUEUE P5] "Luka, and it's the first lead of this game for Dallas. ..."
INFO:TTS.DryRun:▶ [SPEAK START] [12w ~3.0s] "Luka, and it's the first lead of this game for Dallas. ..."
INFO:google_genai.models:AFC is enabled with max remote calls: 10.
INFO:httpx:HTTP Request: POST https://generativelanguage.googleapis.com/v1beta/models/gemini-2.5-flash:streamGenerateContent?alt=sse "HTTP/1.1 200 OK"
INFO:TTS.DryRun:⚡ [INTERRUPT Path-1] interrupt_tts() called → _interrupt_event set
INFO:TTS.DryRun:📥 [ENQUEUE P1] "Oh!— Luka gives Dallas their first lead of the game!"
INFO:TTS.DryRun:⚡ [SPEAK INTERRUPTED 0.85s/3.0s (28%)] by Path-1 (priority signal / manual)
INFO:TTS.DryRun:   └─ was: "Luka, and it's the first lead of this game for Dallas. ..."
INFO:TTS.DryRun:▶ [SPEAK START] [10w ~2.5s] "Oh!— Luka gives Dallas their first lead of the game!"
INFO:TTS.DryRun:📥 [ENQUEUE P5] "to keep an eye on him now. He is such a ..."
INFO:google_genai.models:AFC is enabled with max remote calls: 10.
INFO:TTS.DryRun:⚡ [SPEAK INTERRUPTED 1.00s/2.5s (40%)] by Path-2 (new text in queue)
INFO:TTS.DryRun:   └─ was: "Oh!— Luka gives Dallas their first lead of the game!"
INFO:TTS.DryRun:▶ [SPEAK START] [12w ~3.0s] "to keep an eye on him now. He is such a ..."
INFO:httpx:HTTP Request: POST https://generativelanguage.googleapis.com/v1beta/models/gemini-2.5-flash:streamGenerateContent?alt=sse "HTTP/1.1 200 OK"
INFO:TTS.DryRun:📥 [ENQUEUE P5] "great passers in ..."
INFO:google_genai.models:AFC is enabled with max remote calls: 10.
INFO:TTS.DryRun:⚡ [SPEAK INTERRUPTED 1.85s/3.0s (61%)] by Path-2 (new text in queue)
INFO:TTS.DryRun:   └─ was: "to keep an eye on him now. He is such a ..."
INFO:TTS.DryRun:▶ [SPEAK START] [4w ~1.0s] "great passers in ..."
INFO:httpx:HTTP Request: POST https://generativelanguage.googleapis.com/v1beta/models/gemini-2.5-flash:streamGenerateContent?alt=sse "HTTP/1.1 200 OK"
INFO:TTS.DryRun:✓ [SPEAK DONE 1.0s] "great passers in ..."
INFO:TTS.DryRun:📥 [ENQUEUE P5] "the rim and scores with ..."
INFO:TTS.DryRun:▶ [SPEAK START] [6w ~1.5s] "the rim and scores with ..."
INFO:google_genai.models:AFC is enabled with max remote calls: 10.
INFO:httpx:HTTP Request: POST https://generativelanguage.googleapis.com/v1beta/models/gemini-2.5-flash:streamGenerateContent?alt=sse "HTTP/1.1 200 OK"
INFO:TTS.DryRun:📥 [ENQUEUE P1] "What a finish! They score with that incredible play."
INFO:TTS.DryRun:⚡ [SPEAK INTERRUPTED 0.85s/1.5s (56%)] by Path-2 (new text in queue)
INFO:TTS.DryRun:   └─ was: "the rim and scores with ..."
INFO:TTS.DryRun:▶ [SPEAK START] [9w ~2.2s] "What a finish! They score with that incredible play."
INFO:TTS.DryRun:📥 [ENQUEUE P5] "a beautiful little floater. ..."
INFO:google_genai.models:AFC is enabled with max remote calls: 10.
INFO:TTS.DryRun:⚡ [SPEAK INTERRUPTED 1.35s/2.2s (60%)] by Path-2 (new text in queue)
INFO:TTS.DryRun:   └─ was: "What a finish! They score with that incredible play."
INFO:TTS.DryRun:▶ [SPEAK START] [5w ~1.2s] "a beautiful little floater. ..."
INFO:httpx:HTTP Request: POST https://generativelanguage.googleapis.com/v1beta/models/gemini-2.5-flash:streamGenerateContent?alt=sse "HTTP/1.1 200 OK"
INFO:TTS.DryRun:📥 [ENQUEUE P1] "What a beautiful floater, soft touch!"
INFO:TTS.DryRun:⚡ [SPEAK INTERRUPTED 0.90s/1.2s (72%)] by Path-2 (new text in queue)
INFO:TTS.DryRun:   └─ was: "a beautiful little floater. ..."
INFO:TTS.DryRun:▶ [SPEAK START] [6w ~1.5s] "What a beautiful floater, soft touch!"
WARNING:root:[LiveCC] Degenerate output skipped: 'But ...'
INFO:TTS.DryRun:✓ [SPEAK DONE 1.5s] "What a beautiful floater, soft touch!"
INFO:TTS.DryRun:📥 [ENQUEUE P5] "Levine in the early going? ..."
INFO:TTS.DryRun:▶ [SPEAK START] [6w ~1.5s] "Levine in the early going? ..."
INFO:google_genai.models:AFC is enabled with max remote calls: 10.
INFO:httpx:HTTP Request: POST https://generativelanguage.googleapis.com/v1beta/models/gemini-2.5-flash:streamGenerateContent?alt=sse "HTTP/1.1 200 OK"
INFO:TTS.DryRun:✓ [SPEAK DONE 1.5s] "Levine in the early going? ..."
INFO:TTS.DryRun:📥 [ENQUEUE P5] "his... It's not just, though, is it? I mean, what we're doin…"
INFO:TTS.DryRun:▶ [SPEAK START] [16w ~4.0s] "his... It's not just, though, is it? I mean, what we're doing now and …"
INFO:google_genai.models:AFC is enabled with max remote calls: 10.
INFO:TTS.DryRun:⚡ [INTERRUPT Path-1] interrupt_tts() called → _interrupt_event set
INFO:root:[LiveCCWorker] Cleared cached video readers on stop request
INFO:TTS.DryRun:⚡ [SPEAK INTERRUPTED 0.35s/4.0s (8%)] by Path-1 (priority signal / manual)
INFO:TTS.DryRun:   └─ was: "his... It's not just, though, is it? I mean, what we're doing now and …"
INFO:root:[LiveCCWorker] Stop requested, breaking inference loop
INFO:root:[LiveCCWorker] LiveCC inference finished. Took 48.98 s
INFO:root:[LiveCCWorker] Cleared cached video readers after inference
INFO:httpx:HTTP Request: POST https://generativelanguage.googleapis.com/v1beta/models/gemini-2.5-flash:streamGenerateContent?alt=sse "HTTP/1.1 200 OK"
INFO:root:[GeminiBroadcaster] Gemini client initialized
INFO:root:[GeminiWorker] Ready
INFO:root:[LiveCCWorker] Start LiveCC inference on: /home/miislab-server5/Poyu/miis_broadcast_poyu/miis_broadcast/examples/vr_test/VR_basketball.mp4
INFO:root:[LiveCCWorker] Cleared cached video readers
INFO:google_genai.models:AFC is enabled with max remote calls: 10.
INFO:httpx:HTTP Request: POST https://generativelanguage.googleapis.com/v1beta/models/gemini-2.5-flash:streamGenerateContent?alt=sse "HTTP/1.1 200 OK"
INFO:google_genai.models:AFC is enabled with max remote calls: 10.
INFO:httpx:HTTP Request: POST https://generativelanguage.googleapis.com/v1beta/models/gemini-2.5-flash:streamGenerateContent?alt=sse "HTTP/1.1 200 OK"
INFO:google_genai.models:AFC is enabled with max remote calls: 10.
INFO:httpx:HTTP Request: POST https://generativelanguage.googleapis.com/v1beta/models/gemini-2.5-flash:streamGenerateContent?alt=sse "HTTP/1.1 200 OK"
INFO:google_genai.models:AFC is enabled with max remote calls: 10.
INFO:httpx:HTTP Request: POST https://generativelanguage.googleapis.com/v1beta/models/gemini-2.5-flash:streamGenerateContent?alt=sse "HTTP/1.1 200 OK"
INFO:google_genai.models:AFC is enabled with max remote calls: 10.
INFO:httpx:HTTP Request: POST https://generativelanguage.googleapis.com/v1beta/models/gemini-2.5-flash:streamGenerateContent?alt=sse "HTTP/1.1 200 OK"
INFO:root:[LiveCCWorker] Cleared cached video readers on stop request
INFO:google_genai.models:AFC is enabled with max remote calls: 10.
INFO:root:[LiveCCWorker] Stop requested, breaking inference loop
INFO:root:[LiveCCWorker] LiveCC inference finished. Took 13.75 s
INFO:root:[LiveCCWorker] Cleared cached video readers after inference
INFO:httpx:HTTP Request: POST https://generativelanguage.googleapis.com/v1beta/models/gemini-2.5-flash:streamGenerateContent?alt=sse "HTTP/1.1 200 OK"
INFO:root:[GeminiBroadcaster] Gemini client initialized
INFO:root:[GeminiWorker] Ready
INFO:root:[LiveCCWorker] Start LiveCC inference on: /home/miislab-server5/Poyu/miis_broadcast_poyu/miis_broadcast/examples/vr_test/VR_basketball.mp4
INFO:root:[LiveCCWorker] Cleared cached video readers
INFO:google_genai.models:AFC is enabled with max remote calls: 10.
INFO:httpx:HTTP Request: POST https://generativelanguage.googleapis.com/v1beta/models/gemini-2.5-flash:streamGenerateContent?alt=sse "HTTP/1.1 200 OK"
WARNING:root:[LiveCC] Degenerate output skipped: 'No active play ...'
INFO:google_genai.models:AFC is enabled with max remote calls: 10.
INFO:httpx:HTTP Request: POST https://generativelanguage.googleapis.com/v1beta/models/gemini-2.5-flash:streamGenerateContent?alt=sse "HTTP/1.1 200 OK"
INFO:google_genai.models:AFC is enabled with max remote calls: 10.
INFO:httpx:HTTP Request: POST https://generativelanguage.googleapis.com/v1beta/models/gemini-2.5-flash:streamGenerateContent?alt=sse "HTTP/1.1 200 OK"
INFO:google_genai.models:AFC is enabled with max remote calls: 10.
INFO:httpx:HTTP Request: POST https://generativelanguage.googleapis.com/v1beta/models/gemini-2.5-flash:streamGenerateContent?alt=sse "HTTP/1.1 200 OK"
INFO:google_genai.models:AFC is enabled with max remote calls: 10.
INFO:httpx:HTTP Request: POST https://generativelanguage.googleapis.com/v1beta/models/gemini-2.5-flash:streamGenerateContent?alt=sse "HTTP/1.1 200 OK"
INFO:google_genai.models:AFC is enabled with max remote calls: 10.
INFO:httpx:HTTP Request: POST https://generativelanguage.googleapis.com/v1beta/models/gemini-2.5-flash:streamGenerateContent?alt=sse "HTTP/1.1 200 OK"
INFO:google_genai.models:AFC is enabled with max remote calls: 10.
INFO:httpx:HTTP Request: POST https://generativelanguage.googleapis.com/v1beta/models/gemini-2.5-flash:streamGenerateContent?alt=sse "HTTP/1.1 200 OK"
INFO:google_genai.models:AFC is enabled with max remote calls: 10.
INFO:httpx:HTTP Request: POST https://generativelanguage.googleapis.com/v1beta/models/gemini-2.5-flash:streamGenerateContent?alt=sse "HTTP/1.1 200 OK"
INFO:google_genai.models:AFC is enabled with max remote calls: 10.
INFO:httpx:HTTP Request: POST https://generativelanguage.googleapis.com/v1beta/models/gemini-2.5-flash:streamGenerateContent?alt=sse "HTTP/1.1 200 OK"
INFO:google_genai.models:AFC is enabled with max remote calls: 10.
INFO:httpx:HTTP Request: POST https://generativelanguage.googleapis.com/v1beta/models/gemini-2.5-flash:streamGenerateContent?alt=sse "HTTP/1.1 200 OK"
INFO:google_genai.models:AFC is enabled with max remote calls: 10.
INFO:httpx:HTTP Request: POST https://generativelanguage.googleapis.com/v1beta/models/gemini-2.5-flash:streamGenerateContent?alt=sse "HTTP/1.1 200 OK"
INFO:google_genai.models:AFC is enabled with max remote calls: 10.
INFO:httpx:HTTP Request: POST https://generativelanguage.googleapis.com/v1beta/models/gemini-2.5-flash:streamGenerateContent?alt=sse "HTTP/1.1 200 OK"
INFO:google_genai.models:AFC is enabled with max remote calls: 10.
INFO:httpx:HTTP Request: POST https://generativelanguage.googleapis.com/v1beta/models/gemini-2.5-flash:streamGenerateContent?alt=sse "HTTP/1.1 200 OK"
INFO:root:[LiveCCWorker] Cleared cached video readers on stop request
INFO:root:[LiveCCWorker] Stop requested, breaking inference loop
INFO:root:[LiveCCWorker] LiveCC inference finished. Took 31.18 s
INFO:root:[LiveCCWorker] Cleared cached video readers after inference
INFO:root:[GeminiBroadcaster] Gemini client initialized